[2026-09-21 14:49:30] laravel.EMERGENCY: Unable to create configured logger. Using emergency logger. {"exception":"[object] (InvalidArgumentException(code: 0): Log [] is not defined. at /Volumes/OA-SSD-Flex/TheOAsis UG-Research Project Management System (v1.0)- Google Apps Script Backend Codes/laravel-app/vendor/laravel/framework/src/Illuminate/Log/LogManager.php:212)
[stacktrace]
#0 /Volumes/OA-SSD-Flex/TheOAsis UG-Research Project Management System (v1.0)- Google Apps Script Backend Codes/laravel-app/vendor/laravel/framework/src/Illuminate/Log/LogManager.php(137): Illuminate\\Log\\LogManager->resolve(NULL, NULL)
#1 /Volumes/OA-SSD-Flex/TheOAsis UG-Research Project Management System (v1.0)- Google Apps Script Backend Codes/laravel-app/vendor/laravel/framework/src/Illuminate/Log/LogManager.php(124): Illuminate\\Log\\LogManager->get(NULL)
#2 /Volumes/OA-SSD-Flex/TheOAsis UG-Research Project Management System (v1.0)- Google Apps Script Backend Codes/laravel-app/vendor/laravel/framework/src/Illuminate/Log/LogManager.php(681): Illuminate\\Log\\LogManager->driver()
#3 /Volumes/OA-SSD-Flex/TheOAsis UG-Research Project Management System (v1.0)- Google Apps Script Backend Codes/laravel-app/vendor/laravel/framework/src/Illuminate/Foundation/Exceptions/Handler.php(317): Illuminate\\Log\\LogManager->error('Unable to load ...', Array)
#4 /Volumes/OA-SSD-Flex/TheOAsis UG-Research Project Management System (v1.0)- Google Apps Script Backend Codes/laravel-app/vendor/laravel/framework/src/Illuminate/Foundation/Exceptions/Handler.php(278): Illuminate\\Foundation\\Exceptions\\Handler->reportThrowable(Object(Exception))
#5 /Volumes/OA-SSD-Flex/TheOAsis UG-Research Project Management System (v1.0)- Google Apps Script Backend Codes/laravel-app/vendor/laravel/framework/src/Illuminate/Foundation/Console/Kernel.php(523): Illuminate\\Foundation\\Exceptions\\Handler->report(Object(Exception))
#6 /Volumes/OA-SSD-Flex/TheOAsis UG-Research Project Management System (v1.0)- Google Apps Script Backend Codes/laravel-app/vendor/laravel/framework/src/Illuminate/Foundation/Console/Kernel.php(203): Illuminate\\Foundation\\Console\\Kernel->reportException(Object(Exception))
#7 /Volumes/OA-SSD-Flex/TheOAsis UG-Research Project Management System (v1.0)- Google Apps Script Backend Codes/laravel-app/artisan(35): Illuminate\\Foundation\\Console\\Kernel->handle(Object(Symfony\\Component\\Console\\Input\\ArgvInput), Object(Symfony\\Component\\Console\\Output\\ConsoleOutput))
#8 {main}
"} 
[2026-09-21 14:49:30] laravel.ERROR: Unable to load the "app" configuration file. {"exception":"[object] (Exception(code: 0): Unable to load the \"app\" configuration file. at /Volumes/OA-SSD-Flex/TheOAsis UG-Research Project Management System (v1.0)- Google Apps Script Backend Codes/laravel-app/vendor/laravel/framework/src/Illuminate/Foundation/Bootstrap/LoadConfiguration.php:66)
[stacktrace]
#0 /Volumes/OA-SSD-Flex/TheOAsis UG-Research Project Management System (v1.0)- Google Apps Script Backend Codes/laravel-app/vendor/laravel/framework/src/Illuminate/Foundation/Bootstrap/LoadConfiguration.php(39): Illuminate\\Foundation\\Bootstrap\\LoadConfiguration->loadConfigurationFiles(Object(Illuminate\\Foundation\\Application), Object(Illuminate\\Config\\Repository))
#1 /Volumes/OA-SSD-Flex/TheOAsis UG-Research Project Management System (v1.0)- Google Apps Script Backend Codes/laravel-app/vendor/laravel/framework/src/Illuminate/Foundation/Application.php(286): Illuminate\\Foundation\\Bootstrap\\LoadConfiguration->bootstrap(Object(Illuminate\\Foundation\\Application))
#2 /Volumes/OA-SSD-Flex/TheOAsis UG-Research Project Management System (v1.0)- Google Apps Script Backend Codes/laravel-app/vendor/laravel/framework/src/Illuminate/Foundation/Console/Kernel.php(447): Illuminate\\Foundation\\Application->bootstrapWith(Array)
#3 /Volumes/OA-SSD-Flex/TheOAsis UG-Research Project Management System (v1.0)- Google Apps Script Backend Codes/laravel-app/vendor/laravel/framework/src/Illuminate/Foundation/Console/Kernel.php(199): Illuminate\\Foundation\\Console\\Kernel->bootstrap()
#4 /Volumes/OA-SSD-Flex/TheOAsis UG-Research Project Management System (v1.0)- Google Apps Script Backend Codes/laravel-app/artisan(35): Illuminate\\Foundation\\Console\\Kernel->handle(Object(Symfony\\Component\\Console\\Input\\ArgvInput), Object(Symfony\\Component\\Console\\Output\\ConsoleOutput))
#5 {main}
"} 
[2026-09-21 14:49:54] laravel.EMERGENCY: Unable to create configured logger. Using emergency logger. {"exception":"[object] (InvalidArgumentException(code: 0): Log [] is not defined. at /Volumes/OA-SSD-Flex/TheOAsis UG-Research Project Management System (v1.0)- Google Apps Script Backend Codes/laravel-app/vendor/laravel/framework/src/Illuminate/Log/LogManager.php:212)
[stacktrace]
#0 /Volumes/OA-SSD-Flex/TheOAsis UG-Research Project Management System (v1.0)- Google Apps Script Backend Codes/laravel-app/vendor/laravel/framework/src/Illuminate/Log/LogManager.php(137): Illuminate\\Log\\LogManager->resolve(NULL, NULL)
#1 /Volumes/OA-SSD-Flex/TheOAsis UG-Research Project Management System (v1.0)- Google Apps Script Backend Codes/laravel-app/vendor/laravel/framework/src/Illuminate/Log/LogManager.php(124): Illuminate\\Log\\LogManager->get(NULL)
#2 /Volumes/OA-SSD-Flex/TheOAsis UG-Research Project Management System (v1.0)- Google Apps Script Backend Codes/laravel-app/vendor/laravel/framework/src/Illuminate/Log/LogManager.php(681): Illuminate\\Log\\LogManager->driver()
#3 /Volumes/OA-SSD-Flex/TheOAsis UG-Research Project Management System (v1.0)- Google Apps Script Backend Codes/laravel-app/vendor/laravel/framework/src/Illuminate/Foundation/Exceptions/Handler.php(317): Illuminate\\Log\\LogManager->error('Unable to load ...', Array)
#4 /Volumes/OA-SSD-Flex/TheOAsis UG-Research Project Management System (v1.0)- Google Apps Script Backend Codes/laravel-app/vendor/laravel/framework/src/Illuminate/Foundation/Exceptions/Handler.php(278): Illuminate\\Foundation\\Exceptions\\Handler->reportThrowable(Object(Exception))
#5 /Volumes/OA-SSD-Flex/TheOAsis UG-Research Project Management System (v1.0)- Google Apps Script Backend Codes/laravel-app/vendor/laravel/framework/src/Illuminate/Foundation/Console/Kernel.php(523): Illuminate\\Foundation\\Exceptions\\Handler->report(Object(Exception))
#6 /Volumes/OA-SSD-Flex/TheOAsis UG-Research Project Management System (v1.0)- Google Apps Script Backend Codes/laravel-app/vendor/laravel/framework/src/Illuminate/Foundation/Console/Kernel.php(203): Illuminate\\Foundation\\Console\\Kernel->reportException(Object(Exception))
#7 Command line code(1): Illuminate\\Foundation\\Console\\Kernel->handle(Object(Symfony\\Component\\Console\\Input\\ArgvInput), Object(Symfony\\Component\\Console\\Output\\ConsoleOutput))
#8 {main}
"} 
[2026-09-21 14:49:54] laravel.EMERGENCY: Unable to create configured logger. Using emergency logger. {"exception":"[object] (InvalidArgumentException(code: 0): Log [] is not defined. at /Volumes/OA-SSD-Flex/TheOAsis UG-Research Project Management System (v1.0)- Google Apps Script Backend Codes/laravel-app/vendor/laravel/framework/src/Illuminate/Log/LogManager.php:212)
[stacktrace]
#0 /Volumes/OA-SSD-Flex/TheOAsis UG-Research Project Management System (v1.0)- Google Apps Script Backend Codes/laravel-app/vendor/laravel/framework/src/Illuminate/Log/LogManager.php(137): Illuminate\\Log\\LogManager->resolve(NULL, NULL)
#1 /Volumes/OA-SSD-Flex/TheOAsis UG-Research Project Management System (v1.0)- Google Apps Script Backend Codes/laravel-app/vendor/laravel/framework/src/Illuminate/Log/LogManager.php(124): Illuminate\\Log\\LogManager->get(NULL)
#2 /Volumes/OA-SSD-Flex/TheOAsis UG-Research Project Management System (v1.0)- Google Apps Script Backend Codes/laravel-app/vendor/laravel/framework/src/Illuminate/Log/LogManager.php(681): Illuminate\\Log\\LogManager->driver()
#3 /Volumes/OA-SSD-Flex/TheOAsis UG-Research Project Management System (v1.0)- Google Apps Script Backend Codes/laravel-app/vendor/laravel/framework/src/Illuminate/Foundation/Exceptions/Handler.php(317): Illuminate\\Log\\LogManager->error('Unable to load ...', Array)
#4 /Volumes/OA-SSD-Flex/TheOAsis UG-Research Project Management System (v1.0)- Google Apps Script Backend Codes/laravel-app/vendor/laravel/framework/src/Illuminate/Foundation/Exceptions/Handler.php(278): Illuminate\\Foundation\\Exceptions\\Handler->reportThrowable(Object(Exception))
#5 /Volumes/OA-SSD-Flex/TheOAsis UG-Research Project Management System (v1.0)- Google Apps Script Backend Codes/laravel-app/vendor/laravel/framework/src/Illuminate/Foundation/Console/Kernel.php(523): Illuminate\\Foundation\\Exceptions\\Handler->report(Object(Exception))
#6 /Volumes/OA-SSD-Flex/TheOAsis UG-Research Project Management System (v1.0)- Google Apps Script Backend Codes/laravel-app/vendor/laravel/framework/src/Illuminate/Foundation/Console/Kernel.php(203): Illuminate\\Foundation\\Console\\Kernel->reportException(Object(Exception))
#7 Command line code(1): Illuminate\\Foundation\\Console\\Kernel->handle(Object(Symfony\\Component\\Console\\Input\\ArgvInput), Object(Symfony\\Component\\Console\\Output\\ConsoleOutput))
#8 {main}
"} 
[2026-09-21 14:49:54] laravel.ERROR: Unable to load the "app" configuration file. {"exception":"[object] (Exception(code: 0): Unable to load the \"app\" configuration file. at /Volumes/OA-SSD-Flex/TheOAsis UG-Research Project Management System (v1.0)- Google Apps Script Backend Codes/laravel-app/vendor/laravel/framework/src/Illuminate/Foundation/Bootstrap/LoadConfiguration.php:66)
[stacktrace]
#0 /Volumes/OA-SSD-Flex/TheOAsis UG-Research Project Management System (v1.0)- Google Apps Script Backend Codes/laravel-app/vendor/laravel/framework/src/Illuminate/Foundation/Bootstrap/LoadConfiguration.php(39): Illuminate\\Foundation\\Bootstrap\\LoadConfiguration->loadConfigurationFiles(Object(Illuminate\\Foundation\\Application), Object(Illuminate\\Config\\Repository))
#1 /Volumes/OA-SSD-Flex/TheOAsis UG-Research Project Management System (v1.0)- Google Apps Script Backend Codes/laravel-app/vendor/laravel/framework/src/Illuminate/Foundation/Application.php(286): Illuminate\\Foundation\\Bootstrap\\LoadConfiguration->bootstrap(Object(Illuminate\\Foundation\\Application))
#2 /Volumes/OA-SSD-Flex/TheOAsis UG-Research Project Management System (v1.0)- Google Apps Script Backend Codes/laravel-app/vendor/laravel/framework/src/Illuminate/Foundation/Console/Kernel.php(447): Illuminate\\Foundation\\Application->bootstrapWith(Array)
#3 /Volumes/OA-SSD-Flex/TheOAsis UG-Research Project Management System (v1.0)- Google Apps Script Backend Codes/laravel-app/vendor/laravel/framework/src/Illuminate/Foundation/Console/Kernel.php(199): Illuminate\\Foundation\\Console\\Kernel->bootstrap()
#4 Command line code(1): Illuminate\\Foundation\\Console\\Kernel->handle(Object(Symfony\\Component\\Console\\Input\\ArgvInput), Object(Symfony\\Component\\Console\\Output\\ConsoleOutput))
#5 {main}
"} 
[2026-09-21 14:49:54] laravel.ERROR: Unable to load the "app" configuration file. {"exception":"[object] (Exception(code: 0): Unable to load the \"app\" configuration file. at /Volumes/OA-SSD-Flex/TheOAsis UG-Research Project Management System (v1.0)- Google Apps Script Backend Codes/laravel-app/vendor/laravel/framework/src/Illuminate/Foundation/Bootstrap/LoadConfiguration.php:66)
[stacktrace]
#0 /Volumes/OA-SSD-Flex/TheOAsis UG-Research Project Management System (v1.0)- Google Apps Script Backend Codes/laravel-app/vendor/laravel/framework/src/Illuminate/Foundation/Bootstrap/LoadConfiguration.php(39): Illuminate\\Foundation\\Bootstrap\\LoadConfiguration->loadConfigurationFiles(Object(Illuminate\\Foundation\\Application), Object(Illuminate\\Config\\Repository))
#1 /Volumes/OA-SSD-Flex/TheOAsis UG-Research Project Management System (v1.0)- Google Apps Script Backend Codes/laravel-app/vendor/laravel/framework/src/Illuminate/Foundation/Application.php(286): Illuminate\\Foundation\\Bootstrap\\LoadConfiguration->bootstrap(Object(Illuminate\\Foundation\\Application))
#2 /Volumes/OA-SSD-Flex/TheOAsis UG-Research Project Management System (v1.0)- Google Apps Script Backend Codes/laravel-app/vendor/laravel/framework/src/Illuminate/Foundation/Console/Kernel.php(447): Illuminate\\Foundation\\Application->bootstrapWith(Array)
#3 /Volumes/OA-SSD-Flex/TheOAsis UG-Research Project Management System (v1.0)- Google Apps Script Backend Codes/laravel-app/vendor/laravel/framework/src/Illuminate/Foundation/Console/Kernel.php(199): Illuminate\\Foundation\\Console\\Kernel->bootstrap()
#4 Command line code(1): Illuminate\\Foundation\\Console\\Kernel->handle(Object(Symfony\\Component\\Console\\Input\\ArgvInput), Object(Symfony\\Component\\Console\\Output\\ConsoleOutput))
#5 {main}
"} 
[2026-09-21 14:50:04] local.ERROR: The /Volumes/OA-SSD-Flex/TheOAsis UG-Research Project Management System (v1.0)- Google Apps Script Backend Codes/laravel-app/bootstrap/cache directory must be present and writable. {"exception":"[object] (Exception(code: 0): The /Volumes/OA-SSD-Flex/TheOAsis UG-Research Project Management System (v1.0)- Google Apps Script Backend Codes/laravel-app/bootstrap/cache directory must be present and writable. at /Volumes/OA-SSD-Flex/TheOAsis UG-Research Project Management System (v1.0)- Google Apps Script Backend Codes/laravel-app/vendor/laravel/framework/src/Illuminate/Foundation/PackageManifest.php:178)
[stacktrace]
#0 /Volumes/OA-SSD-Flex/TheOAsis UG-Research Project Management System (v1.0)- Google Apps Script Backend Codes/laravel-app/vendor/laravel/framework/src/Illuminate/Foundation/PackageManifest.php(131): Illuminate\\Foundation\\PackageManifest->write(Array)
#1 /Volumes/OA-SSD-Flex/TheOAsis UG-Research Project Management System (v1.0)- Google Apps Script Backend Codes/laravel-app/vendor/laravel/framework/src/Illuminate/Foundation/PackageManifest.php(107): Illuminate\\Foundation\\PackageManifest->build()
#2 /Volumes/OA-SSD-Flex/TheOAsis UG-Research Project Management System (v1.0)- Google Apps Script Backend Codes/laravel-app/vendor/laravel/framework/src/Illuminate/Foundation/PackageManifest.php(90): Illuminate\\Foundation\\PackageManifest->getManifest()
#3 /Volumes/OA-SSD-Flex/TheOAsis UG-Research Project Management System (v1.0)- Google Apps Script Backend Codes/laravel-app/vendor/laravel/framework/src/Illuminate/Foundation/PackageManifest.php(79): Illuminate\\Foundation\\PackageManifest->config('aliases')
#4 /Volumes/OA-SSD-Flex/TheOAsis UG-Research Project Management System (v1.0)- Google Apps Script Backend Codes/laravel-app/vendor/laravel/framework/src/Illuminate/Foundation/Bootstrap/RegisterFacades.php(26): Illuminate\\Foundation\\PackageManifest->aliases()
#5 /Volumes/OA-SSD-Flex/TheOAsis UG-Research Project Management System (v1.0)- Google Apps Script Backend Codes/laravel-app/vendor/laravel/framework/src/Illuminate/Foundation/Application.php(286): Illuminate\\Foundation\\Bootstrap\\RegisterFacades->bootstrap(Object(Illuminate\\Foundation\\Application))
#6 /Volumes/OA-SSD-Flex/TheOAsis UG-Research Project Management System (v1.0)- Google Apps Script Backend Codes/laravel-app/vendor/laravel/framework/src/Illuminate/Foundation/Console/Kernel.php(447): Illuminate\\Foundation\\Application->bootstrapWith(Array)
#7 /Volumes/OA-SSD-Flex/TheOAsis UG-Research Project Management System (v1.0)- Google Apps Script Backend Codes/laravel-app/vendor/laravel/framework/src/Illuminate/Foundation/Console/Kernel.php(199): Illuminate\\Foundation\\Console\\Kernel->bootstrap()
#8 /Volumes/OA-SSD-Flex/TheOAsis UG-Research Project Management System (v1.0)- Google Apps Script Backend Codes/laravel-app/artisan(35): Illuminate\\Foundation\\Console\\Kernel->handle(Object(Symfony\\Component\\Console\\Input\\ArgvInput), Object(Symfony\\Component\\Console\\Output\\ConsoleOutput))
#9 {main}
"} 
[2026-09-21 14:50:08] local.ERROR: Class "App\Providers\AppServiceProvider" not found {"exception":"[object] (Error(code: 0): Class \"App\\Providers\\AppServiceProvider\" not found at /Volumes/OA-SSD-Flex/TheOAsis UG-Research Project Management System (v1.0)- Google Apps Script Backend Codes/laravel-app/vendor/laravel/framework/src/Illuminate/Foundation/ProviderRepository.php:206)
[stacktrace]
#0 /Volumes/OA-SSD-Flex/TheOAsis UG-Research Project Management System (v1.0)- Google Apps Script Backend Codes/laravel-app/vendor/laravel/framework/src/Illuminate/Foundation/ProviderRepository.php(142): Illuminate\\Foundation\\ProviderRepository->createProvider('App\\\\Providers\\\\A...')
#1 /Volumes/OA-SSD-Flex/TheOAsis UG-Research Project Management System (v1.0)- Google Apps Script Backend Codes/laravel-app/vendor/laravel/framework/src/Illuminate/Foundation/ProviderRepository.php(61): Illuminate\\Foundation\\ProviderRepository->compileManifest(Array)
#2 /Volumes/OA-SSD-Flex/TheOAsis UG-Research Project Management System (v1.0)- Google Apps Script Backend Codes/laravel-app/vendor/laravel/framework/src/Illuminate/Foundation/Application.php(794): Illuminate\\Foundation\\ProviderRepository->load(Array)
#3 /Volumes/OA-SSD-Flex/TheOAsis UG-Research Project Management System (v1.0)- Google Apps Script Backend Codes/laravel-app/vendor/laravel/framework/src/Illuminate/Foundation/Bootstrap/RegisterProviders.php(17): Illuminate\\Foundation\\Application->registerConfiguredProviders()
#4 /Volumes/OA-SSD-Flex/TheOAsis UG-Research Project Management System (v1.0)- Google Apps Script Backend Codes/laravel-app/vendor/laravel/framework/src/Illuminate/Foundation/Application.php(286): Illuminate\\Foundation\\Bootstrap\\RegisterProviders->bootstrap(Object(Illuminate\\Foundation\\Application))
#5 /Volumes/OA-SSD-Flex/TheOAsis UG-Research Project Management System (v1.0)- Google Apps Script Backend Codes/laravel-app/vendor/laravel/framework/src/Illuminate/Foundation/Console/Kernel.php(447): Illuminate\\Foundation\\Application->bootstrapWith(Array)
#6 /Volumes/OA-SSD-Flex/TheOAsis UG-Research Project Management System (v1.0)- Google Apps Script Backend Codes/laravel-app/vendor/laravel/framework/src/Illuminate/Foundation/Console/Kernel.php(199): Illuminate\\Foundation\\Console\\Kernel->bootstrap()
#7 /Volumes/OA-SSD-Flex/TheOAsis UG-Research Project Management System (v1.0)- Google Apps Script Backend Codes/laravel-app/artisan(35): Illuminate\\Foundation\\Console\\Kernel->handle(Object(Symfony\\Component\\Console\\Input\\ArgvInput), Object(Symfony\\Component\\Console\\Output\\ConsoleOutput))
#8 {main}
"} 
[2026-09-21 14:50:09] local.ERROR: Class "App\Providers\AppServiceProvider" not found {"exception":"[object] (Error(code: 0): Class \"App\\Providers\\AppServiceProvider\" not found at /Volumes/OA-SSD-Flex/TheOAsis UG-Research Project Management System (v1.0)- Google Apps Script Backend Codes/laravel-app/vendor/laravel/framework/src/Illuminate/Foundation/ProviderRepository.php:206)
[stacktrace]
#0 /Volumes/OA-SSD-Flex/TheOAsis UG-Research Project Management System (v1.0)- Google Apps Script Backend Codes/laravel-app/vendor/laravel/framework/src/Illuminate/Foundation/ProviderRepository.php(142): Illuminate\\Foundation\\ProviderRepository->createProvider('App\\\\Providers\\\\A...')
#1 /Volumes/OA-SSD-Flex/TheOAsis UG-Research Project Management System (v1.0)- Google Apps Script Backend Codes/laravel-app/vendor/laravel/framework/src/Illuminate/Foundation/ProviderRepository.php(61): Illuminate\\Foundation\\ProviderRepository->compileManifest(Array)
#2 /Volumes/OA-SSD-Flex/TheOAsis UG-Research Project Management System (v1.0)- Google Apps Script Backend Codes/laravel-app/vendor/laravel/framework/src/Illuminate/Foundation/Application.php(794): Illuminate\\Foundation\\ProviderRepository->load(Array)
#3 /Volumes/OA-SSD-Flex/TheOAsis UG-Research Project Management System (v1.0)- Google Apps Script Backend Codes/laravel-app/vendor/laravel/framework/src/Illuminate/Foundation/Bootstrap/RegisterProviders.php(17): Illuminate\\Foundation\\Application->registerConfiguredProviders()
#4 /Volumes/OA-SSD-Flex/TheOAsis UG-Research Project Management System (v1.0)- Google Apps Script Backend Codes/laravel-app/vendor/laravel/framework/src/Illuminate/Foundation/Application.php(286): Illuminate\\Foundation\\Bootstrap\\RegisterProviders->bootstrap(Object(Illuminate\\Foundation\\Application))
#5 /Volumes/OA-SSD-Flex/TheOAsis UG-Research Project Management System (v1.0)- Google Apps Script Backend Codes/laravel-app/vendor/laravel/framework/src/Illuminate/Foundation/Console/Kernel.php(447): Illuminate\\Foundation\\Application->bootstrapWith(Array)
#6 /Volumes/OA-SSD-Flex/TheOAsis UG-Research Project Management System (v1.0)- Google Apps Script Backend Codes/laravel-app/vendor/laravel/framework/src/Illuminate/Foundation/Console/Kernel.php(199): Illuminate\\Foundation\\Console\\Kernel->bootstrap()
#7 Command line code(1): Illuminate\\Foundation\\Console\\Kernel->handle(Object(Symfony\\Component\\Console\\Input\\ArgvInput), Object(Symfony\\Component\\Console\\Output\\ConsoleOutput))
#8 {main}
"} 
[2026-09-21 14:50:19] local.ERROR: The provided cwd "/Volumes/OA-SSD-Flex/TheOAsis UG-Research Project Management System (v1.0)- Google Apps Script Backend Codes/laravel-app/public" does not exist. {"exception":"[object] (Symfony\\Component\\Process\\Exception\\RuntimeException(code: 0): The provided cwd \"/Volumes/OA-SSD-Flex/TheOAsis UG-Research Project Management System (v1.0)- Google Apps Script Backend Codes/laravel-app/public\" does not exist. at /Volumes/OA-SSD-Flex/TheOAsis UG-Research Project Management System (v1.0)- Google Apps Script Backend Codes/laravel-app/vendor/symfony/process/Process.php:346)
[stacktrace]
#0 /Volumes/OA-SSD-Flex/TheOAsis UG-Research Project Management System (v1.0)- Google Apps Script Backend Codes/laravel-app/vendor/laravel/framework/src/Illuminate/Foundation/Console/ServeCommand.php(154): Symfony\\Component\\Process\\Process->start(Object(Closure))
#1 /Volumes/OA-SSD-Flex/TheOAsis UG-Research Project Management System (v1.0)- Google Apps Script Backend Codes/laravel-app/vendor/laravel/framework/src/Illuminate/Foundation/Console/ServeCommand.php(93): Illuminate\\Foundation\\Console\\ServeCommand->startProcess(true)
#2 /Volumes/OA-SSD-Flex/TheOAsis UG-Research Project Management System (v1.0)- Google Apps Script Backend Codes/laravel-app/vendor/laravel/framework/src/Illuminate/Container/BoundMethod.php(36): Illuminate\\Foundation\\Console\\ServeCommand->handle()
#3 /Volumes/OA-SSD-Flex/TheOAsis UG-Research Project Management System (v1.0)- Google Apps Script Backend Codes/laravel-app/vendor/laravel/framework/src/Illuminate/Container/Util.php(41): Illuminate\\Container\\BoundMethod::{closure:Illuminate\\Container\\BoundMethod::call():35}()
#4 /Volumes/OA-SSD-Flex/TheOAsis UG-Research Project Management System (v1.0)- Google Apps Script Backend Codes/laravel-app/vendor/laravel/framework/src/Illuminate/Container/BoundMethod.php(93): Illuminate\\Container\\Util::unwrapIfClosure(Object(Closure))
#5 /Volumes/OA-SSD-Flex/TheOAsis UG-Research Project Management System (v1.0)- Google Apps Script Backend Codes/laravel-app/vendor/laravel/framework/src/Illuminate/Container/BoundMethod.php(35): Illuminate\\Container\\BoundMethod::callBoundMethod(Object(Illuminate\\Foundation\\Application), Array, Object(Closure))
#6 /Volumes/OA-SSD-Flex/TheOAsis UG-Research Project Management System (v1.0)- Google Apps Script Backend Codes/laravel-app/vendor/laravel/framework/src/Illuminate/Container/Container.php(662): Illuminate\\Container\\BoundMethod::call(Object(Illuminate\\Foundation\\Application), Array, Array, NULL)
#7 /Volumes/OA-SSD-Flex/TheOAsis UG-Research Project Management System (v1.0)- Google Apps Script Backend Codes/laravel-app/vendor/laravel/framework/src/Illuminate/Console/Command.php(211): Illuminate\\Container\\Container->call(Array)
#8 /Volumes/OA-SSD-Flex/TheOAsis UG-Research Project Management System (v1.0)- Google Apps Script Backend Codes/laravel-app/vendor/symfony/console/Command/Command.php(326): Illuminate\\Console\\Command->execute(Object(Symfony\\Component\\Console\\Input\\ArgvInput), Object(Illuminate\\Console\\OutputStyle))
#9 /Volumes/OA-SSD-Flex/TheOAsis UG-Research Project Management System (v1.0)- Google Apps Script Backend Codes/laravel-app/vendor/laravel/framework/src/Illuminate/Console/Command.php(180): Symfony\\Component\\Console\\Command\\Command->run(Object(Symfony\\Component\\Console\\Input\\ArgvInput), Object(Illuminate\\Console\\OutputStyle))
#10 /Volumes/OA-SSD-Flex/TheOAsis UG-Research Project Management System (v1.0)- Google Apps Script Backend Codes/laravel-app/vendor/symfony/console/Application.php(1121): Illuminate\\Console\\Command->run(Object(Symfony\\Component\\Console\\Input\\ArgvInput), Object(Symfony\\Component\\Console\\Output\\ConsoleOutput))
#11 /Volumes/OA-SSD-Flex/TheOAsis UG-Research Project Management System (v1.0)- Google Apps Script Backend Codes/laravel-app/vendor/symfony/console/Application.php(324): Symfony\\Component\\Console\\Application->doRunCommand(Object(Illuminate\\Foundation\\Console\\ServeCommand), Object(Symfony\\Component\\Console\\Input\\ArgvInput), Object(Symfony\\Component\\Console\\Output\\ConsoleOutput))
#12 /Volumes/OA-SSD-Flex/TheOAsis UG-Research Project Management System (v1.0)- Google Apps Script Backend Codes/laravel-app/vendor/symfony/console/Application.php(175): Symfony\\Component\\Console\\Application->doRun(Object(Symfony\\Component\\Console\\Input\\ArgvInput), Object(Symfony\\Component\\Console\\Output\\ConsoleOutput))
#13 /Volumes/OA-SSD-Flex/TheOAsis UG-Research Project Management System (v1.0)- Google Apps Script Backend Codes/laravel-app/vendor/laravel/framework/src/Illuminate/Foundation/Console/Kernel.php(201): Symfony\\Component\\Console\\Application->run(Object(Symfony\\Component\\Console\\Input\\ArgvInput), Object(Symfony\\Component\\Console\\Output\\ConsoleOutput))
#14 /Volumes/OA-SSD-Flex/TheOAsis UG-Research Project Management System (v1.0)- Google Apps Script Backend Codes/laravel-app/artisan(35): Illuminate\\Foundation\\Console\\Kernel->handle(Object(Symfony\\Component\\Console\\Input\\ArgvInput), Object(Symfony\\Component\\Console\\Output\\ConsoleOutput))
#15 {main}
"} 
[2026-09-21 14:54:34] local.ERROR: View [index] not found. {"exception":"[object] (InvalidArgumentException(code: 0): View [index] not found. at /Volumes/OA-SSD-Flex/TheOAsis UG-Research Project Management System (v1.0)- Google Apps Script Backend Codes/laravel-app/vendor/laravel/framework/src/Illuminate/View/FileViewFinder.php:137)
[stacktrace]
#0 /Volumes/OA-SSD-Flex/TheOAsis UG-Research Project Management System (v1.0)- Google Apps Script Backend Codes/laravel-app/vendor/laravel/framework/src/Illuminate/View/FileViewFinder.php(79): Illuminate\\View\\FileViewFinder->findInPaths('index', Array)
#1 /Volumes/OA-SSD-Flex/TheOAsis UG-Research Project Management System (v1.0)- Google Apps Script Backend Codes/laravel-app/vendor/laravel/framework/src/Illuminate/View/Factory.php(137): Illuminate\\View\\FileViewFinder->find('index')
#2 /Volumes/OA-SSD-Flex/TheOAsis UG-Research Project Management System (v1.0)- Google Apps Script Backend Codes/laravel-app/vendor/laravel/framework/src/Illuminate/Foundation/helpers.php(1020): Illuminate\\View\\Factory->make('index', Array, Array)
#3 /Volumes/OA-SSD-Flex/TheOAsis UG-Research Project Management System (v1.0)- Google Apps Script Backend Codes/laravel-app/routes/web.php(17): view('index')
#4 /Volumes/OA-SSD-Flex/TheOAsis UG-Research Project Management System (v1.0)- Google Apps Script Backend Codes/laravel-app/vendor/laravel/framework/src/Illuminate/Routing/CallableDispatcher.php(40): Illuminate\\Routing\\RouteFileRegistrar->{closure:/Volumes/OA-SSD-Flex/TheOAsis UG-Research Project Management System (v1.0)- Google Apps Script Backend Codes/laravel-app/routes/web.php:16}()
#5 /Volumes/OA-SSD-Flex/TheOAsis UG-Research Project Management System (v1.0)- Google Apps Script Backend Codes/laravel-app/vendor/laravel/framework/src/Illuminate/Routing/Route.php(237): Illuminate\\Routing\\CallableDispatcher->dispatch(Object(Illuminate\\Routing\\Route), Object(Closure))
#6 /Volumes/OA-SSD-Flex/TheOAsis UG-Research Project Management System (v1.0)- Google Apps Script Backend Codes/laravel-app/vendor/laravel/framework/src/Illuminate/Routing/Route.php(208): Illuminate\\Routing\\Route->runCallable()
#7 /Volumes/OA-SSD-Flex/TheOAsis UG-Research Project Management System (v1.0)- Google Apps Script Backend Codes/laravel-app/vendor/laravel/framework/src/Illuminate/Routing/Router.php(806): Illuminate\\Routing\\Route->run()
#8 /Volumes/OA-SSD-Flex/TheOAsis UG-Research Project Management System (v1.0)- Google Apps Script Backend Codes/laravel-app/vendor/laravel/framework/src/Illuminate/Pipeline/Pipeline.php(144): Illuminate\\Routing\\Router->{closure:Illuminate\\Routing\\Router::runRouteWithinStack():805}(Object(Illuminate\\Http\\Request))
#9 /Volumes/OA-SSD-Flex/TheOAsis UG-Research Project Management System (v1.0)- Google Apps Script Backend Codes/laravel-app/vendor/laravel/framework/src/Illuminate/Routing/Middleware/SubstituteBindings.php(50): Illuminate\\Pipeline\\Pipeline->{closure:Illuminate\\Pipeline\\Pipeline::prepareDestination():142}(Object(Illuminate\\Http\\Request))
#10 /Volumes/OA-SSD-Flex/TheOAsis UG-Research Project Management System (v1.0)- Google Apps Script Backend Codes/laravel-app/vendor/laravel/framework/src/Illuminate/Pipeline/Pipeline.php(183): Illuminate\\Routing\\Middleware\\SubstituteBindings->handle(Object(Illuminate\\Http\\Request), Object(Closure))
#11 /Volumes/OA-SSD-Flex/TheOAsis UG-Research Project Management System (v1.0)- Google Apps Script Backend Codes/laravel-app/vendor/laravel/framework/src/Illuminate/Foundation/Http/Middleware/VerifyCsrfToken.php(78): Illuminate\\Pipeline\\Pipeline->{closure:{closure:Illuminate\\Pipeline\\Pipeline::carry():158}:159}(Object(Illuminate\\Http\\Request))
#12 /Volumes/OA-SSD-Flex/TheOAsis UG-Research Project Management System (v1.0)- Google Apps Script Backend Codes/laravel-app/vendor/laravel/framework/src/Illuminate/Pipeline/Pipeline.php(183): Illuminate\\Foundation\\Http\\Middleware\\VerifyCsrfToken->handle(Object(Illuminate\\Http\\Request), Object(Closure))
#13 /Volumes/OA-SSD-Flex/TheOAsis UG-Research Project Management System (v1.0)- Google Apps Script Backend Codes/laravel-app/vendor/laravel/framework/src/Illuminate/View/Middleware/ShareErrorsFromSession.php(49): Illuminate\\Pipeline\\Pipeline->{closure:{closure:Illuminate\\Pipeline\\Pipeline::carry():158}:159}(Object(Illuminate\\Http\\Request))
#14 /Volumes/OA-SSD-Flex/TheOAsis UG-Research Project Management System (v1.0)- Google Apps Script Backend Codes/laravel-app/vendor/laravel/framework/src/Illuminate/Pipeline/Pipeline.php(183): Illuminate\\View\\Middleware\\ShareErrorsFromSession->handle(Object(Illuminate\\Http\\Request), Object(Closure))
#15 /Volumes/OA-SSD-Flex/TheOAsis UG-Research Project Management System (v1.0)- Google Apps Script Backend Codes/laravel-app/vendor/laravel/framework/src/Illuminate/Session/Middleware/StartSession.php(121): Illuminate\\Pipeline\\Pipeline->{closure:{closure:Illuminate\\Pipeline\\Pipeline::carry():158}:159}(Object(Illuminate\\Http\\Request))
#16 /Volumes/OA-SSD-Flex/TheOAsis UG-Research Project Management System (v1.0)- Google Apps Script Backend Codes/laravel-app/vendor/laravel/framework/src/Illuminate/Session/Middleware/StartSession.php(64): Illuminate\\Session\\Middleware\\StartSession->handleStatefulRequest(Object(Illuminate\\Http\\Request), Object(Illuminate\\Session\\Store), Object(Closure))
#17 /Volumes/OA-SSD-Flex/TheOAsis UG-Research Project Management System (v1.0)- Google Apps Script Backend Codes/laravel-app/vendor/laravel/framework/src/Illuminate/Pipeline/Pipeline.php(183): Illuminate\\Session\\Middleware\\StartSession->handle(Object(Illuminate\\Http\\Request), Object(Closure))
#18 /Volumes/OA-SSD-Flex/TheOAsis UG-Research Project Management System (v1.0)- Google Apps Script Backend Codes/laravel-app/vendor/laravel/framework/src/Illuminate/Cookie/Middleware/AddQueuedCookiesToResponse.php(37): Illuminate\\Pipeline\\Pipeline->{closure:{closure:Illuminate\\Pipeline\\Pipeline::carry():158}:159}(Object(Illuminate\\Http\\Request))
#19 /Volumes/OA-SSD-Flex/TheOAsis UG-Research Project Management System (v1.0)- Google Apps Script Backend Codes/laravel-app/vendor/laravel/framework/src/Illuminate/Pipeline/Pipeline.php(183): Illuminate\\Cookie\\Middleware\\AddQueuedCookiesToResponse->handle(Object(Illuminate\\Http\\Request), Object(Closure))
#20 /Volumes/OA-SSD-Flex/TheOAsis UG-Research Project Management System (v1.0)- Google Apps Script Backend Codes/laravel-app/vendor/laravel/framework/src/Illuminate/Cookie/Middleware/EncryptCookies.php(67): Illuminate\\Pipeline\\Pipeline->{closure:{closure:Illuminate\\Pipeline\\Pipeline::carry():158}:159}(Object(Illuminate\\Http\\Request))
#21 /Volumes/OA-SSD-Flex/TheOAsis UG-Research Project Management System (v1.0)- Google Apps Script Backend Codes/laravel-app/vendor/laravel/framework/src/Illuminate/Pipeline/Pipeline.php(183): Illuminate\\Cookie\\Middleware\\EncryptCookies->handle(Object(Illuminate\\Http\\Request), Object(Closure))
#22 /Volumes/OA-SSD-Flex/TheOAsis UG-Research Project Management System (v1.0)- Google Apps Script Backend Codes/laravel-app/vendor/laravel/framework/src/Illuminate/Pipeline/Pipeline.php(119): Illuminate\\Pipeline\\Pipeline->{closure:{closure:Illuminate\\Pipeline\\Pipeline::carry():158}:159}(Object(Illuminate\\Http\\Request))
#23 /Volumes/OA-SSD-Flex/TheOAsis UG-Research Project Management System (v1.0)- Google Apps Script Backend Codes/laravel-app/vendor/laravel/framework/src/Illuminate/Routing/Router.php(805): Illuminate\\Pipeline\\Pipeline->then(Object(Closure))
#24 /Volumes/OA-SSD-Flex/TheOAsis UG-Research Project Management System (v1.0)- Google Apps Script Backend Codes/laravel-app/vendor/laravel/framework/src/Illuminate/Routing/Router.php(784): Illuminate\\Routing\\Router->runRouteWithinStack(Object(Illuminate\\Routing\\Route), Object(Illuminate\\Http\\Request))
#25 /Volumes/OA-SSD-Flex/TheOAsis UG-Research Project Management System (v1.0)- Google Apps Script Backend Codes/laravel-app/vendor/laravel/framework/src/Illuminate/Routing/Router.php(748): Illuminate\\Routing\\Router->runRoute(Object(Illuminate\\Http\\Request), Object(Illuminate\\Routing\\Route))
#26 /Volumes/OA-SSD-Flex/TheOAsis UG-Research Project Management System (v1.0)- Google Apps Script Backend Codes/laravel-app/vendor/laravel/framework/src/Illuminate/Routing/Router.php(737): Illuminate\\Routing\\Router->dispatchToRoute(Object(Illuminate\\Http\\Request))
#27 /Volumes/OA-SSD-Flex/TheOAsis UG-Research Project Management System (v1.0)- Google Apps Script Backend Codes/laravel-app/vendor/laravel/framework/src/Illuminate/Foundation/Http/Kernel.php(200): Illuminate\\Routing\\Router->dispatch(Object(Illuminate\\Http\\Request))
#28 /Volumes/OA-SSD-Flex/TheOAsis UG-Research Project Management System (v1.0)- Google Apps Script Backend Codes/laravel-app/vendor/laravel/framework/src/Illuminate/Pipeline/Pipeline.php(144): Illuminate\\Foundation\\Http\\Kernel->{closure:Illuminate\\Foundation\\Http\\Kernel::dispatchToRouter():197}(Object(Illuminate\\Http\\Request))
#29 /Volumes/OA-SSD-Flex/TheOAsis UG-Research Project Management System (v1.0)- Google Apps Script Backend Codes/laravel-app/vendor/laravel/framework/src/Illuminate/Foundation/Http/Middleware/TransformsRequest.php(21): Illuminate\\Pipeline\\Pipeline->{closure:Illuminate\\Pipeline\\Pipeline::prepareDestination():142}(Object(Illuminate\\Http\\Request))
#30 /Volumes/OA-SSD-Flex/TheOAsis UG-Research Project Management System (v1.0)- Google Apps Script Backend Codes/laravel-app/vendor/laravel/framework/src/Illuminate/Foundation/Http/Middleware/ConvertEmptyStringsToNull.php(31): Illuminate\\Foundation\\Http\\Middleware\\TransformsRequest->handle(Object(Illuminate\\Http\\Request), Object(Closure))
#31 /Volumes/OA-SSD-Flex/TheOAsis UG-Research Project Management System (v1.0)- Google Apps Script Backend Codes/laravel-app/vendor/laravel/framework/src/Illuminate/Pipeline/Pipeline.php(183): Illuminate\\Foundation\\Http\\Middleware\\ConvertEmptyStringsToNull->handle(Object(Illuminate\\Http\\Request), Object(Closure))
#32 /Volumes/OA-SSD-Flex/TheOAsis UG-Research Project Management System (v1.0)- Google Apps Script Backend Codes/laravel-app/vendor/laravel/framework/src/Illuminate/Foundation/Http/Middleware/TransformsRequest.php(21): Illuminate\\Pipeline\\Pipeline->{closure:{closure:Illuminate\\Pipeline\\Pipeline::carry():158}:159}(Object(Illuminate\\Http\\Request))
#33 /Volumes/OA-SSD-Flex/TheOAsis UG-Research Project Management System (v1.0)- Google Apps Script Backend Codes/laravel-app/vendor/laravel/framework/src/Illuminate/Foundation/Http/Middleware/TrimStrings.php(40): Illuminate\\Foundation\\Http\\Middleware\\TransformsRequest->handle(Object(Illuminate\\Http\\Request), Object(Closure))
#34 /Volumes/OA-SSD-Flex/TheOAsis UG-Research Project Management System (v1.0)- Google Apps Script Backend Codes/laravel-app/vendor/laravel/framework/src/Illuminate/Pipeline/Pipeline.php(183): Illuminate\\Foundation\\Http\\Middleware\\TrimStrings->handle(Object(Illuminate\\Http\\Request), Object(Closure))
#35 /Volumes/OA-SSD-Flex/TheOAsis UG-Research Project Management System (v1.0)- Google Apps Script Backend Codes/laravel-app/vendor/laravel/framework/src/Illuminate/Foundation/Http/Middleware/ValidatePostSize.php(27): Illuminate\\Pipeline\\Pipeline->{closure:{closure:Illuminate\\Pipeline\\Pipeline::carry():158}:159}(Object(Illuminate\\Http\\Request))
#36 /Volumes/OA-SSD-Flex/TheOAsis UG-Research Project Management System (v1.0)- Google Apps Script Backend Codes/laravel-app/vendor/laravel/framework/src/Illuminate/Pipeline/Pipeline.php(183): Illuminate\\Foundation\\Http\\Middleware\\ValidatePostSize->handle(Object(Illuminate\\Http\\Request), Object(Closure))
#37 /Volumes/OA-SSD-Flex/TheOAsis UG-Research Project Management System (v1.0)- Google Apps Script Backend Codes/laravel-app/vendor/laravel/framework/src/Illuminate/Foundation/Http/Middleware/PreventRequestsDuringMaintenance.php(99): Illuminate\\Pipeline\\Pipeline->{closure:{closure:Illuminate\\Pipeline\\Pipeline::carry():158}:159}(Object(Illuminate\\Http\\Request))
#38 /Volumes/OA-SSD-Flex/TheOAsis UG-Research Project Management System (v1.0)- Google Apps Script Backend Codes/laravel-app/vendor/laravel/framework/src/Illuminate/Pipeline/Pipeline.php(183): Illuminate\\Foundation\\Http\\Middleware\\PreventRequestsDuringMaintenance->handle(Object(Illuminate\\Http\\Request), Object(Closure))
#39 /Volumes/OA-SSD-Flex/TheOAsis UG-Research Project Management System (v1.0)- Google Apps Script Backend Codes/laravel-app/vendor/laravel/framework/src/Illuminate/Pipeline/Pipeline.php(119): Illuminate\\Pipeline\\Pipeline->{closure:{closure:Illuminate\\Pipeline\\Pipeline::carry():158}:159}(Object(Illuminate\\Http\\Request))
#40 /Volumes/OA-SSD-Flex/TheOAsis UG-Research Project Management System (v1.0)- Google Apps Script Backend Codes/laravel-app/vendor/laravel/framework/src/Illuminate/Foundation/Http/Kernel.php(175): Illuminate\\Pipeline\\Pipeline->then(Object(Closure))
#41 /Volumes/OA-SSD-Flex/TheOAsis UG-Research Project Management System (v1.0)- Google Apps Script Backend Codes/laravel-app/vendor/laravel/framework/src/Illuminate/Foundation/Http/Kernel.php(144): Illuminate\\Foundation\\Http\\Kernel->sendRequestThroughRouter(Object(Illuminate\\Http\\Request))
#42 /Volumes/OA-SSD-Flex/TheOAsis UG-Research Project Management System (v1.0)- Google Apps Script Backend Codes/laravel-app/public/index.php(51): Illuminate\\Foundation\\Http\\Kernel->handle(Object(Illuminate\\Http\\Request))
#43 /Volumes/OA-SSD-Flex/TheOAsis UG-Research Project Management System (v1.0)- Google Apps Script Backend Codes/laravel-app/vendor/laravel/framework/src/Illuminate/Foundation/resources/server.php(16): require_once('/Volumes/OA-SSD...')
#44 {main}
"} 
[2026-09-21 14:58:53] local.ERROR: SQLSTATE[HY000] [2002] Connection refused (Connection: mysql, SQL: select * from `universities` where `code` = LASU limit 1) {"exception":"[object] (Illuminate\\Database\\QueryException(code: 2002): SQLSTATE[HY000] [2002] Connection refused (Connection: mysql, SQL: select * from `universities` where `code` = LASU limit 1) at /Volumes/OA-SSD-Flex/TheOAsis UG-Research Project Management System (v1.0)- Google Apps Script Backend Codes/laravel-app/vendor/laravel/framework/src/Illuminate/Database/Connection.php:829)
[stacktrace]
#0 /Volumes/OA-SSD-Flex/TheOAsis UG-Research Project Management System (v1.0)- Google Apps Script Backend Codes/laravel-app/vendor/laravel/framework/src/Illuminate/Database/Connection.php(983): Illuminate\\Database\\Connection->runQueryCallback('select * from `...', Array, Object(Closure))
#1 /Volumes/OA-SSD-Flex/TheOAsis UG-Research Project Management System (v1.0)- Google Apps Script Backend Codes/laravel-app/vendor/laravel/framework/src/Illuminate/Database/Connection.php(962): Illuminate\\Database\\Connection->tryAgainIfCausedByLostConnection(Object(Illuminate\\Database\\QueryException), 'select * from `...', Array, Object(Closure))
#2 /Volumes/OA-SSD-Flex/TheOAsis UG-Research Project Management System (v1.0)- Google Apps Script Backend Codes/laravel-app/vendor/laravel/framework/src/Illuminate/Database/Connection.php(785): Illuminate\\Database\\Connection->handleQueryException(Object(Illuminate\\Database\\QueryException), 'select * from `...', Array, Object(Closure))
#3 /Volumes/OA-SSD-Flex/TheOAsis UG-Research Project Management System (v1.0)- Google Apps Script Backend Codes/laravel-app/vendor/laravel/framework/src/Illuminate/Database/Connection.php(414): Illuminate\\Database\\Connection->run('select * from `...', Array, Object(Closure))
#4 /Volumes/OA-SSD-Flex/TheOAsis UG-Research Project Management System (v1.0)- Google Apps Script Backend Codes/laravel-app/vendor/laravel/framework/src/Illuminate/Database/Query/Builder.php(2913): Illuminate\\Database\\Connection->select('select * from `...', Array, true)
#5 /Volumes/OA-SSD-Flex/TheOAsis UG-Research Project Management System (v1.0)- Google Apps Script Backend Codes/laravel-app/vendor/laravel/framework/src/Illuminate/Database/Query/Builder.php(2902): Illuminate\\Database\\Query\\Builder->runSelect()
#6 /Volumes/OA-SSD-Flex/TheOAsis UG-Research Project Management System (v1.0)- Google Apps Script Backend Codes/laravel-app/vendor/laravel/framework/src/Illuminate/Database/Query/Builder.php(3456): Illuminate\\Database\\Query\\Builder->{closure:Illuminate\\Database\\Query\\Builder::get():2901}()
#7 /Volumes/OA-SSD-Flex/TheOAsis UG-Research Project Management System (v1.0)- Google Apps Script Backend Codes/laravel-app/vendor/laravel/framework/src/Illuminate/Database/Query/Builder.php(2901): Illuminate\\Database\\Query\\Builder->onceWithColumns(Array, Object(Closure))
#8 /Volumes/OA-SSD-Flex/TheOAsis UG-Research Project Management System (v1.0)- Google Apps Script Backend Codes/laravel-app/vendor/laravel/framework/src/Illuminate/Database/Eloquent/Builder.php(739): Illuminate\\Database\\Query\\Builder->get(Array)
#9 /Volumes/OA-SSD-Flex/TheOAsis UG-Research Project Management System (v1.0)- Google Apps Script Backend Codes/laravel-app/vendor/laravel/framework/src/Illuminate/Database/Eloquent/Builder.php(723): Illuminate\\Database\\Eloquent\\Builder->getModels(Array)
#10 /Volumes/OA-SSD-Flex/TheOAsis UG-Research Project Management System (v1.0)- Google Apps Script Backend Codes/laravel-app/vendor/laravel/framework/src/Illuminate/Database/Concerns/BuildsQueries.php(333): Illuminate\\Database\\Eloquent\\Builder->get(Array)
#11 /Volumes/OA-SSD-Flex/TheOAsis UG-Research Project Management System (v1.0)- Google Apps Script Backend Codes/laravel-app/app/Http/Controllers/AuthController.php(27): Illuminate\\Database\\Eloquent\\Builder->first()
#12 /Volumes/OA-SSD-Flex/TheOAsis UG-Research Project Management System (v1.0)- Google Apps Script Backend Codes/laravel-app/vendor/laravel/framework/src/Illuminate/Routing/Controller.php(54): App\\Http\\Controllers\\AuthController->loginStudent(Object(Illuminate\\Http\\Request))
#13 /Volumes/OA-SSD-Flex/TheOAsis UG-Research Project Management System (v1.0)- Google Apps Script Backend Codes/laravel-app/vendor/laravel/framework/src/Illuminate/Routing/ControllerDispatcher.php(43): Illuminate\\Routing\\Controller->callAction('loginStudent', Array)
#14 /Volumes/OA-SSD-Flex/TheOAsis UG-Research Project Management System (v1.0)- Google Apps Script Backend Codes/laravel-app/vendor/laravel/framework/src/Illuminate/Routing/Route.php(259): Illuminate\\Routing\\ControllerDispatcher->dispatch(Object(Illuminate\\Routing\\Route), Object(App\\Http\\Controllers\\AuthController), 'loginStudent')
#15 /Volumes/OA-SSD-Flex/TheOAsis UG-Research Project Management System (v1.0)- Google Apps Script Backend Codes/laravel-app/vendor/laravel/framework/src/Illuminate/Routing/Route.php(205): Illuminate\\Routing\\Route->runController()
#16 /Volumes/OA-SSD-Flex/TheOAsis UG-Research Project Management System (v1.0)- Google Apps Script Backend Codes/laravel-app/vendor/laravel/framework/src/Illuminate/Routing/Router.php(806): Illuminate\\Routing\\Route->run()
#17 /Volumes/OA-SSD-Flex/TheOAsis UG-Research Project Management System (v1.0)- Google Apps Script Backend Codes/laravel-app/vendor/laravel/framework/src/Illuminate/Pipeline/Pipeline.php(144): Illuminate\\Routing\\Router->{closure:Illuminate\\Routing\\Router::runRouteWithinStack():805}(Object(Illuminate\\Http\\Request))
#18 /Volumes/OA-SSD-Flex/TheOAsis UG-Research Project Management System (v1.0)- Google Apps Script Backend Codes/laravel-app/app/Http/Controllers/BaseController.php(25): Illuminate\\Pipeline\\Pipeline->{closure:Illuminate\\Pipeline\\Pipeline::prepareDestination():142}(Object(Illuminate\\Http\\Request))
#19 /Volumes/OA-SSD-Flex/TheOAsis UG-Research Project Management System (v1.0)- Google Apps Script Backend Codes/laravel-app/vendor/laravel/framework/src/Illuminate/Pipeline/Pipeline.php(165): App\\Http\\Controllers\\BaseController->{closure:App\\Http\\Controllers\\BaseController::__construct():19}(Object(Illuminate\\Http\\Request), Object(Closure))
#20 /Volumes/OA-SSD-Flex/TheOAsis UG-Research Project Management System (v1.0)- Google Apps Script Backend Codes/laravel-app/vendor/laravel/framework/src/Illuminate/Routing/Middleware/SubstituteBindings.php(50): Illuminate\\Pipeline\\Pipeline->{closure:{closure:Illuminate\\Pipeline\\Pipeline::carry():158}:159}(Object(Illuminate\\Http\\Request))
#21 /Volumes/OA-SSD-Flex/TheOAsis UG-Research Project Management System (v1.0)- Google Apps Script Backend Codes/laravel-app/vendor/laravel/framework/src/Illuminate/Pipeline/Pipeline.php(183): Illuminate\\Routing\\Middleware\\SubstituteBindings->handle(Object(Illuminate\\Http\\Request), Object(Closure))
#22 /Volumes/OA-SSD-Flex/TheOAsis UG-Research Project Management System (v1.0)- Google Apps Script Backend Codes/laravel-app/vendor/laravel/framework/src/Illuminate/Routing/Middleware/ThrottleRequests.php(159): Illuminate\\Pipeline\\Pipeline->{closure:{closure:Illuminate\\Pipeline\\Pipeline::carry():158}:159}(Object(Illuminate\\Http\\Request))
#23 /Volumes/OA-SSD-Flex/TheOAsis UG-Research Project Management System (v1.0)- Google Apps Script Backend Codes/laravel-app/vendor/laravel/framework/src/Illuminate/Routing/Middleware/ThrottleRequests.php(125): Illuminate\\Routing\\Middleware\\ThrottleRequests->handleRequest(Object(Illuminate\\Http\\Request), Object(Closure), Array)
#24 /Volumes/OA-SSD-Flex/TheOAsis UG-Research Project Management System (v1.0)- Google Apps Script Backend Codes/laravel-app/vendor/laravel/framework/src/Illuminate/Routing/Middleware/ThrottleRequests.php(87): Illuminate\\Routing\\Middleware\\ThrottleRequests->handleRequestUsingNamedLimiter(Object(Illuminate\\Http\\Request), Object(Closure), 'api', Object(Closure))
#25 /Volumes/OA-SSD-Flex/TheOAsis UG-Research Project Management System (v1.0)- Google Apps Script Backend Codes/laravel-app/vendor/laravel/framework/src/Illuminate/Pipeline/Pipeline.php(183): Illuminate\\Routing\\Middleware\\ThrottleRequests->handle(Object(Illuminate\\Http\\Request), Object(Closure), 'api')
#26 /Volumes/OA-SSD-Flex/TheOAsis UG-Research Project Management System (v1.0)- Google Apps Script Backend Codes/laravel-app/vendor/laravel/sanctum/src/Http/Middleware/EnsureFrontendRequestsAreStateful.php(25): Illuminate\\Pipeline\\Pipeline->{closure:{closure:Illuminate\\Pipeline\\Pipeline::carry():158}:159}(Object(Illuminate\\Http\\Request))
#27 /Volumes/OA-SSD-Flex/TheOAsis UG-Research Project Management System (v1.0)- Google Apps Script Backend Codes/laravel-app/vendor/laravel/framework/src/Illuminate/Pipeline/Pipeline.php(144): Laravel\\Sanctum\\Http\\Middleware\\EnsureFrontendRequestsAreStateful->{closure:Laravel\\Sanctum\\Http\\Middleware\\EnsureFrontendRequestsAreStateful::handle():24}(Object(Illuminate\\Http\\Request))
#28 /Volumes/OA-SSD-Flex/TheOAsis UG-Research Project Management System (v1.0)- Google Apps Script Backend Codes/laravel-app/vendor/laravel/framework/src/Illuminate/Pipeline/Pipeline.php(119): Illuminate\\Pipeline\\Pipeline->{closure:Illuminate\\Pipeline\\Pipeline::prepareDestination():142}(Object(Illuminate\\Http\\Request))
#29 /Volumes/OA-SSD-Flex/TheOAsis UG-Research Project Management System (v1.0)- Google Apps Script Backend Codes/laravel-app/vendor/laravel/sanctum/src/Http/Middleware/EnsureFrontendRequestsAreStateful.php(24): Illuminate\\Pipeline\\Pipeline->then(Object(Closure))
#30 /Volumes/OA-SSD-Flex/TheOAsis UG-Research Project Management System (v1.0)- Google Apps Script Backend Codes/laravel-app/vendor/laravel/framework/src/Illuminate/Pipeline/Pipeline.php(183): Laravel\\Sanctum\\Http\\Middleware\\EnsureFrontendRequestsAreStateful->handle(Object(Illuminate\\Http\\Request), Object(Closure))
#31 /Volumes/OA-SSD-Flex/TheOAsis UG-Research Project Management System (v1.0)- Google Apps Script Backend Codes/laravel-app/vendor/laravel/framework/src/Illuminate/Pipeline/Pipeline.php(119): Illuminate\\Pipeline\\Pipeline->{closure:{closure:Illuminate\\Pipeline\\Pipeline::carry():158}:159}(Object(Illuminate\\Http\\Request))
#32 /Volumes/OA-SSD-Flex/TheOAsis UG-Research Project Management System (v1.0)- Google Apps Script Backend Codes/laravel-app/vendor/laravel/framework/src/Illuminate/Routing/Router.php(805): Illuminate\\Pipeline\\Pipeline->then(Object(Closure))
#33 /Volumes/OA-SSD-Flex/TheOAsis UG-Research Project Management System (v1.0)- Google Apps Script Backend Codes/laravel-app/vendor/laravel/framework/src/Illuminate/Routing/Router.php(784): Illuminate\\Routing\\Router->runRouteWithinStack(Object(Illuminate\\Routing\\Route), Object(Illuminate\\Http\\Request))
#34 /Volumes/OA-SSD-Flex/TheOAsis UG-Research Project Management System (v1.0)- Google Apps Script Backend Codes/laravel-app/vendor/laravel/framework/src/Illuminate/Routing/Router.php(748): Illuminate\\Routing\\Router->runRoute(Object(Illuminate\\Http\\Request), Object(Illuminate\\Routing\\Route))
#35 /Volumes/OA-SSD-Flex/TheOAsis UG-Research Project Management System (v1.0)- Google Apps Script Backend Codes/laravel-app/vendor/laravel/framework/src/Illuminate/Routing/Router.php(737): Illuminate\\Routing\\Router->dispatchToRoute(Object(Illuminate\\Http\\Request))
#36 /Volumes/OA-SSD-Flex/TheOAsis UG-Research Project Management System (v1.0)- Google Apps Script Backend Codes/laravel-app/vendor/laravel/framework/src/Illuminate/Foundation/Http/Kernel.php(200): Illuminate\\Routing\\Router->dispatch(Object(Illuminate\\Http\\Request))
#37 /Volumes/OA-SSD-Flex/TheOAsis UG-Research Project Management System (v1.0)- Google Apps Script Backend Codes/laravel-app/vendor/laravel/framework/src/Illuminate/Pipeline/Pipeline.php(144): Illuminate\\Foundation\\Http\\Kernel->{closure:Illuminate\\Foundation\\Http\\Kernel::dispatchToRouter():197}(Object(Illuminate\\Http\\Request))
#38 /Volumes/OA-SSD-Flex/TheOAsis UG-Research Project Management System (v1.0)- Google Apps Script Backend Codes/laravel-app/vendor/laravel/framework/src/Illuminate/Foundation/Http/Middleware/TransformsRequest.php(21): Illuminate\\Pipeline\\Pipeline->{closure:Illuminate\\Pipeline\\Pipeline::prepareDestination():142}(Object(Illuminate\\Http\\Request))
#39 /Volumes/OA-SSD-Flex/TheOAsis UG-Research Project Management System (v1.0)- Google Apps Script Backend Codes/laravel-app/vendor/laravel/framework/src/Illuminate/Foundation/Http/Middleware/ConvertEmptyStringsToNull.php(31): Illuminate\\Foundation\\Http\\Middleware\\TransformsRequest->handle(Object(Illuminate\\Http\\Request), Object(Closure))
#40 /Volumes/OA-SSD-Flex/TheOAsis UG-Research Project Management System (v1.0)- Google Apps Script Backend Codes/laravel-app/vendor/laravel/framework/src/Illuminate/Pipeline/Pipeline.php(183): Illuminate\\Foundation\\Http\\Middleware\\ConvertEmptyStringsToNull->handle(Object(Illuminate\\Http\\Request), Object(Closure))
#41 /Volumes/OA-SSD-Flex/TheOAsis UG-Research Project Management System (v1.0)- Google Apps Script Backend Codes/laravel-app/vendor/laravel/framework/src/Illuminate/Foundation/Http/Middleware/TransformsRequest.php(21): Illuminate\\Pipeline\\Pipeline->{closure:{closure:Illuminate\\Pipeline\\Pipeline::carry():158}:159}(Object(Illuminate\\Http\\Request))
#42 /Volumes/OA-SSD-Flex/TheOAsis UG-Research Project Management System (v1.0)- Google Apps Script Backend Codes/laravel-app/vendor/laravel/framework/src/Illuminate/Foundation/Http/Middleware/TrimStrings.php(40): Illuminate\\Foundation\\Http\\Middleware\\TransformsRequest->handle(Object(Illuminate\\Http\\Request), Object(Closure))
#43 /Volumes/OA-SSD-Flex/TheOAsis UG-Research Project Management System (v1.0)- Google Apps Script Backend Codes/laravel-app/vendor/laravel/framework/src/Illuminate/Pipeline/Pipeline.php(183): Illuminate\\Foundation\\Http\\Middleware\\TrimStrings->handle(Object(Illuminate\\Http\\Request), Object(Closure))
#44 /Volumes/OA-SSD-Flex/TheOAsis UG-Research Project Management System (v1.0)- Google Apps Script Backend Codes/laravel-app/vendor/laravel/framework/src/Illuminate/Foundation/Http/Middleware/ValidatePostSize.php(27): Illuminate\\Pipeline\\Pipeline->{closure:{closure:Illuminate\\Pipeline\\Pipeline::carry():158}:159}(Object(Illuminate\\Http\\Request))
#45 /Volumes/OA-SSD-Flex/TheOAsis UG-Research Project Management System (v1.0)- Google Apps Script Backend Codes/laravel-app/vendor/laravel/framework/src/Illuminate/Pipeline/Pipeline.php(183): Illuminate\\Foundation\\Http\\Middleware\\ValidatePostSize->handle(Object(Illuminate\\Http\\Request), Object(Closure))
#46 /Volumes/OA-SSD-Flex/TheOAsis UG-Research Project Management System (v1.0)- Google Apps Script Backend Codes/laravel-app/vendor/laravel/framework/src/Illuminate/Foundation/Http/Middleware/PreventRequestsDuringMaintenance.php(99): Illuminate\\Pipeline\\Pipeline->{closure:{closure:Illuminate\\Pipeline\\Pipeline::carry():158}:159}(Object(Illuminate\\Http\\Request))
#47 /Volumes/OA-SSD-Flex/TheOAsis UG-Research Project Management System (v1.0)- Google Apps Script Backend Codes/laravel-app/vendor/laravel/framework/src/Illuminate/Pipeline/Pipeline.php(183): Illuminate\\Foundation\\Http\\Middleware\\PreventRequestsDuringMaintenance->handle(Object(Illuminate\\Http\\Request), Object(Closure))
#48 /Volumes/OA-SSD-Flex/TheOAsis UG-Research Project Management System (v1.0)- Google Apps Script Backend Codes/laravel-app/vendor/laravel/framework/src/Illuminate/Pipeline/Pipeline.php(119): Illuminate\\Pipeline\\Pipeline->{closure:{closure:Illuminate\\Pipeline\\Pipeline::carry():158}:159}(Object(Illuminate\\Http\\Request))
#49 /Volumes/OA-SSD-Flex/TheOAsis UG-Research Project Management System (v1.0)- Google Apps Script Backend Codes/laravel-app/vendor/laravel/framework/src/Illuminate/Foundation/Http/Kernel.php(175): Illuminate\\Pipeline\\Pipeline->then(Object(Closure))
#50 /Volumes/OA-SSD-Flex/TheOAsis UG-Research Project Management System (v1.0)- Google Apps Script Backend Codes/laravel-app/vendor/laravel/framework/src/Illuminate/Foundation/Http/Kernel.php(144): Illuminate\\Foundation\\Http\\Kernel->sendRequestThroughRouter(Object(Illuminate\\Http\\Request))
#51 /Volumes/OA-SSD-Flex/TheOAsis UG-Research Project Management System (v1.0)- Google Apps Script Backend Codes/laravel-app/public/index.php(51): Illuminate\\Foundation\\Http\\Kernel->handle(Object(Illuminate\\Http\\Request))
#52 /Volumes/OA-SSD-Flex/TheOAsis UG-Research Project Management System (v1.0)- Google Apps Script Backend Codes/laravel-app/vendor/laravel/framework/src/Illuminate/Foundation/resources/server.php(16): require_once('/Volumes/OA-SSD...')
#53 {main}

[previous exception] [object] (PDOException(code: 2002): SQLSTATE[HY000] [2002] Connection refused at /Volumes/OA-SSD-Flex/TheOAsis UG-Research Project Management System (v1.0)- Google Apps Script Backend Codes/laravel-app/vendor/laravel/framework/src/Illuminate/Database/Connectors/Connector.php:65)
[stacktrace]
#0 /Volumes/OA-SSD-Flex/TheOAsis UG-Research Project Management System (v1.0)- Google Apps Script Backend Codes/laravel-app/vendor/laravel/framework/src/Illuminate/Database/Connectors/Connector.php(65): PDO->__construct('mysql:host=127....', 'root', Object(SensitiveParameterValue), Array)
#1 /Volumes/OA-SSD-Flex/TheOAsis UG-Research Project Management System (v1.0)- Google Apps Script Backend Codes/laravel-app/vendor/laravel/framework/src/Illuminate/Database/Connectors/Connector.php(83): Illuminate\\Database\\Connectors\\Connector->createPdoConnection('mysql:host=127....', 'root', '', Array)
#2 /Volumes/OA-SSD-Flex/TheOAsis UG-Research Project Management System (v1.0)- Google Apps Script Backend Codes/laravel-app/vendor/laravel/framework/src/Illuminate/Database/Connectors/Connector.php(48): Illuminate\\Database\\Connectors\\Connector->tryAgainIfCausedByLostConnection(Object(PDOException), 'mysql:host=127....', 'root', '', Array)
#3 /Volumes/OA-SSD-Flex/TheOAsis UG-Research Project Management System (v1.0)- Google Apps Script Backend Codes/laravel-app/vendor/laravel/framework/src/Illuminate/Database/Connectors/MySqlConnector.php(24): Illuminate\\Database\\Connectors\\Connector->createConnection('mysql:host=127....', Array, Array)
#4 /Volumes/OA-SSD-Flex/TheOAsis UG-Research Project Management System (v1.0)- Google Apps Script Backend Codes/laravel-app/vendor/laravel/framework/src/Illuminate/Database/Connectors/ConnectionFactory.php(184): Illuminate\\Database\\Connectors\\MySqlConnector->connect(Array)
#5 [internal function]: Illuminate\\Database\\Connectors\\ConnectionFactory->{closure:Illuminate\\Database\\Connectors\\ConnectionFactory::createPdoResolverWithHosts():179}()
#6 /Volumes/OA-SSD-Flex/TheOAsis UG-Research Project Management System (v1.0)- Google Apps Script Backend Codes/laravel-app/vendor/laravel/framework/src/Illuminate/Database/Connection.php(1339): call_user_func(Object(Closure))
#7 /Volumes/OA-SSD-Flex/TheOAsis UG-Research Project Management System (v1.0)- Google Apps Script Backend Codes/laravel-app/vendor/laravel/framework/src/Illuminate/Database/Connection.php(1375): Illuminate\\Database\\Connection->getPdo()
#8 /Volumes/OA-SSD-Flex/TheOAsis UG-Research Project Management System (v1.0)- Google Apps Script Backend Codes/laravel-app/vendor/laravel/framework/src/Illuminate/Database/Connection.php(528): Illuminate\\Database\\Connection->getReadPdo()
#9 /Volumes/OA-SSD-Flex/TheOAsis UG-Research Project Management System (v1.0)- Google Apps Script Backend Codes/laravel-app/vendor/laravel/framework/src/Illuminate/Database/Connection.php(423): Illuminate\\Database\\Connection->getPdoForSelect(true)
#10 /Volumes/OA-SSD-Flex/TheOAsis UG-Research Project Management System (v1.0)- Google Apps Script Backend Codes/laravel-app/vendor/laravel/framework/src/Illuminate/Database/Connection.php(816): Illuminate\\Database\\Connection->{closure:Illuminate\\Database\\Connection::select():414}('select * from `...', Array)
#11 /Volumes/OA-SSD-Flex/TheOAsis UG-Research Project Management System (v1.0)- Google Apps Script Backend Codes/laravel-app/vendor/laravel/framework/src/Illuminate/Database/Connection.php(983): Illuminate\\Database\\Connection->runQueryCallback('select * from `...', Array, Object(Closure))
#12 /Volumes/OA-SSD-Flex/TheOAsis UG-Research Project Management System (v1.0)- Google Apps Script Backend Codes/laravel-app/vendor/laravel/framework/src/Illuminate/Database/Connection.php(962): Illuminate\\Database\\Connection->tryAgainIfCausedByLostConnection(Object(Illuminate\\Database\\QueryException), 'select * from `...', Array, Object(Closure))
#13 /Volumes/OA-SSD-Flex/TheOAsis UG-Research Project Management System (v1.0)- Google Apps Script Backend Codes/laravel-app/vendor/laravel/framework/src/Illuminate/Database/Connection.php(785): Illuminate\\Database\\Connection->handleQueryException(Object(Illuminate\\Database\\QueryException), 'select * from `...', Array, Object(Closure))
#14 /Volumes/OA-SSD-Flex/TheOAsis UG-Research Project Management System (v1.0)- Google Apps Script Backend Codes/laravel-app/vendor/laravel/framework/src/Illuminate/Database/Connection.php(414): Illuminate\\Database\\Connection->run('select * from `...', Array, Object(Closure))
#15 /Volumes/OA-SSD-Flex/TheOAsis UG-Research Project Management System (v1.0)- Google Apps Script Backend Codes/laravel-app/vendor/laravel/framework/src/Illuminate/Database/Query/Builder.php(2913): Illuminate\\Database\\Connection->select('select * from `...', Array, true)
#16 /Volumes/OA-SSD-Flex/TheOAsis UG-Research Project Management System (v1.0)- Google Apps Script Backend Codes/laravel-app/vendor/laravel/framework/src/Illuminate/Database/Query/Builder.php(2902): Illuminate\\Database\\Query\\Builder->runSelect()
#17 /Volumes/OA-SSD-Flex/TheOAsis UG-Research Project Management System (v1.0)- Google Apps Script Backend Codes/laravel-app/vendor/laravel/framework/src/Illuminate/Database/Query/Builder.php(3456): Illuminate\\Database\\Query\\Builder->{closure:Illuminate\\Database\\Query\\Builder::get():2901}()
#18 /Volumes/OA-SSD-Flex/TheOAsis UG-Research Project Management System (v1.0)- Google Apps Script Backend Codes/laravel-app/vendor/laravel/framework/src/Illuminate/Database/Query/Builder.php(2901): Illuminate\\Database\\Query\\Builder->onceWithColumns(Array, Object(Closure))
#19 /Volumes/OA-SSD-Flex/TheOAsis UG-Research Project Management System (v1.0)- Google Apps Script Backend Codes/laravel-app/vendor/laravel/framework/src/Illuminate/Database/Eloquent/Builder.php(739): Illuminate\\Database\\Query\\Builder->get(Array)
#20 /Volumes/OA-SSD-Flex/TheOAsis UG-Research Project Management System (v1.0)- Google Apps Script Backend Codes/laravel-app/vendor/laravel/framework/src/Illuminate/Database/Eloquent/Builder.php(723): Illuminate\\Database\\Eloquent\\Builder->getModels(Array)
#21 /Volumes/OA-SSD-Flex/TheOAsis UG-Research Project Management System (v1.0)- Google Apps Script Backend Codes/laravel-app/vendor/laravel/framework/src/Illuminate/Database/Concerns/BuildsQueries.php(333): Illuminate\\Database\\Eloquent\\Builder->get(Array)
#22 /Volumes/OA-SSD-Flex/TheOAsis UG-Research Project Management System (v1.0)- Google Apps Script Backend Codes/laravel-app/app/Http/Controllers/AuthController.php(27): Illuminate\\Database\\Eloquent\\Builder->first()
#23 /Volumes/OA-SSD-Flex/TheOAsis UG-Research Project Management System (v1.0)- Google Apps Script Backend Codes/laravel-app/vendor/laravel/framework/src/Illuminate/Routing/Controller.php(54): App\\Http\\Controllers\\AuthController->loginStudent(Object(Illuminate\\Http\\Request))
#24 /Volumes/OA-SSD-Flex/TheOAsis UG-Research Project Management System (v1.0)- Google Apps Script Backend Codes/laravel-app/vendor/laravel/framework/src/Illuminate/Routing/ControllerDispatcher.php(43): Illuminate\\Routing\\Controller->callAction('loginStudent', Array)
#25 /Volumes/OA-SSD-Flex/TheOAsis UG-Research Project Management System (v1.0)- Google Apps Script Backend Codes/laravel-app/vendor/laravel/framework/src/Illuminate/Routing/Route.php(259): Illuminate\\Routing\\ControllerDispatcher->dispatch(Object(Illuminate\\Routing\\Route), Object(App\\Http\\Controllers\\AuthController), 'loginStudent')
#26 /Volumes/OA-SSD-Flex/TheOAsis UG-Research Project Management System (v1.0)- Google Apps Script Backend Codes/laravel-app/vendor/laravel/framework/src/Illuminate/Routing/Route.php(205): Illuminate\\Routing\\Route->runController()
#27 /Volumes/OA-SSD-Flex/TheOAsis UG-Research Project Management System (v1.0)- Google Apps Script Backend Codes/laravel-app/vendor/laravel/framework/src/Illuminate/Routing/Router.php(806): Illuminate\\Routing\\Route->run()
#28 /Volumes/OA-SSD-Flex/TheOAsis UG-Research Project Management System (v1.0)- Google Apps Script Backend Codes/laravel-app/vendor/laravel/framework/src/Illuminate/Pipeline/Pipeline.php(144): Illuminate\\Routing\\Router->{closure:Illuminate\\Routing\\Router::runRouteWithinStack():805}(Object(Illuminate\\Http\\Request))
#29 /Volumes/OA-SSD-Flex/TheOAsis UG-Research Project Management System (v1.0)- Google Apps Script Backend Codes/laravel-app/app/Http/Controllers/BaseController.php(25): Illuminate\\Pipeline\\Pipeline->{closure:Illuminate\\Pipeline\\Pipeline::prepareDestination():142}(Object(Illuminate\\Http\\Request))
#30 /Volumes/OA-SSD-Flex/TheOAsis UG-Research Project Management System (v1.0)- Google Apps Script Backend Codes/laravel-app/vendor/laravel/framework/src/Illuminate/Pipeline/Pipeline.php(165): App\\Http\\Controllers\\BaseController->{closure:App\\Http\\Controllers\\BaseController::__construct():19}(Object(Illuminate\\Http\\Request), Object(Closure))
#31 /Volumes/OA-SSD-Flex/TheOAsis UG-Research Project Management System (v1.0)- Google Apps Script Backend Codes/laravel-app/vendor/laravel/framework/src/Illuminate/Routing/Middleware/SubstituteBindings.php(50): Illuminate\\Pipeline\\Pipeline->{closure:{closure:Illuminate\\Pipeline\\Pipeline::carry():158}:159}(Object(Illuminate\\Http\\Request))
#32 /Volumes/OA-SSD-Flex/TheOAsis UG-Research Project Management System (v1.0)- Google Apps Script Backend Codes/laravel-app/vendor/laravel/framework/src/Illuminate/Pipeline/Pipeline.php(183): Illuminate\\Routing\\Middleware\\SubstituteBindings->handle(Object(Illuminate\\Http\\Request), Object(Closure))
#33 /Volumes/OA-SSD-Flex/TheOAsis UG-Research Project Management System (v1.0)- Google Apps Script Backend Codes/laravel-app/vendor/laravel/framework/src/Illuminate/Routing/Middleware/ThrottleRequests.php(159): Illuminate\\Pipeline\\Pipeline->{closure:{closure:Illuminate\\Pipeline\\Pipeline::carry():158}:159}(Object(Illuminate\\Http\\Request))
#34 /Volumes/OA-SSD-Flex/TheOAsis UG-Research Project Management System (v1.0)- Google Apps Script Backend Codes/laravel-app/vendor/laravel/framework/src/Illuminate/Routing/Middleware/ThrottleRequests.php(125): Illuminate\\Routing\\Middleware\\ThrottleRequests->handleRequest(Object(Illuminate\\Http\\Request), Object(Closure), Array)
#35 /Volumes/OA-SSD-Flex/TheOAsis UG-Research Project Management System (v1.0)- Google Apps Script Backend Codes/laravel-app/vendor/laravel/framework/src/Illuminate/Routing/Middleware/ThrottleRequests.php(87): Illuminate\\Routing\\Middleware\\ThrottleRequests->handleRequestUsingNamedLimiter(Object(Illuminate\\Http\\Request), Object(Closure), 'api', Object(Closure))
#36 /Volumes/OA-SSD-Flex/TheOAsis UG-Research Project Management System (v1.0)- Google Apps Script Backend Codes/laravel-app/vendor/laravel/framework/src/Illuminate/Pipeline/Pipeline.php(183): Illuminate\\Routing\\Middleware\\ThrottleRequests->handle(Object(Illuminate\\Http\\Request), Object(Closure), 'api')
#37 /Volumes/OA-SSD-Flex/TheOAsis UG-Research Project Management System (v1.0)- Google Apps Script Backend Codes/laravel-app/vendor/laravel/sanctum/src/Http/Middleware/EnsureFrontendRequestsAreStateful.php(25): Illuminate\\Pipeline\\Pipeline->{closure:{closure:Illuminate\\Pipeline\\Pipeline::carry():158}:159}(Object(Illuminate\\Http\\Request))
#38 /Volumes/OA-SSD-Flex/TheOAsis UG-Research Project Management System (v1.0)- Google Apps Script Backend Codes/laravel-app/vendor/laravel/framework/src/Illuminate/Pipeline/Pipeline.php(144): Laravel\\Sanctum\\Http\\Middleware\\EnsureFrontendRequestsAreStateful->{closure:Laravel\\Sanctum\\Http\\Middleware\\EnsureFrontendRequestsAreStateful::handle():24}(Object(Illuminate\\Http\\Request))
#39 /Volumes/OA-SSD-Flex/TheOAsis UG-Research Project Management System (v1.0)- Google Apps Script Backend Codes/laravel-app/vendor/laravel/framework/src/Illuminate/Pipeline/Pipeline.php(119): Illuminate\\Pipeline\\Pipeline->{closure:Illuminate\\Pipeline\\Pipeline::prepareDestination():142}(Object(Illuminate\\Http\\Request))
#40 /Volumes/OA-SSD-Flex/TheOAsis UG-Research Project Management System (v1.0)- Google Apps Script Backend Codes/laravel-app/vendor/laravel/sanctum/src/Http/Middleware/EnsureFrontendRequestsAreStateful.php(24): Illuminate\\Pipeline\\Pipeline->then(Object(Closure))
#41 /Volumes/OA-SSD-Flex/TheOAsis UG-Research Project Management System (v1.0)- Google Apps Script Backend Codes/laravel-app/vendor/laravel/framework/src/Illuminate/Pipeline/Pipeline.php(183): Laravel\\Sanctum\\Http\\Middleware\\EnsureFrontendRequestsAreStateful->handle(Object(Illuminate\\Http\\Request), Object(Closure))
#42 /Volumes/OA-SSD-Flex/TheOAsis UG-Research Project Management System (v1.0)- Google Apps Script Backend Codes/laravel-app/vendor/laravel/framework/src/Illuminate/Pipeline/Pipeline.php(119): Illuminate\\Pipeline\\Pipeline->{closure:{closure:Illuminate\\Pipeline\\Pipeline::carry():158}:159}(Object(Illuminate\\Http\\Request))
#43 /Volumes/OA-SSD-Flex/TheOAsis UG-Research Project Management System (v1.0)- Google Apps Script Backend Codes/laravel-app/vendor/laravel/framework/src/Illuminate/Routing/Router.php(805): Illuminate\\Pipeline\\Pipeline->then(Object(Closure))
#44 /Volumes/OA-SSD-Flex/TheOAsis UG-Research Project Management System (v1.0)- Google Apps Script Backend Codes/laravel-app/vendor/laravel/framework/src/Illuminate/Routing/Router.php(784): Illuminate\\Routing\\Router->runRouteWithinStack(Object(Illuminate\\Routing\\Route), Object(Illuminate\\Http\\Request))
#45 /Volumes/OA-SSD-Flex/TheOAsis UG-Research Project Management System (v1.0)- Google Apps Script Backend Codes/laravel-app/vendor/laravel/framework/src/Illuminate/Routing/Router.php(748): Illuminate\\Routing\\Router->runRoute(Object(Illuminate\\Http\\Request), Object(Illuminate\\Routing\\Route))
#46 /Volumes/OA-SSD-Flex/TheOAsis UG-Research Project Management System (v1.0)- Google Apps Script Backend Codes/laravel-app/vendor/laravel/framework/src/Illuminate/Routing/Router.php(737): Illuminate\\Routing\\Router->dispatchToRoute(Object(Illuminate\\Http\\Request))
#47 /Volumes/OA-SSD-Flex/TheOAsis UG-Research Project Management System (v1.0)- Google Apps Script Backend Codes/laravel-app/vendor/laravel/framework/src/Illuminate/Foundation/Http/Kernel.php(200): Illuminate\\Routing\\Router->dispatch(Object(Illuminate\\Http\\Request))
#48 /Volumes/OA-SSD-Flex/TheOAsis UG-Research Project Management System (v1.0)- Google Apps Script Backend Codes/laravel-app/vendor/laravel/framework/src/Illuminate/Pipeline/Pipeline.php(144): Illuminate\\Foundation\\Http\\Kernel->{closure:Illuminate\\Foundation\\Http\\Kernel::dispatchToRouter():197}(Object(Illuminate\\Http\\Request))
#49 /Volumes/OA-SSD-Flex/TheOAsis UG-Research Project Management System (v1.0)- Google Apps Script Backend Codes/laravel-app/vendor/laravel/framework/src/Illuminate/Foundation/Http/Middleware/TransformsRequest.php(21): Illuminate\\Pipeline\\Pipeline->{closure:Illuminate\\Pipeline\\Pipeline::prepareDestination():142}(Object(Illuminate\\Http\\Request))
#50 /Volumes/OA-SSD-Flex/TheOAsis UG-Research Project Management System (v1.0)- Google Apps Script Backend Codes/laravel-app/vendor/laravel/framework/src/Illuminate/Foundation/Http/Middleware/ConvertEmptyStringsToNull.php(31): Illuminate\\Foundation\\Http\\Middleware\\TransformsRequest->handle(Object(Illuminate\\Http\\Request), Object(Closure))
#51 /Volumes/OA-SSD-Flex/TheOAsis UG-Research Project Management System (v1.0)- Google Apps Script Backend Codes/laravel-app/vendor/laravel/framework/src/Illuminate/Pipeline/Pipeline.php(183): Illuminate\\Foundation\\Http\\Middleware\\ConvertEmptyStringsToNull->handle(Object(Illuminate\\Http\\Request), Object(Closure))
#52 /Volumes/OA-SSD-Flex/TheOAsis UG-Research Project Management System (v1.0)- Google Apps Script Backend Codes/laravel-app/vendor/laravel/framework/src/Illuminate/Foundation/Http/Middleware/TransformsRequest.php(21): Illuminate\\Pipeline\\Pipeline->{closure:{closure:Illuminate\\Pipeline\\Pipeline::carry():158}:159}(Object(Illuminate\\Http\\Request))
#53 /Volumes/OA-SSD-Flex/TheOAsis UG-Research Project Management System (v1.0)- Google Apps Script Backend Codes/laravel-app/vendor/laravel/framework/src/Illuminate/Foundation/Http/Middleware/TrimStrings.php(40): Illuminate\\Foundation\\Http\\Middleware\\TransformsRequest->handle(Object(Illuminate\\Http\\Request), Object(Closure))
#54 /Volumes/OA-SSD-Flex/TheOAsis UG-Research Project Management System (v1.0)- Google Apps Script Backend Codes/laravel-app/vendor/laravel/framework/src/Illuminate/Pipeline/Pipeline.php(183): Illuminate\\Foundation\\Http\\Middleware\\TrimStrings->handle(Object(Illuminate\\Http\\Request), Object(Closure))
#55 /Volumes/OA-SSD-Flex/TheOAsis UG-Research Project Management System (v1.0)- Google Apps Script Backend Codes/laravel-app/vendor/laravel/framework/src/Illuminate/Foundation/Http/Middleware/ValidatePostSize.php(27): Illuminate\\Pipeline\\Pipeline->{closure:{closure:Illuminate\\Pipeline\\Pipeline::carry():158}:159}(Object(Illuminate\\Http\\Request))
#56 /Volumes/OA-SSD-Flex/TheOAsis UG-Research Project Management System (v1.0)- Google Apps Script Backend Codes/laravel-app/vendor/laravel/framework/src/Illuminate/Pipeline/Pipeline.php(183): Illuminate\\Foundation\\Http\\Middleware\\ValidatePostSize->handle(Object(Illuminate\\Http\\Request), Object(Closure))
#57 /Volumes/OA-SSD-Flex/TheOAsis UG-Research Project Management System (v1.0)- Google Apps Script Backend Codes/laravel-app/vendor/laravel/framework/src/Illuminate/Foundation/Http/Middleware/PreventRequestsDuringMaintenance.php(99): Illuminate\\Pipeline\\Pipeline->{closure:{closure:Illuminate\\Pipeline\\Pipeline::carry():158}:159}(Object(Illuminate\\Http\\Request))
#58 /Volumes/OA-SSD-Flex/TheOAsis UG-Research Project Management System (v1.0)- Google Apps Script Backend Codes/laravel-app/vendor/laravel/framework/src/Illuminate/Pipeline/Pipeline.php(183): Illuminate\\Foundation\\Http\\Middleware\\PreventRequestsDuringMaintenance->handle(Object(Illuminate\\Http\\Request), Object(Closure))
#59 /Volumes/OA-SSD-Flex/TheOAsis UG-Research Project Management System (v1.0)- Google Apps Script Backend Codes/laravel-app/vendor/laravel/framework/src/Illuminate/Pipeline/Pipeline.php(119): Illuminate\\Pipeline\\Pipeline->{closure:{closure:Illuminate\\Pipeline\\Pipeline::carry():158}:159}(Object(Illuminate\\Http\\Request))
#60 /Volumes/OA-SSD-Flex/TheOAsis UG-Research Project Management System (v1.0)- Google Apps Script Backend Codes/laravel-app/vendor/laravel/framework/src/Illuminate/Foundation/Http/Kernel.php(175): Illuminate\\Pipeline\\Pipeline->then(Object(Closure))
#61 /Volumes/OA-SSD-Flex/TheOAsis UG-Research Project Management System (v1.0)- Google Apps Script Backend Codes/laravel-app/vendor/laravel/framework/src/Illuminate/Foundation/Http/Kernel.php(144): Illuminate\\Foundation\\Http\\Kernel->sendRequestThroughRouter(Object(Illuminate\\Http\\Request))
#62 /Volumes/OA-SSD-Flex/TheOAsis UG-Research Project Management System (v1.0)- Google Apps Script Backend Codes/laravel-app/public/index.php(51): Illuminate\\Foundation\\Http\\Kernel->handle(Object(Illuminate\\Http\\Request))
#63 /Volumes/OA-SSD-Flex/TheOAsis UG-Research Project Management System (v1.0)- Google Apps Script Backend Codes/laravel-app/vendor/laravel/framework/src/Illuminate/Foundation/resources/server.php(16): require_once('/Volumes/OA-SSD...')
#64 {main}
"} 
[2026-09-21 14:59:08] local.ERROR: SQLSTATE[HY000]: General error: 1 table "users" already exists (Connection: sqlite, SQL: create table "users" ("id" integer primary key autoincrement not null, "university_id" integer not null, "email" varchar not null, "email_verified_at" datetime, "password" varchar not null, "name" varchar not null, "role" varchar check ("role" in ('student', 'supervisor', 'admin')) not null default 'student', "remember_token" varchar, "created_at" datetime, "updated_at" datetime, foreign key("university_id") references "universities"("id") on delete cascade)) {"exception":"[object] (Illuminate\\Database\\QueryException(code: HY000): SQLSTATE[HY000]: General error: 1 table \"users\" already exists (Connection: sqlite, SQL: create table \"users\" (\"id\" integer primary key autoincrement not null, \"university_id\" integer not null, \"email\" varchar not null, \"email_verified_at\" datetime, \"password\" varchar not null, \"name\" varchar not null, \"role\" varchar check (\"role\" in ('student', 'supervisor', 'admin')) not null default 'student', \"remember_token\" varchar, \"created_at\" datetime, \"updated_at\" datetime, foreign key(\"university_id\") references \"universities\"(\"id\") on delete cascade)) at /Volumes/OA-SSD-Flex/TheOAsis UG-Research Project Management System (v1.0)- Google Apps Script Backend Codes/laravel-app/vendor/laravel/framework/src/Illuminate/Database/Connection.php:829)
[stacktrace]
#0 /Volumes/OA-SSD-Flex/TheOAsis UG-Research Project Management System (v1.0)- Google Apps Script Backend Codes/laravel-app/vendor/laravel/framework/src/Illuminate/Database/Connection.php(783): Illuminate\\Database\\Connection->runQueryCallback('create table \"u...', Array, Object(Closure))
#1 /Volumes/OA-SSD-Flex/TheOAsis UG-Research Project Management System (v1.0)- Google Apps Script Backend Codes/laravel-app/vendor/laravel/framework/src/Illuminate/Database/Connection.php(576): Illuminate\\Database\\Connection->run('create table \"u...', Array, Object(Closure))
#2 /Volumes/OA-SSD-Flex/TheOAsis UG-Research Project Management System (v1.0)- Google Apps Script Backend Codes/laravel-app/vendor/laravel/framework/src/Illuminate/Database/Schema/Blueprint.php(110): Illuminate\\Database\\Connection->statement('create table \"u...')
#3 /Volumes/OA-SSD-Flex/TheOAsis UG-Research Project Management System (v1.0)- Google Apps Script Backend Codes/laravel-app/vendor/laravel/framework/src/Illuminate/Database/Schema/Builder.php(602): Illuminate\\Database\\Schema\\Blueprint->build(Object(Illuminate\\Database\\SQLiteConnection), Object(Illuminate\\Database\\Schema\\Grammars\\SQLiteGrammar))
#4 /Volumes/OA-SSD-Flex/TheOAsis UG-Research Project Management System (v1.0)- Google Apps Script Backend Codes/laravel-app/vendor/laravel/framework/src/Illuminate/Database/Schema/Builder.php(456): Illuminate\\Database\\Schema\\Builder->build(Object(Illuminate\\Database\\Schema\\Blueprint))
#5 /Volumes/OA-SSD-Flex/TheOAsis UG-Research Project Management System (v1.0)- Google Apps Script Backend Codes/laravel-app/vendor/laravel/framework/src/Illuminate/Support/Facades/Facade.php(355): Illuminate\\Database\\Schema\\Builder->create('users', Object(Closure))
#6 /Volumes/OA-SSD-Flex/TheOAsis UG-Research Project Management System (v1.0)- Google Apps Script Backend Codes/laravel-app/database/migrations/2024_01_01_000002_create_users_table.php(11): Illuminate\\Support\\Facades\\Facade::__callStatic('create', Array)
#7 /Volumes/OA-SSD-Flex/TheOAsis UG-Research Project Management System (v1.0)- Google Apps Script Backend Codes/laravel-app/vendor/laravel/framework/src/Illuminate/Database/Migrations/Migrator.php(501): Illuminate\\Database\\Migrations\\Migration@anonymous->up()
#8 /Volumes/OA-SSD-Flex/TheOAsis UG-Research Project Management System (v1.0)- Google Apps Script Backend Codes/laravel-app/vendor/laravel/framework/src/Illuminate/Database/Migrations/Migrator.php(418): Illuminate\\Database\\Migrations\\Migrator->runMethod(Object(Illuminate\\Database\\SQLiteConnection), Object(Illuminate\\Database\\Migrations\\Migration@anonymous), 'up')
#9 /Volumes/OA-SSD-Flex/TheOAsis UG-Research Project Management System (v1.0)- Google Apps Script Backend Codes/laravel-app/vendor/laravel/framework/src/Illuminate/Database/Migrations/Migrator.php(427): Illuminate\\Database\\Migrations\\Migrator->{closure:Illuminate\\Database\\Migrations\\Migrator::runMigration():414}()
#10 /Volumes/OA-SSD-Flex/TheOAsis UG-Research Project Management System (v1.0)- Google Apps Script Backend Codes/laravel-app/vendor/laravel/framework/src/Illuminate/Database/Migrations/Migrator.php(224): Illuminate\\Database\\Migrations\\Migrator->runMigration(Object(Illuminate\\Database\\Migrations\\Migration@anonymous), 'up')
#11 /Volumes/OA-SSD-Flex/TheOAsis UG-Research Project Management System (v1.0)- Google Apps Script Backend Codes/laravel-app/vendor/laravel/framework/src/Illuminate/Console/View/Components/Task.php(37): Illuminate\\Database\\Migrations\\Migrator->{closure:Illuminate\\Database\\Migrations\\Migrator::runUp():224}()
#12 /Volumes/OA-SSD-Flex/TheOAsis UG-Research Project Management System (v1.0)- Google Apps Script Backend Codes/laravel-app/vendor/laravel/framework/src/Illuminate/Database/Migrations/Migrator.php(783): Illuminate\\Console\\View\\Components\\Task->render('2024_01_01_0000...', Object(Closure))
#13 /Volumes/OA-SSD-Flex/TheOAsis UG-Research Project Management System (v1.0)- Google Apps Script Backend Codes/laravel-app/vendor/laravel/framework/src/Illuminate/Database/Migrations/Migrator.php(224): Illuminate\\Database\\Migrations\\Migrator->write('Illuminate\\\\Cons...', '2024_01_01_0000...', Object(Closure))
#14 /Volumes/OA-SSD-Flex/TheOAsis UG-Research Project Management System (v1.0)- Google Apps Script Backend Codes/laravel-app/vendor/laravel/framework/src/Illuminate/Database/Migrations/Migrator.php(189): Illuminate\\Database\\Migrations\\Migrator->runUp('/Volumes/OA-SSD...', 1, false)
#15 /Volumes/OA-SSD-Flex/TheOAsis UG-Research Project Management System (v1.0)- Google Apps Script Backend Codes/laravel-app/vendor/laravel/framework/src/Illuminate/Database/Migrations/Migrator.php(132): Illuminate\\Database\\Migrations\\Migrator->runPending(Array, Array)
#16 /Volumes/OA-SSD-Flex/TheOAsis UG-Research Project Management System (v1.0)- Google Apps Script Backend Codes/laravel-app/vendor/laravel/framework/src/Illuminate/Database/Console/Migrations/MigrateCommand.php(90): Illuminate\\Database\\Migrations\\Migrator->run(Array, Array)
#17 /Volumes/OA-SSD-Flex/TheOAsis UG-Research Project Management System (v1.0)- Google Apps Script Backend Codes/laravel-app/vendor/laravel/framework/src/Illuminate/Database/Migrations/Migrator.php(641): Illuminate\\Database\\Console\\Migrations\\MigrateCommand->{closure:Illuminate\\Database\\Console\\Migrations\\MigrateCommand::handle():83}()
#18 /Volumes/OA-SSD-Flex/TheOAsis UG-Research Project Management System (v1.0)- Google Apps Script Backend Codes/laravel-app/vendor/laravel/framework/src/Illuminate/Database/Console/Migrations/MigrateCommand.php(83): Illuminate\\Database\\Migrations\\Migrator->usingConnection(NULL, Object(Closure))
#19 /Volumes/OA-SSD-Flex/TheOAsis UG-Research Project Management System (v1.0)- Google Apps Script Backend Codes/laravel-app/vendor/laravel/framework/src/Illuminate/Container/BoundMethod.php(36): Illuminate\\Database\\Console\\Migrations\\MigrateCommand->handle()
#20 /Volumes/OA-SSD-Flex/TheOAsis UG-Research Project Management System (v1.0)- Google Apps Script Backend Codes/laravel-app/vendor/laravel/framework/src/Illuminate/Container/Util.php(41): Illuminate\\Container\\BoundMethod::{closure:Illuminate\\Container\\BoundMethod::call():35}()
#21 /Volumes/OA-SSD-Flex/TheOAsis UG-Research Project Management System (v1.0)- Google Apps Script Backend Codes/laravel-app/vendor/laravel/framework/src/Illuminate/Container/BoundMethod.php(93): Illuminate\\Container\\Util::unwrapIfClosure(Object(Closure))
#22 /Volumes/OA-SSD-Flex/TheOAsis UG-Research Project Management System (v1.0)- Google Apps Script Backend Codes/laravel-app/vendor/laravel/framework/src/Illuminate/Container/BoundMethod.php(35): Illuminate\\Container\\BoundMethod::callBoundMethod(Object(Illuminate\\Foundation\\Application), Array, Object(Closure))
#23 /Volumes/OA-SSD-Flex/TheOAsis UG-Research Project Management System (v1.0)- Google Apps Script Backend Codes/laravel-app/vendor/laravel/framework/src/Illuminate/Container/Container.php(662): Illuminate\\Container\\BoundMethod::call(Object(Illuminate\\Foundation\\Application), Array, Array, NULL)
#24 /Volumes/OA-SSD-Flex/TheOAsis UG-Research Project Management System (v1.0)- Google Apps Script Backend Codes/laravel-app/vendor/laravel/framework/src/Illuminate/Console/Command.php(211): Illuminate\\Container\\Container->call(Array)
#25 /Volumes/OA-SSD-Flex/TheOAsis UG-Research Project Management System (v1.0)- Google Apps Script Backend Codes/laravel-app/vendor/symfony/console/Command/Command.php(326): Illuminate\\Console\\Command->execute(Object(Symfony\\Component\\Console\\Input\\ArrayInput), Object(Illuminate\\Console\\OutputStyle))
#26 /Volumes/OA-SSD-Flex/TheOAsis UG-Research Project Management System (v1.0)- Google Apps Script Backend Codes/laravel-app/vendor/laravel/framework/src/Illuminate/Console/Command.php(180): Symfony\\Component\\Console\\Command\\Command->run(Object(Symfony\\Component\\Console\\Input\\ArrayInput), Object(Illuminate\\Console\\OutputStyle))
#27 /Volumes/OA-SSD-Flex/TheOAsis UG-Research Project Management System (v1.0)- Google Apps Script Backend Codes/laravel-app/vendor/laravel/framework/src/Illuminate/Console/Concerns/CallsCommands.php(67): Illuminate\\Console\\Command->run(Object(Symfony\\Component\\Console\\Input\\ArrayInput), Object(Illuminate\\Console\\OutputStyle))
#28 /Volumes/OA-SSD-Flex/TheOAsis UG-Research Project Management System (v1.0)- Google Apps Script Backend Codes/laravel-app/vendor/laravel/framework/src/Illuminate/Console/Concerns/CallsCommands.php(28): Illuminate\\Console\\Command->runCommand('migrate', Array, Object(Illuminate\\Console\\OutputStyle))
#29 /Volumes/OA-SSD-Flex/TheOAsis UG-Research Project Management System (v1.0)- Google Apps Script Backend Codes/laravel-app/vendor/laravel/framework/src/Illuminate/Database/Console/Migrations/FreshCommand.php(53): Illuminate\\Console\\Command->call('migrate', Array)
#30 /Volumes/OA-SSD-Flex/TheOAsis UG-Research Project Management System (v1.0)- Google Apps Script Backend Codes/laravel-app/vendor/laravel/framework/src/Illuminate/Container/BoundMethod.php(36): Illuminate\\Database\\Console\\Migrations\\FreshCommand->handle()
#31 /Volumes/OA-SSD-Flex/TheOAsis UG-Research Project Management System (v1.0)- Google Apps Script Backend Codes/laravel-app/vendor/laravel/framework/src/Illuminate/Container/Util.php(41): Illuminate\\Container\\BoundMethod::{closure:Illuminate\\Container\\BoundMethod::call():35}()
#32 /Volumes/OA-SSD-Flex/TheOAsis UG-Research Project Management System (v1.0)- Google Apps Script Backend Codes/laravel-app/vendor/laravel/framework/src/Illuminate/Container/BoundMethod.php(93): Illuminate\\Container\\Util::unwrapIfClosure(Object(Closure))
#33 /Volumes/OA-SSD-Flex/TheOAsis UG-Research Project Management System (v1.0)- Google Apps Script Backend Codes/laravel-app/vendor/laravel/framework/src/Illuminate/Container/BoundMethod.php(35): Illuminate\\Container\\BoundMethod::callBoundMethod(Object(Illuminate\\Foundation\\Application), Array, Object(Closure))
#34 /Volumes/OA-SSD-Flex/TheOAsis UG-Research Project Management System (v1.0)- Google Apps Script Backend Codes/laravel-app/vendor/laravel/framework/src/Illuminate/Container/Container.php(662): Illuminate\\Container\\BoundMethod::call(Object(Illuminate\\Foundation\\Application), Array, Array, NULL)
#35 /Volumes/OA-SSD-Flex/TheOAsis UG-Research Project Management System (v1.0)- Google Apps Script Backend Codes/laravel-app/vendor/laravel/framework/src/Illuminate/Console/Command.php(211): Illuminate\\Container\\Container->call(Array)
#36 /Volumes/OA-SSD-Flex/TheOAsis UG-Research Project Management System (v1.0)- Google Apps Script Backend Codes/laravel-app/vendor/symfony/console/Command/Command.php(326): Illuminate\\Console\\Command->execute(Object(Symfony\\Component\\Console\\Input\\ArgvInput), Object(Illuminate\\Console\\OutputStyle))
#37 /Volumes/OA-SSD-Flex/TheOAsis UG-Research Project Management System (v1.0)- Google Apps Script Backend Codes/laravel-app/vendor/laravel/framework/src/Illuminate/Console/Command.php(180): Symfony\\Component\\Console\\Command\\Command->run(Object(Symfony\\Component\\Console\\Input\\ArgvInput), Object(Illuminate\\Console\\OutputStyle))
#38 /Volumes/OA-SSD-Flex/TheOAsis UG-Research Project Management System (v1.0)- Google Apps Script Backend Codes/laravel-app/vendor/symfony/console/Application.php(1121): Illuminate\\Console\\Command->run(Object(Symfony\\Component\\Console\\Input\\ArgvInput), Object(Symfony\\Component\\Console\\Output\\ConsoleOutput))
#39 /Volumes/OA-SSD-Flex/TheOAsis UG-Research Project Management System (v1.0)- Google Apps Script Backend Codes/laravel-app/vendor/symfony/console/Application.php(324): Symfony\\Component\\Console\\Application->doRunCommand(Object(Illuminate\\Database\\Console\\Migrations\\FreshCommand), Object(Symfony\\Component\\Console\\Input\\ArgvInput), Object(Symfony\\Component\\Console\\Output\\ConsoleOutput))
#40 /Volumes/OA-SSD-Flex/TheOAsis UG-Research Project Management System (v1.0)- Google Apps Script Backend Codes/laravel-app/vendor/symfony/console/Application.php(175): Symfony\\Component\\Console\\Application->doRun(Object(Symfony\\Component\\Console\\Input\\ArgvInput), Object(Symfony\\Component\\Console\\Output\\ConsoleOutput))
#41 /Volumes/OA-SSD-Flex/TheOAsis UG-Research Project Management System (v1.0)- Google Apps Script Backend Codes/laravel-app/vendor/laravel/framework/src/Illuminate/Foundation/Console/Kernel.php(201): Symfony\\Component\\Console\\Application->run(Object(Symfony\\Component\\Console\\Input\\ArgvInput), Object(Symfony\\Component\\Console\\Output\\ConsoleOutput))
#42 /Volumes/OA-SSD-Flex/TheOAsis UG-Research Project Management System (v1.0)- Google Apps Script Backend Codes/laravel-app/artisan(35): Illuminate\\Foundation\\Console\\Kernel->handle(Object(Symfony\\Component\\Console\\Input\\ArgvInput), Object(Symfony\\Component\\Console\\Output\\ConsoleOutput))
#43 {main}

[previous exception] [object] (PDOException(code: HY000): SQLSTATE[HY000]: General error: 1 table \"users\" already exists at /Volumes/OA-SSD-Flex/TheOAsis UG-Research Project Management System (v1.0)- Google Apps Script Backend Codes/laravel-app/vendor/laravel/framework/src/Illuminate/Database/Connection.php:581)
[stacktrace]
#0 /Volumes/OA-SSD-Flex/TheOAsis UG-Research Project Management System (v1.0)- Google Apps Script Backend Codes/laravel-app/vendor/laravel/framework/src/Illuminate/Database/Connection.php(581): PDO->prepare('create table \"u...')
#1 /Volumes/OA-SSD-Flex/TheOAsis UG-Research Project Management System (v1.0)- Google Apps Script Backend Codes/laravel-app/vendor/laravel/framework/src/Illuminate/Database/Connection.php(816): Illuminate\\Database\\Connection->{closure:Illuminate\\Database\\Connection::statement():576}('create table \"u...', Array)
#2 /Volumes/OA-SSD-Flex/TheOAsis UG-Research Project Management System (v1.0)- Google Apps Script Backend Codes/laravel-app/vendor/laravel/framework/src/Illuminate/Database/Connection.php(783): Illuminate\\Database\\Connection->runQueryCallback('create table \"u...', Array, Object(Closure))
#3 /Volumes/OA-SSD-Flex/TheOAsis UG-Research Project Management System (v1.0)- Google Apps Script Backend Codes/laravel-app/vendor/laravel/framework/src/Illuminate/Database/Connection.php(576): Illuminate\\Database\\Connection->run('create table \"u...', Array, Object(Closure))
#4 /Volumes/OA-SSD-Flex/TheOAsis UG-Research Project Management System (v1.0)- Google Apps Script Backend Codes/laravel-app/vendor/laravel/framework/src/Illuminate/Database/Schema/Blueprint.php(110): Illuminate\\Database\\Connection->statement('create table \"u...')
#5 /Volumes/OA-SSD-Flex/TheOAsis UG-Research Project Management System (v1.0)- Google Apps Script Backend Codes/laravel-app/vendor/laravel/framework/src/Illuminate/Database/Schema/Builder.php(602): Illuminate\\Database\\Schema\\Blueprint->build(Object(Illuminate\\Database\\SQLiteConnection), Object(Illuminate\\Database\\Schema\\Grammars\\SQLiteGrammar))
#6 /Volumes/OA-SSD-Flex/TheOAsis UG-Research Project Management System (v1.0)- Google Apps Script Backend Codes/laravel-app/vendor/laravel/framework/src/Illuminate/Database/Schema/Builder.php(456): Illuminate\\Database\\Schema\\Builder->build(Object(Illuminate\\Database\\Schema\\Blueprint))
#7 /Volumes/OA-SSD-Flex/TheOAsis UG-Research Project Management System (v1.0)- Google Apps Script Backend Codes/laravel-app/vendor/laravel/framework/src/Illuminate/Support/Facades/Facade.php(355): Illuminate\\Database\\Schema\\Builder->create('users', Object(Closure))
#8 /Volumes/OA-SSD-Flex/TheOAsis UG-Research Project Management System (v1.0)- Google Apps Script Backend Codes/laravel-app/database/migrations/2024_01_01_000002_create_users_table.php(11): Illuminate\\Support\\Facades\\Facade::__callStatic('create', Array)
#9 /Volumes/OA-SSD-Flex/TheOAsis UG-Research Project Management System (v1.0)- Google Apps Script Backend Codes/laravel-app/vendor/laravel/framework/src/Illuminate/Database/Migrations/Migrator.php(501): Illuminate\\Database\\Migrations\\Migration@anonymous->up()
#10 /Volumes/OA-SSD-Flex/TheOAsis UG-Research Project Management System (v1.0)- Google Apps Script Backend Codes/laravel-app/vendor/laravel/framework/src/Illuminate/Database/Migrations/Migrator.php(418): Illuminate\\Database\\Migrations\\Migrator->runMethod(Object(Illuminate\\Database\\SQLiteConnection), Object(Illuminate\\Database\\Migrations\\Migration@anonymous), 'up')
#11 /Volumes/OA-SSD-Flex/TheOAsis UG-Research Project Management System (v1.0)- Google Apps Script Backend Codes/laravel-app/vendor/laravel/framework/src/Illuminate/Database/Migrations/Migrator.php(427): Illuminate\\Database\\Migrations\\Migrator->{closure:Illuminate\\Database\\Migrations\\Migrator::runMigration():414}()
#12 /Volumes/OA-SSD-Flex/TheOAsis UG-Research Project Management System (v1.0)- Google Apps Script Backend Codes/laravel-app/vendor/laravel/framework/src/Illuminate/Database/Migrations/Migrator.php(224): Illuminate\\Database\\Migrations\\Migrator->runMigration(Object(Illuminate\\Database\\Migrations\\Migration@anonymous), 'up')
#13 /Volumes/OA-SSD-Flex/TheOAsis UG-Research Project Management System (v1.0)- Google Apps Script Backend Codes/laravel-app/vendor/laravel/framework/src/Illuminate/Console/View/Components/Task.php(37): Illuminate\\Database\\Migrations\\Migrator->{closure:Illuminate\\Database\\Migrations\\Migrator::runUp():224}()
#14 /Volumes/OA-SSD-Flex/TheOAsis UG-Research Project Management System (v1.0)- Google Apps Script Backend Codes/laravel-app/vendor/laravel/framework/src/Illuminate/Database/Migrations/Migrator.php(783): Illuminate\\Console\\View\\Components\\Task->render('2024_01_01_0000...', Object(Closure))
#15 /Volumes/OA-SSD-Flex/TheOAsis UG-Research Project Management System (v1.0)- Google Apps Script Backend Codes/laravel-app/vendor/laravel/framework/src/Illuminate/Database/Migrations/Migrator.php(224): Illuminate\\Database\\Migrations\\Migrator->write('Illuminate\\\\Cons...', '2024_01_01_0000...', Object(Closure))
#16 /Volumes/OA-SSD-Flex/TheOAsis UG-Research Project Management System (v1.0)- Google Apps Script Backend Codes/laravel-app/vendor/laravel/framework/src/Illuminate/Database/Migrations/Migrator.php(189): Illuminate\\Database\\Migrations\\Migrator->runUp('/Volumes/OA-SSD...', 1, false)
#17 /Volumes/OA-SSD-Flex/TheOAsis UG-Research Project Management System (v1.0)- Google Apps Script Backend Codes/laravel-app/vendor/laravel/framework/src/Illuminate/Database/Migrations/Migrator.php(132): Illuminate\\Database\\Migrations\\Migrator->runPending(Array, Array)
#18 /Volumes/OA-SSD-Flex/TheOAsis UG-Research Project Management System (v1.0)- Google Apps Script Backend Codes/laravel-app/vendor/laravel/framework/src/Illuminate/Database/Console/Migrations/MigrateCommand.php(90): Illuminate\\Database\\Migrations\\Migrator->run(Array, Array)
#19 /Volumes/OA-SSD-Flex/TheOAsis UG-Research Project Management System (v1.0)- Google Apps Script Backend Codes/laravel-app/vendor/laravel/framework/src/Illuminate/Database/Migrations/Migrator.php(641): Illuminate\\Database\\Console\\Migrations\\MigrateCommand->{closure:Illuminate\\Database\\Console\\Migrations\\MigrateCommand::handle():83}()
#20 /Volumes/OA-SSD-Flex/TheOAsis UG-Research Project Management System (v1.0)- Google Apps Script Backend Codes/laravel-app/vendor/laravel/framework/src/Illuminate/Database/Console/Migrations/MigrateCommand.php(83): Illuminate\\Database\\Migrations\\Migrator->usingConnection(NULL, Object(Closure))
#21 /Volumes/OA-SSD-Flex/TheOAsis UG-Research Project Management System (v1.0)- Google Apps Script Backend Codes/laravel-app/vendor/laravel/framework/src/Illuminate/Container/BoundMethod.php(36): Illuminate\\Database\\Console\\Migrations\\MigrateCommand->handle()
#22 /Volumes/OA-SSD-Flex/TheOAsis UG-Research Project Management System (v1.0)- Google Apps Script Backend Codes/laravel-app/vendor/laravel/framework/src/Illuminate/Container/Util.php(41): Illuminate\\Container\\BoundMethod::{closure:Illuminate\\Container\\BoundMethod::call():35}()
#23 /Volumes/OA-SSD-Flex/TheOAsis UG-Research Project Management System (v1.0)- Google Apps Script Backend Codes/laravel-app/vendor/laravel/framework/src/Illuminate/Container/BoundMethod.php(93): Illuminate\\Container\\Util::unwrapIfClosure(Object(Closure))
#24 /Volumes/OA-SSD-Flex/TheOAsis UG-Research Project Management System (v1.0)- Google Apps Script Backend Codes/laravel-app/vendor/laravel/framework/src/Illuminate/Container/BoundMethod.php(35): Illuminate\\Container\\BoundMethod::callBoundMethod(Object(Illuminate\\Foundation\\Application), Array, Object(Closure))
#25 /Volumes/OA-SSD-Flex/TheOAsis UG-Research Project Management System (v1.0)- Google Apps Script Backend Codes/laravel-app/vendor/laravel/framework/src/Illuminate/Container/Container.php(662): Illuminate\\Container\\BoundMethod::call(Object(Illuminate\\Foundation\\Application), Array, Array, NULL)
#26 /Volumes/OA-SSD-Flex/TheOAsis UG-Research Project Management System (v1.0)- Google Apps Script Backend Codes/laravel-app/vendor/laravel/framework/src/Illuminate/Console/Command.php(211): Illuminate\\Container\\Container->call(Array)
#27 /Volumes/OA-SSD-Flex/TheOAsis UG-Research Project Management System (v1.0)- Google Apps Script Backend Codes/laravel-app/vendor/symfony/console/Command/Command.php(326): Illuminate\\Console\\Command->execute(Object(Symfony\\Component\\Console\\Input\\ArrayInput), Object(Illuminate\\Console\\OutputStyle))
#28 /Volumes/OA-SSD-Flex/TheOAsis UG-Research Project Management System (v1.0)- Google Apps Script Backend Codes/laravel-app/vendor/laravel/framework/src/Illuminate/Console/Command.php(180): Symfony\\Component\\Console\\Command\\Command->run(Object(Symfony\\Component\\Console\\Input\\ArrayInput), Object(Illuminate\\Console\\OutputStyle))
#29 /Volumes/OA-SSD-Flex/TheOAsis UG-Research Project Management System (v1.0)- Google Apps Script Backend Codes/laravel-app/vendor/laravel/framework/src/Illuminate/Console/Concerns/CallsCommands.php(67): Illuminate\\Console\\Command->run(Object(Symfony\\Component\\Console\\Input\\ArrayInput), Object(Illuminate\\Console\\OutputStyle))
#30 /Volumes/OA-SSD-Flex/TheOAsis UG-Research Project Management System (v1.0)- Google Apps Script Backend Codes/laravel-app/vendor/laravel/framework/src/Illuminate/Console/Concerns/CallsCommands.php(28): Illuminate\\Console\\Command->runCommand('migrate', Array, Object(Illuminate\\Console\\OutputStyle))
#31 /Volumes/OA-SSD-Flex/TheOAsis UG-Research Project Management System (v1.0)- Google Apps Script Backend Codes/laravel-app/vendor/laravel/framework/src/Illuminate/Database/Console/Migrations/FreshCommand.php(53): Illuminate\\Console\\Command->call('migrate', Array)
#32 /Volumes/OA-SSD-Flex/TheOAsis UG-Research Project Management System (v1.0)- Google Apps Script Backend Codes/laravel-app/vendor/laravel/framework/src/Illuminate/Container/BoundMethod.php(36): Illuminate\\Database\\Console\\Migrations\\FreshCommand->handle()
#33 /Volumes/OA-SSD-Flex/TheOAsis UG-Research Project Management System (v1.0)- Google Apps Script Backend Codes/laravel-app/vendor/laravel/framework/src/Illuminate/Container/Util.php(41): Illuminate\\Container\\BoundMethod::{closure:Illuminate\\Container\\BoundMethod::call():35}()
#34 /Volumes/OA-SSD-Flex/TheOAsis UG-Research Project Management System (v1.0)- Google Apps Script Backend Codes/laravel-app/vendor/laravel/framework/src/Illuminate/Container/BoundMethod.php(93): Illuminate\\Container\\Util::unwrapIfClosure(Object(Closure))
#35 /Volumes/OA-SSD-Flex/TheOAsis UG-Research Project Management System (v1.0)- Google Apps Script Backend Codes/laravel-app/vendor/laravel/framework/src/Illuminate/Container/BoundMethod.php(35): Illuminate\\Container\\BoundMethod::callBoundMethod(Object(Illuminate\\Foundation\\Application), Array, Object(Closure))
#36 /Volumes/OA-SSD-Flex/TheOAsis UG-Research Project Management System (v1.0)- Google Apps Script Backend Codes/laravel-app/vendor/laravel/framework/src/Illuminate/Container/Container.php(662): Illuminate\\Container\\BoundMethod::call(Object(Illuminate\\Foundation\\Application), Array, Array, NULL)
#37 /Volumes/OA-SSD-Flex/TheOAsis UG-Research Project Management System (v1.0)- Google Apps Script Backend Codes/laravel-app/vendor/laravel/framework/src/Illuminate/Console/Command.php(211): Illuminate\\Container\\Container->call(Array)
#38 /Volumes/OA-SSD-Flex/TheOAsis UG-Research Project Management System (v1.0)- Google Apps Script Backend Codes/laravel-app/vendor/symfony/console/Command/Command.php(326): Illuminate\\Console\\Command->execute(Object(Symfony\\Component\\Console\\Input\\ArgvInput), Object(Illuminate\\Console\\OutputStyle))
#39 /Volumes/OA-SSD-Flex/TheOAsis UG-Research Project Management System (v1.0)- Google Apps Script Backend Codes/laravel-app/vendor/laravel/framework/src/Illuminate/Console/Command.php(180): Symfony\\Component\\Console\\Command\\Command->run(Object(Symfony\\Component\\Console\\Input\\ArgvInput), Object(Illuminate\\Console\\OutputStyle))
#40 /Volumes/OA-SSD-Flex/TheOAsis UG-Research Project Management System (v1.0)- Google Apps Script Backend Codes/laravel-app/vendor/symfony/console/Application.php(1121): Illuminate\\Console\\Command->run(Object(Symfony\\Component\\Console\\Input\\ArgvInput), Object(Symfony\\Component\\Console\\Output\\ConsoleOutput))
#41 /Volumes/OA-SSD-Flex/TheOAsis UG-Research Project Management System (v1.0)- Google Apps Script Backend Codes/laravel-app/vendor/symfony/console/Application.php(324): Symfony\\Component\\Console\\Application->doRunCommand(Object(Illuminate\\Database\\Console\\Migrations\\FreshCommand), Object(Symfony\\Component\\Console\\Input\\ArgvInput), Object(Symfony\\Component\\Console\\Output\\ConsoleOutput))
#42 /Volumes/OA-SSD-Flex/TheOAsis UG-Research Project Management System (v1.0)- Google Apps Script Backend Codes/laravel-app/vendor/symfony/console/Application.php(175): Symfony\\Component\\Console\\Application->doRun(Object(Symfony\\Component\\Console\\Input\\ArgvInput), Object(Symfony\\Component\\Console\\Output\\ConsoleOutput))
#43 /Volumes/OA-SSD-Flex/TheOAsis UG-Research Project Management System (v1.0)- Google Apps Script Backend Codes/laravel-app/vendor/laravel/framework/src/Illuminate/Foundation/Console/Kernel.php(201): Symfony\\Component\\Console\\Application->run(Object(Symfony\\Component\\Console\\Input\\ArgvInput), Object(Symfony\\Component\\Console\\Output\\ConsoleOutput))
#44 /Volumes/OA-SSD-Flex/TheOAsis UG-Research Project Management System (v1.0)- Google Apps Script Backend Codes/laravel-app/artisan(35): Illuminate\\Foundation\\Console\\Kernel->handle(Object(Symfony\\Component\\Console\\Input\\ArgvInput), Object(Symfony\\Component\\Console\\Output\\ConsoleOutput))
#45 {main}
"} 
[2026-09-21 14:59:23] local.ERROR: SQLSTATE[HY000]: General error: 1 table users has no column named university_id (Connection: sqlite, SQL: insert into "users" ("university_id", "email", "password", "name", "role", "updated_at", "created_at") values (1, admin@lasu.edu.ng, $2y$12$Bj//7Tkx81BUFIM3ffKZqe/Rp0lwSfdUEsxH4hIvhR/yDzQxmALry, Dr. Olasunkanmi Arowolo, admin, 2026-09-21 14:59:23, 2026-09-21 14:59:23)) {"exception":"[object] (Illuminate\\Database\\QueryException(code: HY000): SQLSTATE[HY000]: General error: 1 table users has no column named university_id (Connection: sqlite, SQL: insert into \"users\" (\"university_id\", \"email\", \"password\", \"name\", \"role\", \"updated_at\", \"created_at\") values (1, admin@lasu.edu.ng, $2y$12$Bj//7Tkx81BUFIM3ffKZqe/Rp0lwSfdUEsxH4hIvhR/yDzQxmALry, Dr. Olasunkanmi Arowolo, admin, 2026-09-21 14:59:23, 2026-09-21 14:59:23)) at /Volumes/OA-SSD-Flex/TheOAsis UG-Research Project Management System (v1.0)- Google Apps Script Backend Codes/laravel-app/vendor/laravel/framework/src/Illuminate/Database/Connection.php:829)
[stacktrace]
#0 /Volumes/OA-SSD-Flex/TheOAsis UG-Research Project Management System (v1.0)- Google Apps Script Backend Codes/laravel-app/vendor/laravel/framework/src/Illuminate/Database/Connection.php(783): Illuminate\\Database\\Connection->runQueryCallback('insert into \"us...', Array, Object(Closure))
#1 /Volumes/OA-SSD-Flex/TheOAsis UG-Research Project Management System (v1.0)- Google Apps Script Backend Codes/laravel-app/vendor/laravel/framework/src/Illuminate/Database/Connection.php(576): Illuminate\\Database\\Connection->run('insert into \"us...', Array, Object(Closure))
#2 /Volumes/OA-SSD-Flex/TheOAsis UG-Research Project Management System (v1.0)- Google Apps Script Backend Codes/laravel-app/vendor/laravel/framework/src/Illuminate/Database/Connection.php(540): Illuminate\\Database\\Connection->statement('insert into \"us...', Array)
#3 /Volumes/OA-SSD-Flex/TheOAsis UG-Research Project Management System (v1.0)- Google Apps Script Backend Codes/laravel-app/vendor/laravel/framework/src/Illuminate/Database/Query/Processors/Processor.php(32): Illuminate\\Database\\Connection->insert('insert into \"us...', Array)
#4 /Volumes/OA-SSD-Flex/TheOAsis UG-Research Project Management System (v1.0)- Google Apps Script Backend Codes/laravel-app/vendor/laravel/framework/src/Illuminate/Database/Query/Builder.php(3549): Illuminate\\Database\\Query\\Processors\\Processor->processInsertGetId(Object(Illuminate\\Database\\Query\\Builder), 'insert into \"us...', Array, 'id')
#5 /Volumes/OA-SSD-Flex/TheOAsis UG-Research Project Management System (v1.0)- Google Apps Script Backend Codes/laravel-app/vendor/laravel/framework/src/Illuminate/Database/Eloquent/Builder.php(1982): Illuminate\\Database\\Query\\Builder->insertGetId(Array, 'id')
#6 /Volumes/OA-SSD-Flex/TheOAsis UG-Research Project Management System (v1.0)- Google Apps Script Backend Codes/laravel-app/vendor/laravel/framework/src/Illuminate/Database/Eloquent/Model.php(1334): Illuminate\\Database\\Eloquent\\Builder->__call('insertGetId', Array)
#7 /Volumes/OA-SSD-Flex/TheOAsis UG-Research Project Management System (v1.0)- Google Apps Script Backend Codes/laravel-app/vendor/laravel/framework/src/Illuminate/Database/Eloquent/Model.php(1299): Illuminate\\Database\\Eloquent\\Model->insertAndSetId(Object(Illuminate\\Database\\Eloquent\\Builder), Array)
#8 /Volumes/OA-SSD-Flex/TheOAsis UG-Research Project Management System (v1.0)- Google Apps Script Backend Codes/laravel-app/vendor/laravel/framework/src/Illuminate/Database/Eloquent/Model.php(1138): Illuminate\\Database\\Eloquent\\Model->performInsert(Object(Illuminate\\Database\\Eloquent\\Builder))
#9 /Volumes/OA-SSD-Flex/TheOAsis UG-Research Project Management System (v1.0)- Google Apps Script Backend Codes/laravel-app/vendor/laravel/framework/src/Illuminate/Database/Eloquent/Builder.php(1025): Illuminate\\Database\\Eloquent\\Model->save()
#10 /Volumes/OA-SSD-Flex/TheOAsis UG-Research Project Management System (v1.0)- Google Apps Script Backend Codes/laravel-app/vendor/laravel/framework/src/Illuminate/Support/helpers.php(320): Illuminate\\Database\\Eloquent\\Builder->{closure:Illuminate\\Database\\Eloquent\\Builder::create():1024}(Object(App\\Models\\User))
#11 /Volumes/OA-SSD-Flex/TheOAsis UG-Research Project Management System (v1.0)- Google Apps Script Backend Codes/laravel-app/vendor/laravel/framework/src/Illuminate/Database/Eloquent/Builder.php(1024): tap(Object(App\\Models\\User), Object(Closure))
#12 /Volumes/OA-SSD-Flex/TheOAsis UG-Research Project Management System (v1.0)- Google Apps Script Backend Codes/laravel-app/vendor/laravel/framework/src/Illuminate/Support/Traits/ForwardsCalls.php(23): Illuminate\\Database\\Eloquent\\Builder->create(Array)
#13 /Volumes/OA-SSD-Flex/TheOAsis UG-Research Project Management System (v1.0)- Google Apps Script Backend Codes/laravel-app/vendor/laravel/framework/src/Illuminate/Database/Eloquent/Model.php(2335): Illuminate\\Database\\Eloquent\\Model->forwardCallTo(Object(Illuminate\\Database\\Eloquent\\Builder), 'create', Array)
#14 /Volumes/OA-SSD-Flex/TheOAsis UG-Research Project Management System (v1.0)- Google Apps Script Backend Codes/laravel-app/vendor/laravel/framework/src/Illuminate/Database/Eloquent/Model.php(2347): Illuminate\\Database\\Eloquent\\Model->__call('create', Array)
#15 /Volumes/OA-SSD-Flex/TheOAsis UG-Research Project Management System (v1.0)- Google Apps Script Backend Codes/laravel-app/database/seeders/UserSeeder.php(14): Illuminate\\Database\\Eloquent\\Model::__callStatic('create', Array)
#16 /Volumes/OA-SSD-Flex/TheOAsis UG-Research Project Management System (v1.0)- Google Apps Script Backend Codes/laravel-app/vendor/laravel/framework/src/Illuminate/Container/BoundMethod.php(36): Database\\Seeders\\UserSeeder->run()
#17 /Volumes/OA-SSD-Flex/TheOAsis UG-Research Project Management System (v1.0)- Google Apps Script Backend Codes/laravel-app/vendor/laravel/framework/src/Illuminate/Container/Util.php(41): Illuminate\\Container\\BoundMethod::{closure:Illuminate\\Container\\BoundMethod::call():35}()
#18 /Volumes/OA-SSD-Flex/TheOAsis UG-Research Project Management System (v1.0)- Google Apps Script Backend Codes/laravel-app/vendor/laravel/framework/src/Illuminate/Container/BoundMethod.php(93): Illuminate\\Container\\Util::unwrapIfClosure(Object(Closure))
#19 /Volumes/OA-SSD-Flex/TheOAsis UG-Research Project Management System (v1.0)- Google Apps Script Backend Codes/laravel-app/vendor/laravel/framework/src/Illuminate/Container/BoundMethod.php(35): Illuminate\\Container\\BoundMethod::callBoundMethod(Object(Illuminate\\Foundation\\Application), Array, Object(Closure))
#20 /Volumes/OA-SSD-Flex/TheOAsis UG-Research Project Management System (v1.0)- Google Apps Script Backend Codes/laravel-app/vendor/laravel/framework/src/Illuminate/Container/Container.php(662): Illuminate\\Container\\BoundMethod::call(Object(Illuminate\\Foundation\\Application), Array, Array, NULL)
#21 /Volumes/OA-SSD-Flex/TheOAsis UG-Research Project Management System (v1.0)- Google Apps Script Backend Codes/laravel-app/vendor/laravel/framework/src/Illuminate/Database/Seeder.php(184): Illuminate\\Container\\Container->call(Array, Array)
#22 /Volumes/OA-SSD-Flex/TheOAsis UG-Research Project Management System (v1.0)- Google Apps Script Backend Codes/laravel-app/vendor/laravel/framework/src/Illuminate/Database/Seeder.php(193): Illuminate\\Database\\Seeder->{closure:Illuminate\\Database\\Seeder::__invoke():183}()
#23 /Volumes/OA-SSD-Flex/TheOAsis UG-Research Project Management System (v1.0)- Google Apps Script Backend Codes/laravel-app/vendor/laravel/framework/src/Illuminate/Database/Seeder.php(61): Illuminate\\Database\\Seeder->__invoke(Array)
#24 /Volumes/OA-SSD-Flex/TheOAsis UG-Research Project Management System (v1.0)- Google Apps Script Backend Codes/laravel-app/database/seeders/DatabaseSeeder.php(11): Illuminate\\Database\\Seeder->call('Database\\\\Seeder...')
#25 /Volumes/OA-SSD-Flex/TheOAsis UG-Research Project Management System (v1.0)- Google Apps Script Backend Codes/laravel-app/vendor/laravel/framework/src/Illuminate/Container/BoundMethod.php(36): Database\\Seeders\\DatabaseSeeder->run()
#26 /Volumes/OA-SSD-Flex/TheOAsis UG-Research Project Management System (v1.0)- Google Apps Script Backend Codes/laravel-app/vendor/laravel/framework/src/Illuminate/Container/Util.php(41): Illuminate\\Container\\BoundMethod::{closure:Illuminate\\Container\\BoundMethod::call():35}()
#27 /Volumes/OA-SSD-Flex/TheOAsis UG-Research Project Management System (v1.0)- Google Apps Script Backend Codes/laravel-app/vendor/laravel/framework/src/Illuminate/Container/BoundMethod.php(93): Illuminate\\Container\\Util::unwrapIfClosure(Object(Closure))
#28 /Volumes/OA-SSD-Flex/TheOAsis UG-Research Project Management System (v1.0)- Google Apps Script Backend Codes/laravel-app/vendor/laravel/framework/src/Illuminate/Container/BoundMethod.php(35): Illuminate\\Container\\BoundMethod::callBoundMethod(Object(Illuminate\\Foundation\\Application), Array, Object(Closure))
#29 /Volumes/OA-SSD-Flex/TheOAsis UG-Research Project Management System (v1.0)- Google Apps Script Backend Codes/laravel-app/vendor/laravel/framework/src/Illuminate/Container/Container.php(662): Illuminate\\Container\\BoundMethod::call(Object(Illuminate\\Foundation\\Application), Array, Array, NULL)
#30 /Volumes/OA-SSD-Flex/TheOAsis UG-Research Project Management System (v1.0)- Google Apps Script Backend Codes/laravel-app/vendor/laravel/framework/src/Illuminate/Database/Seeder.php(184): Illuminate\\Container\\Container->call(Array, Array)
#31 /Volumes/OA-SSD-Flex/TheOAsis UG-Research Project Management System (v1.0)- Google Apps Script Backend Codes/laravel-app/vendor/laravel/framework/src/Illuminate/Database/Seeder.php(193): Illuminate\\Database\\Seeder->{closure:Illuminate\\Database\\Seeder::__invoke():183}()
#32 /Volumes/OA-SSD-Flex/TheOAsis UG-Research Project Management System (v1.0)- Google Apps Script Backend Codes/laravel-app/vendor/laravel/framework/src/Illuminate/Database/Console/Seeds/SeedCommand.php(70): Illuminate\\Database\\Seeder->__invoke()
#33 /Volumes/OA-SSD-Flex/TheOAsis UG-Research Project Management System (v1.0)- Google Apps Script Backend Codes/laravel-app/vendor/laravel/framework/src/Illuminate/Database/Eloquent/Concerns/GuardsAttributes.php(155): Illuminate\\Database\\Console\\Seeds\\SeedCommand->{closure:Illuminate\\Database\\Console\\Seeds\\SeedCommand::handle():69}()
#34 /Volumes/OA-SSD-Flex/TheOAsis UG-Research Project Management System (v1.0)- Google Apps Script Backend Codes/laravel-app/vendor/laravel/framework/src/Illuminate/Database/Console/Seeds/SeedCommand.php(69): Illuminate\\Database\\Eloquent\\Model::unguarded(Object(Closure))
#35 /Volumes/OA-SSD-Flex/TheOAsis UG-Research Project Management System (v1.0)- Google Apps Script Backend Codes/laravel-app/vendor/laravel/framework/src/Illuminate/Container/BoundMethod.php(36): Illuminate\\Database\\Console\\Seeds\\SeedCommand->handle()
#36 /Volumes/OA-SSD-Flex/TheOAsis UG-Research Project Management System (v1.0)- Google Apps Script Backend Codes/laravel-app/vendor/laravel/framework/src/Illuminate/Container/Util.php(41): Illuminate\\Container\\BoundMethod::{closure:Illuminate\\Container\\BoundMethod::call():35}()
#37 /Volumes/OA-SSD-Flex/TheOAsis UG-Research Project Management System (v1.0)- Google Apps Script Backend Codes/laravel-app/vendor/laravel/framework/src/Illuminate/Container/BoundMethod.php(93): Illuminate\\Container\\Util::unwrapIfClosure(Object(Closure))
#38 /Volumes/OA-SSD-Flex/TheOAsis UG-Research Project Management System (v1.0)- Google Apps Script Backend Codes/laravel-app/vendor/laravel/framework/src/Illuminate/Container/BoundMethod.php(35): Illuminate\\Container\\BoundMethod::callBoundMethod(Object(Illuminate\\Foundation\\Application), Array, Object(Closure))
#39 /Volumes/OA-SSD-Flex/TheOAsis UG-Research Project Management System (v1.0)- Google Apps Script Backend Codes/laravel-app/vendor/laravel/framework/src/Illuminate/Container/Container.php(662): Illuminate\\Container\\BoundMethod::call(Object(Illuminate\\Foundation\\Application), Array, Array, NULL)
#40 /Volumes/OA-SSD-Flex/TheOAsis UG-Research Project Management System (v1.0)- Google Apps Script Backend Codes/laravel-app/vendor/laravel/framework/src/Illuminate/Console/Command.php(211): Illuminate\\Container\\Container->call(Array)
#41 /Volumes/OA-SSD-Flex/TheOAsis UG-Research Project Management System (v1.0)- Google Apps Script Backend Codes/laravel-app/vendor/symfony/console/Command/Command.php(326): Illuminate\\Console\\Command->execute(Object(Symfony\\Component\\Console\\Input\\ArrayInput), Object(Illuminate\\Console\\OutputStyle))
#42 /Volumes/OA-SSD-Flex/TheOAsis UG-Research Project Management System (v1.0)- Google Apps Script Backend Codes/laravel-app/vendor/laravel/framework/src/Illuminate/Console/Command.php(180): Symfony\\Component\\Console\\Command\\Command->run(Object(Symfony\\Component\\Console\\Input\\ArrayInput), Object(Illuminate\\Console\\OutputStyle))
#43 /Volumes/OA-SSD-Flex/TheOAsis UG-Research Project Management System (v1.0)- Google Apps Script Backend Codes/laravel-app/vendor/laravel/framework/src/Illuminate/Console/Concerns/CallsCommands.php(67): Illuminate\\Console\\Command->run(Object(Symfony\\Component\\Console\\Input\\ArrayInput), Object(Illuminate\\Console\\OutputStyle))
#44 /Volumes/OA-SSD-Flex/TheOAsis UG-Research Project Management System (v1.0)- Google Apps Script Backend Codes/laravel-app/vendor/laravel/framework/src/Illuminate/Console/Concerns/CallsCommands.php(28): Illuminate\\Console\\Command->runCommand('db:seed', Array, Object(Illuminate\\Console\\OutputStyle))
#45 /Volumes/OA-SSD-Flex/TheOAsis UG-Research Project Management System (v1.0)- Google Apps Script Backend Codes/laravel-app/vendor/laravel/framework/src/Illuminate/Database/Console/Migrations/FreshCommand.php(93): Illuminate\\Console\\Command->call('db:seed', Array)
#46 /Volumes/OA-SSD-Flex/TheOAsis UG-Research Project Management System (v1.0)- Google Apps Script Backend Codes/laravel-app/vendor/laravel/framework/src/Illuminate/Database/Console/Migrations/FreshCommand.php(69): Illuminate\\Database\\Console\\Migrations\\FreshCommand->runSeeder(NULL)
#47 /Volumes/OA-SSD-Flex/TheOAsis UG-Research Project Management System (v1.0)- Google Apps Script Backend Codes/laravel-app/vendor/laravel/framework/src/Illuminate/Container/BoundMethod.php(36): Illuminate\\Database\\Console\\Migrations\\FreshCommand->handle()
#48 /Volumes/OA-SSD-Flex/TheOAsis UG-Research Project Management System (v1.0)- Google Apps Script Backend Codes/laravel-app/vendor/laravel/framework/src/Illuminate/Container/Util.php(41): Illuminate\\Container\\BoundMethod::{closure:Illuminate\\Container\\BoundMethod::call():35}()
#49 /Volumes/OA-SSD-Flex/TheOAsis UG-Research Project Management System (v1.0)- Google Apps Script Backend Codes/laravel-app/vendor/laravel/framework/src/Illuminate/Container/BoundMethod.php(93): Illuminate\\Container\\Util::unwrapIfClosure(Object(Closure))
#50 /Volumes/OA-SSD-Flex/TheOAsis UG-Research Project Management System (v1.0)- Google Apps Script Backend Codes/laravel-app/vendor/laravel/framework/src/Illuminate/Container/BoundMethod.php(35): Illuminate\\Container\\BoundMethod::callBoundMethod(Object(Illuminate\\Foundation\\Application), Array, Object(Closure))
#51 /Volumes/OA-SSD-Flex/TheOAsis UG-Research Project Management System (v1.0)- Google Apps Script Backend Codes/laravel-app/vendor/laravel/framework/src/Illuminate/Container/Container.php(662): Illuminate\\Container\\BoundMethod::call(Object(Illuminate\\Foundation\\Application), Array, Array, NULL)
#52 /Volumes/OA-SSD-Flex/TheOAsis UG-Research Project Management System (v1.0)- Google Apps Script Backend Codes/laravel-app/vendor/laravel/framework/src/Illuminate/Console/Command.php(211): Illuminate\\Container\\Container->call(Array)
#53 /Volumes/OA-SSD-Flex/TheOAsis UG-Research Project Management System (v1.0)- Google Apps Script Backend Codes/laravel-app/vendor/symfony/console/Command/Command.php(326): Illuminate\\Console\\Command->execute(Object(Symfony\\Component\\Console\\Input\\ArgvInput), Object(Illuminate\\Console\\OutputStyle))
#54 /Volumes/OA-SSD-Flex/TheOAsis UG-Research Project Management System (v1.0)- Google Apps Script Backend Codes/laravel-app/vendor/laravel/framework/src/Illuminate/Console/Command.php(180): Symfony\\Component\\Console\\Command\\Command->run(Object(Symfony\\Component\\Console\\Input\\ArgvInput), Object(Illuminate\\Console\\OutputStyle))
#55 /Volumes/OA-SSD-Flex/TheOAsis UG-Research Project Management System (v1.0)- Google Apps Script Backend Codes/laravel-app/vendor/symfony/console/Application.php(1121): Illuminate\\Console\\Command->run(Object(Symfony\\Component\\Console\\Input\\ArgvInput), Object(Symfony\\Component\\Console\\Output\\ConsoleOutput))
#56 /Volumes/OA-SSD-Flex/TheOAsis UG-Research Project Management System (v1.0)- Google Apps Script Backend Codes/laravel-app/vendor/symfony/console/Application.php(324): Symfony\\Component\\Console\\Application->doRunCommand(Object(Illuminate\\Database\\Console\\Migrations\\FreshCommand), Object(Symfony\\Component\\Console\\Input\\ArgvInput), Object(Symfony\\Component\\Console\\Output\\ConsoleOutput))
#57 /Volumes/OA-SSD-Flex/TheOAsis UG-Research Project Management System (v1.0)- Google Apps Script Backend Codes/laravel-app/vendor/symfony/console/Application.php(175): Symfony\\Component\\Console\\Application->doRun(Object(Symfony\\Component\\Console\\Input\\ArgvInput), Object(Symfony\\Component\\Console\\Output\\ConsoleOutput))
#58 /Volumes/OA-SSD-Flex/TheOAsis UG-Research Project Management System (v1.0)- Google Apps Script Backend Codes/laravel-app/vendor/laravel/framework/src/Illuminate/Foundation/Console/Kernel.php(201): Symfony\\Component\\Console\\Application->run(Object(Symfony\\Component\\Console\\Input\\ArgvInput), Object(Symfony\\Component\\Console\\Output\\ConsoleOutput))
#59 /Volumes/OA-SSD-Flex/TheOAsis UG-Research Project Management System (v1.0)- Google Apps Script Backend Codes/laravel-app/artisan(35): Illuminate\\Foundation\\Console\\Kernel->handle(Object(Symfony\\Component\\Console\\Input\\ArgvInput), Object(Symfony\\Component\\Console\\Output\\ConsoleOutput))
#60 {main}

[previous exception] [object] (PDOException(code: HY000): SQLSTATE[HY000]: General error: 1 table users has no column named university_id at /Volumes/OA-SSD-Flex/TheOAsis UG-Research Project Management System (v1.0)- Google Apps Script Backend Codes/laravel-app/vendor/laravel/framework/src/Illuminate/Database/Connection.php:581)
[stacktrace]
#0 /Volumes/OA-SSD-Flex/TheOAsis UG-Research Project Management System (v1.0)- Google Apps Script Backend Codes/laravel-app/vendor/laravel/framework/src/Illuminate/Database/Connection.php(581): PDO->prepare('insert into \"us...')
#1 /Volumes/OA-SSD-Flex/TheOAsis UG-Research Project Management System (v1.0)- Google Apps Script Backend Codes/laravel-app/vendor/laravel/framework/src/Illuminate/Database/Connection.php(816): Illuminate\\Database\\Connection->{closure:Illuminate\\Database\\Connection::statement():576}('insert into \"us...', Array)
#2 /Volumes/OA-SSD-Flex/TheOAsis UG-Research Project Management System (v1.0)- Google Apps Script Backend Codes/laravel-app/vendor/laravel/framework/src/Illuminate/Database/Connection.php(783): Illuminate\\Database\\Connection->runQueryCallback('insert into \"us...', Array, Object(Closure))
#3 /Volumes/OA-SSD-Flex/TheOAsis UG-Research Project Management System (v1.0)- Google Apps Script Backend Codes/laravel-app/vendor/laravel/framework/src/Illuminate/Database/Connection.php(576): Illuminate\\Database\\Connection->run('insert into \"us...', Array, Object(Closure))
#4 /Volumes/OA-SSD-Flex/TheOAsis UG-Research Project Management System (v1.0)- Google Apps Script Backend Codes/laravel-app/vendor/laravel/framework/src/Illuminate/Database/Connection.php(540): Illuminate\\Database\\Connection->statement('insert into \"us...', Array)
#5 /Volumes/OA-SSD-Flex/TheOAsis UG-Research Project Management System (v1.0)- Google Apps Script Backend Codes/laravel-app/vendor/laravel/framework/src/Illuminate/Database/Query/Processors/Processor.php(32): Illuminate\\Database\\Connection->insert('insert into \"us...', Array)
#6 /Volumes/OA-SSD-Flex/TheOAsis UG-Research Project Management System (v1.0)- Google Apps Script Backend Codes/laravel-app/vendor/laravel/framework/src/Illuminate/Database/Query/Builder.php(3549): Illuminate\\Database\\Query\\Processors\\Processor->processInsertGetId(Object(Illuminate\\Database\\Query\\Builder), 'insert into \"us...', Array, 'id')
#7 /Volumes/OA-SSD-Flex/TheOAsis UG-Research Project Management System (v1.0)- Google Apps Script Backend Codes/laravel-app/vendor/laravel/framework/src/Illuminate/Database/Eloquent/Builder.php(1982): Illuminate\\Database\\Query\\Builder->insertGetId(Array, 'id')
#8 /Volumes/OA-SSD-Flex/TheOAsis UG-Research Project Management System (v1.0)- Google Apps Script Backend Codes/laravel-app/vendor/laravel/framework/src/Illuminate/Database/Eloquent/Model.php(1334): Illuminate\\Database\\Eloquent\\Builder->__call('insertGetId', Array)
#9 /Volumes/OA-SSD-Flex/TheOAsis UG-Research Project Management System (v1.0)- Google Apps Script Backend Codes/laravel-app/vendor/laravel/framework/src/Illuminate/Database/Eloquent/Model.php(1299): Illuminate\\Database\\Eloquent\\Model->insertAndSetId(Object(Illuminate\\Database\\Eloquent\\Builder), Array)
#10 /Volumes/OA-SSD-Flex/TheOAsis UG-Research Project Management System (v1.0)- Google Apps Script Backend Codes/laravel-app/vendor/laravel/framework/src/Illuminate/Database/Eloquent/Model.php(1138): Illuminate\\Database\\Eloquent\\Model->performInsert(Object(Illuminate\\Database\\Eloquent\\Builder))
#11 /Volumes/OA-SSD-Flex/TheOAsis UG-Research Project Management System (v1.0)- Google Apps Script Backend Codes/laravel-app/vendor/laravel/framework/src/Illuminate/Database/Eloquent/Builder.php(1025): Illuminate\\Database\\Eloquent\\Model->save()
#12 /Volumes/OA-SSD-Flex/TheOAsis UG-Research Project Management System (v1.0)- Google Apps Script Backend Codes/laravel-app/vendor/laravel/framework/src/Illuminate/Support/helpers.php(320): Illuminate\\Database\\Eloquent\\Builder->{closure:Illuminate\\Database\\Eloquent\\Builder::create():1024}(Object(App\\Models\\User))
#13 /Volumes/OA-SSD-Flex/TheOAsis UG-Research Project Management System (v1.0)- Google Apps Script Backend Codes/laravel-app/vendor/laravel/framework/src/Illuminate/Database/Eloquent/Builder.php(1024): tap(Object(App\\Models\\User), Object(Closure))
#14 /Volumes/OA-SSD-Flex/TheOAsis UG-Research Project Management System (v1.0)- Google Apps Script Backend Codes/laravel-app/vendor/laravel/framework/src/Illuminate/Support/Traits/ForwardsCalls.php(23): Illuminate\\Database\\Eloquent\\Builder->create(Array)
#15 /Volumes/OA-SSD-Flex/TheOAsis UG-Research Project Management System (v1.0)- Google Apps Script Backend Codes/laravel-app/vendor/laravel/framework/src/Illuminate/Database/Eloquent/Model.php(2335): Illuminate\\Database\\Eloquent\\Model->forwardCallTo(Object(Illuminate\\Database\\Eloquent\\Builder), 'create', Array)
#16 /Volumes/OA-SSD-Flex/TheOAsis UG-Research Project Management System (v1.0)- Google Apps Script Backend Codes/laravel-app/vendor/laravel/framework/src/Illuminate/Database/Eloquent/Model.php(2347): Illuminate\\Database\\Eloquent\\Model->__call('create', Array)
#17 /Volumes/OA-SSD-Flex/TheOAsis UG-Research Project Management System (v1.0)- Google Apps Script Backend Codes/laravel-app/database/seeders/UserSeeder.php(14): Illuminate\\Database\\Eloquent\\Model::__callStatic('create', Array)
#18 /Volumes/OA-SSD-Flex/TheOAsis UG-Research Project Management System (v1.0)- Google Apps Script Backend Codes/laravel-app/vendor/laravel/framework/src/Illuminate/Container/BoundMethod.php(36): Database\\Seeders\\UserSeeder->run()
#19 /Volumes/OA-SSD-Flex/TheOAsis UG-Research Project Management System (v1.0)- Google Apps Script Backend Codes/laravel-app/vendor/laravel/framework/src/Illuminate/Container/Util.php(41): Illuminate\\Container\\BoundMethod::{closure:Illuminate\\Container\\BoundMethod::call():35}()
#20 /Volumes/OA-SSD-Flex/TheOAsis UG-Research Project Management System (v1.0)- Google Apps Script Backend Codes/laravel-app/vendor/laravel/framework/src/Illuminate/Container/BoundMethod.php(93): Illuminate\\Container\\Util::unwrapIfClosure(Object(Closure))
#21 /Volumes/OA-SSD-Flex/TheOAsis UG-Research Project Management System (v1.0)- Google Apps Script Backend Codes/laravel-app/vendor/laravel/framework/src/Illuminate/Container/BoundMethod.php(35): Illuminate\\Container\\BoundMethod::callBoundMethod(Object(Illuminate\\Foundation\\Application), Array, Object(Closure))
#22 /Volumes/OA-SSD-Flex/TheOAsis UG-Research Project Management System (v1.0)- Google Apps Script Backend Codes/laravel-app/vendor/laravel/framework/src/Illuminate/Container/Container.php(662): Illuminate\\Container\\BoundMethod::call(Object(Illuminate\\Foundation\\Application), Array, Array, NULL)
#23 /Volumes/OA-SSD-Flex/TheOAsis UG-Research Project Management System (v1.0)- Google Apps Script Backend Codes/laravel-app/vendor/laravel/framework/src/Illuminate/Database/Seeder.php(184): Illuminate\\Container\\Container->call(Array, Array)
#24 /Volumes/OA-SSD-Flex/TheOAsis UG-Research Project Management System (v1.0)- Google Apps Script Backend Codes/laravel-app/vendor/laravel/framework/src/Illuminate/Database/Seeder.php(193): Illuminate\\Database\\Seeder->{closure:Illuminate\\Database\\Seeder::__invoke():183}()
#25 /Volumes/OA-SSD-Flex/TheOAsis UG-Research Project Management System (v1.0)- Google Apps Script Backend Codes/laravel-app/vendor/laravel/framework/src/Illuminate/Database/Seeder.php(61): Illuminate\\Database\\Seeder->__invoke(Array)
#26 /Volumes/OA-SSD-Flex/TheOAsis UG-Research Project Management System (v1.0)- Google Apps Script Backend Codes/laravel-app/database/seeders/DatabaseSeeder.php(11): Illuminate\\Database\\Seeder->call('Database\\\\Seeder...')
#27 /Volumes/OA-SSD-Flex/TheOAsis UG-Research Project Management System (v1.0)- Google Apps Script Backend Codes/laravel-app/vendor/laravel/framework/src/Illuminate/Container/BoundMethod.php(36): Database\\Seeders\\DatabaseSeeder->run()
#28 /Volumes/OA-SSD-Flex/TheOAsis UG-Research Project Management System (v1.0)- Google Apps Script Backend Codes/laravel-app/vendor/laravel/framework/src/Illuminate/Container/Util.php(41): Illuminate\\Container\\BoundMethod::{closure:Illuminate\\Container\\BoundMethod::call():35}()
#29 /Volumes/OA-SSD-Flex/TheOAsis UG-Research Project Management System (v1.0)- Google Apps Script Backend Codes/laravel-app/vendor/laravel/framework/src/Illuminate/Container/BoundMethod.php(93): Illuminate\\Container\\Util::unwrapIfClosure(Object(Closure))
#30 /Volumes/OA-SSD-Flex/TheOAsis UG-Research Project Management System (v1.0)- Google Apps Script Backend Codes/laravel-app/vendor/laravel/framework/src/Illuminate/Container/BoundMethod.php(35): Illuminate\\Container\\BoundMethod::callBoundMethod(Object(Illuminate\\Foundation\\Application), Array, Object(Closure))
#31 /Volumes/OA-SSD-Flex/TheOAsis UG-Research Project Management System (v1.0)- Google Apps Script Backend Codes/laravel-app/vendor/laravel/framework/src/Illuminate/Container/Container.php(662): Illuminate\\Container\\BoundMethod::call(Object(Illuminate\\Foundation\\Application), Array, Array, NULL)
#32 /Volumes/OA-SSD-Flex/TheOAsis UG-Research Project Management System (v1.0)- Google Apps Script Backend Codes/laravel-app/vendor/laravel/framework/src/Illuminate/Database/Seeder.php(184): Illuminate\\Container\\Container->call(Array, Array)
#33 /Volumes/OA-SSD-Flex/TheOAsis UG-Research Project Management System (v1.0)- Google Apps Script Backend Codes/laravel-app/vendor/laravel/framework/src/Illuminate/Database/Seeder.php(193): Illuminate\\Database\\Seeder->{closure:Illuminate\\Database\\Seeder::__invoke():183}()
#34 /Volumes/OA-SSD-Flex/TheOAsis UG-Research Project Management System (v1.0)- Google Apps Script Backend Codes/laravel-app/vendor/laravel/framework/src/Illuminate/Database/Console/Seeds/SeedCommand.php(70): Illuminate\\Database\\Seeder->__invoke()
#35 /Volumes/OA-SSD-Flex/TheOAsis UG-Research Project Management System (v1.0)- Google Apps Script Backend Codes/laravel-app/vendor/laravel/framework/src/Illuminate/Database/Eloquent/Concerns/GuardsAttributes.php(155): Illuminate\\Database\\Console\\Seeds\\SeedCommand->{closure:Illuminate\\Database\\Console\\Seeds\\SeedCommand::handle():69}()
#36 /Volumes/OA-SSD-Flex/TheOAsis UG-Research Project Management System (v1.0)- Google Apps Script Backend Codes/laravel-app/vendor/laravel/framework/src/Illuminate/Database/Console/Seeds/SeedCommand.php(69): Illuminate\\Database\\Eloquent\\Model::unguarded(Object(Closure))
#37 /Volumes/OA-SSD-Flex/TheOAsis UG-Research Project Management System (v1.0)- Google Apps Script Backend Codes/laravel-app/vendor/laravel/framework/src/Illuminate/Container/BoundMethod.php(36): Illuminate\\Database\\Console\\Seeds\\SeedCommand->handle()
#38 /Volumes/OA-SSD-Flex/TheOAsis UG-Research Project Management System (v1.0)- Google Apps Script Backend Codes/laravel-app/vendor/laravel/framework/src/Illuminate/Container/Util.php(41): Illuminate\\Container\\BoundMethod::{closure:Illuminate\\Container\\BoundMethod::call():35}()
#39 /Volumes/OA-SSD-Flex/TheOAsis UG-Research Project Management System (v1.0)- Google Apps Script Backend Codes/laravel-app/vendor/laravel/framework/src/Illuminate/Container/BoundMethod.php(93): Illuminate\\Container\\Util::unwrapIfClosure(Object(Closure))
#40 /Volumes/OA-SSD-Flex/TheOAsis UG-Research Project Management System (v1.0)- Google Apps Script Backend Codes/laravel-app/vendor/laravel/framework/src/Illuminate/Container/BoundMethod.php(35): Illuminate\\Container\\BoundMethod::callBoundMethod(Object(Illuminate\\Foundation\\Application), Array, Object(Closure))
#41 /Volumes/OA-SSD-Flex/TheOAsis UG-Research Project Management System (v1.0)- Google Apps Script Backend Codes/laravel-app/vendor/laravel/framework/src/Illuminate/Container/Container.php(662): Illuminate\\Container\\BoundMethod::call(Object(Illuminate\\Foundation\\Application), Array, Array, NULL)
#42 /Volumes/OA-SSD-Flex/TheOAsis UG-Research Project Management System (v1.0)- Google Apps Script Backend Codes/laravel-app/vendor/laravel/framework/src/Illuminate/Console/Command.php(211): Illuminate\\Container\\Container->call(Array)
#43 /Volumes/OA-SSD-Flex/TheOAsis UG-Research Project Management System (v1.0)- Google Apps Script Backend Codes/laravel-app/vendor/symfony/console/Command/Command.php(326): Illuminate\\Console\\Command->execute(Object(Symfony\\Component\\Console\\Input\\ArrayInput), Object(Illuminate\\Console\\OutputStyle))
#44 /Volumes/OA-SSD-Flex/TheOAsis UG-Research Project Management System (v1.0)- Google Apps Script Backend Codes/laravel-app/vendor/laravel/framework/src/Illuminate/Console/Command.php(180): Symfony\\Component\\Console\\Command\\Command->run(Object(Symfony\\Component\\Console\\Input\\ArrayInput), Object(Illuminate\\Console\\OutputStyle))
#45 /Volumes/OA-SSD-Flex/TheOAsis UG-Research Project Management System (v1.0)- Google Apps Script Backend Codes/laravel-app/vendor/laravel/framework/src/Illuminate/Console/Concerns/CallsCommands.php(67): Illuminate\\Console\\Command->run(Object(Symfony\\Component\\Console\\Input\\ArrayInput), Object(Illuminate\\Console\\OutputStyle))
#46 /Volumes/OA-SSD-Flex/TheOAsis UG-Research Project Management System (v1.0)- Google Apps Script Backend Codes/laravel-app/vendor/laravel/framework/src/Illuminate/Console/Concerns/CallsCommands.php(28): Illuminate\\Console\\Command->runCommand('db:seed', Array, Object(Illuminate\\Console\\OutputStyle))
#47 /Volumes/OA-SSD-Flex/TheOAsis UG-Research Project Management System (v1.0)- Google Apps Script Backend Codes/laravel-app/vendor/laravel/framework/src/Illuminate/Database/Console/Migrations/FreshCommand.php(93): Illuminate\\Console\\Command->call('db:seed', Array)
#48 /Volumes/OA-SSD-Flex/TheOAsis UG-Research Project Management System (v1.0)- Google Apps Script Backend Codes/laravel-app/vendor/laravel/framework/src/Illuminate/Database/Console/Migrations/FreshCommand.php(69): Illuminate\\Database\\Console\\Migrations\\FreshCommand->runSeeder(NULL)
#49 /Volumes/OA-SSD-Flex/TheOAsis UG-Research Project Management System (v1.0)- Google Apps Script Backend Codes/laravel-app/vendor/laravel/framework/src/Illuminate/Container/BoundMethod.php(36): Illuminate\\Database\\Console\\Migrations\\FreshCommand->handle()
#50 /Volumes/OA-SSD-Flex/TheOAsis UG-Research Project Management System (v1.0)- Google Apps Script Backend Codes/laravel-app/vendor/laravel/framework/src/Illuminate/Container/Util.php(41): Illuminate\\Container\\BoundMethod::{closure:Illuminate\\Container\\BoundMethod::call():35}()
#51 /Volumes/OA-SSD-Flex/TheOAsis UG-Research Project Management System (v1.0)- Google Apps Script Backend Codes/laravel-app/vendor/laravel/framework/src/Illuminate/Container/BoundMethod.php(93): Illuminate\\Container\\Util::unwrapIfClosure(Object(Closure))
#52 /Volumes/OA-SSD-Flex/TheOAsis UG-Research Project Management System (v1.0)- Google Apps Script Backend Codes/laravel-app/vendor/laravel/framework/src/Illuminate/Container/BoundMethod.php(35): Illuminate\\Container\\BoundMethod::callBoundMethod(Object(Illuminate\\Foundation\\Application), Array, Object(Closure))
#53 /Volumes/OA-SSD-Flex/TheOAsis UG-Research Project Management System (v1.0)- Google Apps Script Backend Codes/laravel-app/vendor/laravel/framework/src/Illuminate/Container/Container.php(662): Illuminate\\Container\\BoundMethod::call(Object(Illuminate\\Foundation\\Application), Array, Array, NULL)
#54 /Volumes/OA-SSD-Flex/TheOAsis UG-Research Project Management System (v1.0)- Google Apps Script Backend Codes/laravel-app/vendor/laravel/framework/src/Illuminate/Console/Command.php(211): Illuminate\\Container\\Container->call(Array)
#55 /Volumes/OA-SSD-Flex/TheOAsis UG-Research Project Management System (v1.0)- Google Apps Script Backend Codes/laravel-app/vendor/symfony/console/Command/Command.php(326): Illuminate\\Console\\Command->execute(Object(Symfony\\Component\\Console\\Input\\ArgvInput), Object(Illuminate\\Console\\OutputStyle))
#56 /Volumes/OA-SSD-Flex/TheOAsis UG-Research Project Management System (v1.0)- Google Apps Script Backend Codes/laravel-app/vendor/laravel/framework/src/Illuminate/Console/Command.php(180): Symfony\\Component\\Console\\Command\\Command->run(Object(Symfony\\Component\\Console\\Input\\ArgvInput), Object(Illuminate\\Console\\OutputStyle))
#57 /Volumes/OA-SSD-Flex/TheOAsis UG-Research Project Management System (v1.0)- Google Apps Script Backend Codes/laravel-app/vendor/symfony/console/Application.php(1121): Illuminate\\Console\\Command->run(Object(Symfony\\Component\\Console\\Input\\ArgvInput), Object(Symfony\\Component\\Console\\Output\\ConsoleOutput))
#58 /Volumes/OA-SSD-Flex/TheOAsis UG-Research Project Management System (v1.0)- Google Apps Script Backend Codes/laravel-app/vendor/symfony/console/Application.php(324): Symfony\\Component\\Console\\Application->doRunCommand(Object(Illuminate\\Database\\Console\\Migrations\\FreshCommand), Object(Symfony\\Component\\Console\\Input\\ArgvInput), Object(Symfony\\Component\\Console\\Output\\ConsoleOutput))
#59 /Volumes/OA-SSD-Flex/TheOAsis UG-Research Project Management System (v1.0)- Google Apps Script Backend Codes/laravel-app/vendor/symfony/console/Application.php(175): Symfony\\Component\\Console\\Application->doRun(Object(Symfony\\Component\\Console\\Input\\ArgvInput), Object(Symfony\\Component\\Console\\Output\\ConsoleOutput))
#60 /Volumes/OA-SSD-Flex/TheOAsis UG-Research Project Management System (v1.0)- Google Apps Script Backend Codes/laravel-app/vendor/laravel/framework/src/Illuminate/Foundation/Console/Kernel.php(201): Symfony\\Component\\Console\\Application->run(Object(Symfony\\Component\\Console\\Input\\ArgvInput), Object(Symfony\\Component\\Console\\Output\\ConsoleOutput))
#61 /Volumes/OA-SSD-Flex/TheOAsis UG-Research Project Management System (v1.0)- Google Apps Script Backend Codes/laravel-app/artisan(35): Illuminate\\Foundation\\Console\\Kernel->handle(Object(Symfony\\Component\\Console\\Input\\ArgvInput), Object(Symfony\\Component\\Console\\Output\\ConsoleOutput))
#62 {main}
"} 
[2026-09-21 14:59:42] local.ERROR: SQLSTATE[HY000]: General error: 1 no such table: stage_histories (Connection: sqlite, SQL: insert into "stage_histories" ("university_id", "student_id", "stage_number", "stage_name", "action", "note", "updated_at", "created_at") values (1, 1, 1, Topic Ideation & Approval, entered, Student registered, 2026-09-21 14:59:42, 2026-09-21 14:59:42)) {"exception":"[object] (Illuminate\\Database\\QueryException(code: HY000): SQLSTATE[HY000]: General error: 1 no such table: stage_histories (Connection: sqlite, SQL: insert into \"stage_histories\" (\"university_id\", \"student_id\", \"stage_number\", \"stage_name\", \"action\", \"note\", \"updated_at\", \"created_at\") values (1, 1, 1, Topic Ideation & Approval, entered, Student registered, 2026-09-21 14:59:42, 2026-09-21 14:59:42)) at /Volumes/OA-SSD-Flex/TheOAsis UG-Research Project Management System (v1.0)- Google Apps Script Backend Codes/laravel-app/vendor/laravel/framework/src/Illuminate/Database/Connection.php:829)
[stacktrace]
#0 /Volumes/OA-SSD-Flex/TheOAsis UG-Research Project Management System (v1.0)- Google Apps Script Backend Codes/laravel-app/vendor/laravel/framework/src/Illuminate/Database/Connection.php(783): Illuminate\\Database\\Connection->runQueryCallback('insert into \"st...', Array, Object(Closure))
#1 /Volumes/OA-SSD-Flex/TheOAsis UG-Research Project Management System (v1.0)- Google Apps Script Backend Codes/laravel-app/vendor/laravel/framework/src/Illuminate/Database/Connection.php(576): Illuminate\\Database\\Connection->run('insert into \"st...', Array, Object(Closure))
#2 /Volumes/OA-SSD-Flex/TheOAsis UG-Research Project Management System (v1.0)- Google Apps Script Backend Codes/laravel-app/vendor/laravel/framework/src/Illuminate/Database/Connection.php(540): Illuminate\\Database\\Connection->statement('insert into \"st...', Array)
#3 /Volumes/OA-SSD-Flex/TheOAsis UG-Research Project Management System (v1.0)- Google Apps Script Backend Codes/laravel-app/vendor/laravel/framework/src/Illuminate/Database/Query/Processors/Processor.php(32): Illuminate\\Database\\Connection->insert('insert into \"st...', Array)
#4 /Volumes/OA-SSD-Flex/TheOAsis UG-Research Project Management System (v1.0)- Google Apps Script Backend Codes/laravel-app/vendor/laravel/framework/src/Illuminate/Database/Query/Builder.php(3549): Illuminate\\Database\\Query\\Processors\\Processor->processInsertGetId(Object(Illuminate\\Database\\Query\\Builder), 'insert into \"st...', Array, 'id')
#5 /Volumes/OA-SSD-Flex/TheOAsis UG-Research Project Management System (v1.0)- Google Apps Script Backend Codes/laravel-app/vendor/laravel/framework/src/Illuminate/Database/Eloquent/Builder.php(1982): Illuminate\\Database\\Query\\Builder->insertGetId(Array, 'id')
#6 /Volumes/OA-SSD-Flex/TheOAsis UG-Research Project Management System (v1.0)- Google Apps Script Backend Codes/laravel-app/vendor/laravel/framework/src/Illuminate/Database/Eloquent/Model.php(1334): Illuminate\\Database\\Eloquent\\Builder->__call('insertGetId', Array)
#7 /Volumes/OA-SSD-Flex/TheOAsis UG-Research Project Management System (v1.0)- Google Apps Script Backend Codes/laravel-app/vendor/laravel/framework/src/Illuminate/Database/Eloquent/Model.php(1299): Illuminate\\Database\\Eloquent\\Model->insertAndSetId(Object(Illuminate\\Database\\Eloquent\\Builder), Array)
#8 /Volumes/OA-SSD-Flex/TheOAsis UG-Research Project Management System (v1.0)- Google Apps Script Backend Codes/laravel-app/vendor/laravel/framework/src/Illuminate/Database/Eloquent/Model.php(1138): Illuminate\\Database\\Eloquent\\Model->performInsert(Object(Illuminate\\Database\\Eloquent\\Builder))
#9 /Volumes/OA-SSD-Flex/TheOAsis UG-Research Project Management System (v1.0)- Google Apps Script Backend Codes/laravel-app/vendor/laravel/framework/src/Illuminate/Database/Eloquent/Builder.php(1025): Illuminate\\Database\\Eloquent\\Model->save()
#10 /Volumes/OA-SSD-Flex/TheOAsis UG-Research Project Management System (v1.0)- Google Apps Script Backend Codes/laravel-app/vendor/laravel/framework/src/Illuminate/Support/helpers.php(320): Illuminate\\Database\\Eloquent\\Builder->{closure:Illuminate\\Database\\Eloquent\\Builder::create():1024}(Object(App\\Models\\StageHistory))
#11 /Volumes/OA-SSD-Flex/TheOAsis UG-Research Project Management System (v1.0)- Google Apps Script Backend Codes/laravel-app/vendor/laravel/framework/src/Illuminate/Database/Eloquent/Builder.php(1024): tap(Object(App\\Models\\StageHistory), Object(Closure))
#12 /Volumes/OA-SSD-Flex/TheOAsis UG-Research Project Management System (v1.0)- Google Apps Script Backend Codes/laravel-app/vendor/laravel/framework/src/Illuminate/Support/Traits/ForwardsCalls.php(23): Illuminate\\Database\\Eloquent\\Builder->create(Array)
#13 /Volumes/OA-SSD-Flex/TheOAsis UG-Research Project Management System (v1.0)- Google Apps Script Backend Codes/laravel-app/vendor/laravel/framework/src/Illuminate/Database/Eloquent/Model.php(2335): Illuminate\\Database\\Eloquent\\Model->forwardCallTo(Object(Illuminate\\Database\\Eloquent\\Builder), 'create', Array)
#14 /Volumes/OA-SSD-Flex/TheOAsis UG-Research Project Management System (v1.0)- Google Apps Script Backend Codes/laravel-app/vendor/laravel/framework/src/Illuminate/Database/Eloquent/Model.php(2347): Illuminate\\Database\\Eloquent\\Model->__call('create', Array)
#15 /Volumes/OA-SSD-Flex/TheOAsis UG-Research Project Management System (v1.0)- Google Apps Script Backend Codes/laravel-app/database/seeders/StageHistorySeeder.php(13): Illuminate\\Database\\Eloquent\\Model::__callStatic('create', Array)
#16 /Volumes/OA-SSD-Flex/TheOAsis UG-Research Project Management System (v1.0)- Google Apps Script Backend Codes/laravel-app/vendor/laravel/framework/src/Illuminate/Container/BoundMethod.php(36): Database\\Seeders\\StageHistorySeeder->run()
#17 /Volumes/OA-SSD-Flex/TheOAsis UG-Research Project Management System (v1.0)- Google Apps Script Backend Codes/laravel-app/vendor/laravel/framework/src/Illuminate/Container/Util.php(41): Illuminate\\Container\\BoundMethod::{closure:Illuminate\\Container\\BoundMethod::call():35}()
#18 /Volumes/OA-SSD-Flex/TheOAsis UG-Research Project Management System (v1.0)- Google Apps Script Backend Codes/laravel-app/vendor/laravel/framework/src/Illuminate/Container/BoundMethod.php(93): Illuminate\\Container\\Util::unwrapIfClosure(Object(Closure))
#19 /Volumes/OA-SSD-Flex/TheOAsis UG-Research Project Management System (v1.0)- Google Apps Script Backend Codes/laravel-app/vendor/laravel/framework/src/Illuminate/Container/BoundMethod.php(35): Illuminate\\Container\\BoundMethod::callBoundMethod(Object(Illuminate\\Foundation\\Application), Array, Object(Closure))
#20 /Volumes/OA-SSD-Flex/TheOAsis UG-Research Project Management System (v1.0)- Google Apps Script Backend Codes/laravel-app/vendor/laravel/framework/src/Illuminate/Container/Container.php(662): Illuminate\\Container\\BoundMethod::call(Object(Illuminate\\Foundation\\Application), Array, Array, NULL)
#21 /Volumes/OA-SSD-Flex/TheOAsis UG-Research Project Management System (v1.0)- Google Apps Script Backend Codes/laravel-app/vendor/laravel/framework/src/Illuminate/Database/Seeder.php(184): Illuminate\\Container\\Container->call(Array, Array)
#22 /Volumes/OA-SSD-Flex/TheOAsis UG-Research Project Management System (v1.0)- Google Apps Script Backend Codes/laravel-app/vendor/laravel/framework/src/Illuminate/Database/Seeder.php(193): Illuminate\\Database\\Seeder->{closure:Illuminate\\Database\\Seeder::__invoke():183}()
#23 /Volumes/OA-SSD-Flex/TheOAsis UG-Research Project Management System (v1.0)- Google Apps Script Backend Codes/laravel-app/vendor/laravel/framework/src/Illuminate/Database/Seeder.php(61): Illuminate\\Database\\Seeder->__invoke(Array)
#24 /Volumes/OA-SSD-Flex/TheOAsis UG-Research Project Management System (v1.0)- Google Apps Script Backend Codes/laravel-app/database/seeders/DatabaseSeeder.php(11): Illuminate\\Database\\Seeder->call('Database\\\\Seeder...')
#25 /Volumes/OA-SSD-Flex/TheOAsis UG-Research Project Management System (v1.0)- Google Apps Script Backend Codes/laravel-app/vendor/laravel/framework/src/Illuminate/Container/BoundMethod.php(36): Database\\Seeders\\DatabaseSeeder->run()
#26 /Volumes/OA-SSD-Flex/TheOAsis UG-Research Project Management System (v1.0)- Google Apps Script Backend Codes/laravel-app/vendor/laravel/framework/src/Illuminate/Container/Util.php(41): Illuminate\\Container\\BoundMethod::{closure:Illuminate\\Container\\BoundMethod::call():35}()
#27 /Volumes/OA-SSD-Flex/TheOAsis UG-Research Project Management System (v1.0)- Google Apps Script Backend Codes/laravel-app/vendor/laravel/framework/src/Illuminate/Container/BoundMethod.php(93): Illuminate\\Container\\Util::unwrapIfClosure(Object(Closure))
#28 /Volumes/OA-SSD-Flex/TheOAsis UG-Research Project Management System (v1.0)- Google Apps Script Backend Codes/laravel-app/vendor/laravel/framework/src/Illuminate/Container/BoundMethod.php(35): Illuminate\\Container\\BoundMethod::callBoundMethod(Object(Illuminate\\Foundation\\Application), Array, Object(Closure))
#29 /Volumes/OA-SSD-Flex/TheOAsis UG-Research Project Management System (v1.0)- Google Apps Script Backend Codes/laravel-app/vendor/laravel/framework/src/Illuminate/Container/Container.php(662): Illuminate\\Container\\BoundMethod::call(Object(Illuminate\\Foundation\\Application), Array, Array, NULL)
#30 /Volumes/OA-SSD-Flex/TheOAsis UG-Research Project Management System (v1.0)- Google Apps Script Backend Codes/laravel-app/vendor/laravel/framework/src/Illuminate/Database/Seeder.php(184): Illuminate\\Container\\Container->call(Array, Array)
#31 /Volumes/OA-SSD-Flex/TheOAsis UG-Research Project Management System (v1.0)- Google Apps Script Backend Codes/laravel-app/vendor/laravel/framework/src/Illuminate/Database/Seeder.php(193): Illuminate\\Database\\Seeder->{closure:Illuminate\\Database\\Seeder::__invoke():183}()
#32 /Volumes/OA-SSD-Flex/TheOAsis UG-Research Project Management System (v1.0)- Google Apps Script Backend Codes/laravel-app/vendor/laravel/framework/src/Illuminate/Database/Console/Seeds/SeedCommand.php(70): Illuminate\\Database\\Seeder->__invoke()
#33 /Volumes/OA-SSD-Flex/TheOAsis UG-Research Project Management System (v1.0)- Google Apps Script Backend Codes/laravel-app/vendor/laravel/framework/src/Illuminate/Database/Eloquent/Concerns/GuardsAttributes.php(155): Illuminate\\Database\\Console\\Seeds\\SeedCommand->{closure:Illuminate\\Database\\Console\\Seeds\\SeedCommand::handle():69}()
#34 /Volumes/OA-SSD-Flex/TheOAsis UG-Research Project Management System (v1.0)- Google Apps Script Backend Codes/laravel-app/vendor/laravel/framework/src/Illuminate/Database/Console/Seeds/SeedCommand.php(69): Illuminate\\Database\\Eloquent\\Model::unguarded(Object(Closure))
#35 /Volumes/OA-SSD-Flex/TheOAsis UG-Research Project Management System (v1.0)- Google Apps Script Backend Codes/laravel-app/vendor/laravel/framework/src/Illuminate/Container/BoundMethod.php(36): Illuminate\\Database\\Console\\Seeds\\SeedCommand->handle()
#36 /Volumes/OA-SSD-Flex/TheOAsis UG-Research Project Management System (v1.0)- Google Apps Script Backend Codes/laravel-app/vendor/laravel/framework/src/Illuminate/Container/Util.php(41): Illuminate\\Container\\BoundMethod::{closure:Illuminate\\Container\\BoundMethod::call():35}()
#37 /Volumes/OA-SSD-Flex/TheOAsis UG-Research Project Management System (v1.0)- Google Apps Script Backend Codes/laravel-app/vendor/laravel/framework/src/Illuminate/Container/BoundMethod.php(93): Illuminate\\Container\\Util::unwrapIfClosure(Object(Closure))
#38 /Volumes/OA-SSD-Flex/TheOAsis UG-Research Project Management System (v1.0)- Google Apps Script Backend Codes/laravel-app/vendor/laravel/framework/src/Illuminate/Container/BoundMethod.php(35): Illuminate\\Container\\BoundMethod::callBoundMethod(Object(Illuminate\\Foundation\\Application), Array, Object(Closure))
#39 /Volumes/OA-SSD-Flex/TheOAsis UG-Research Project Management System (v1.0)- Google Apps Script Backend Codes/laravel-app/vendor/laravel/framework/src/Illuminate/Container/Container.php(662): Illuminate\\Container\\BoundMethod::call(Object(Illuminate\\Foundation\\Application), Array, Array, NULL)
#40 /Volumes/OA-SSD-Flex/TheOAsis UG-Research Project Management System (v1.0)- Google Apps Script Backend Codes/laravel-app/vendor/laravel/framework/src/Illuminate/Console/Command.php(211): Illuminate\\Container\\Container->call(Array)
#41 /Volumes/OA-SSD-Flex/TheOAsis UG-Research Project Management System (v1.0)- Google Apps Script Backend Codes/laravel-app/vendor/symfony/console/Command/Command.php(326): Illuminate\\Console\\Command->execute(Object(Symfony\\Component\\Console\\Input\\ArrayInput), Object(Illuminate\\Console\\OutputStyle))
#42 /Volumes/OA-SSD-Flex/TheOAsis UG-Research Project Management System (v1.0)- Google Apps Script Backend Codes/laravel-app/vendor/laravel/framework/src/Illuminate/Console/Command.php(180): Symfony\\Component\\Console\\Command\\Command->run(Object(Symfony\\Component\\Console\\Input\\ArrayInput), Object(Illuminate\\Console\\OutputStyle))
#43 /Volumes/OA-SSD-Flex/TheOAsis UG-Research Project Management System (v1.0)- Google Apps Script Backend Codes/laravel-app/vendor/laravel/framework/src/Illuminate/Console/Concerns/CallsCommands.php(67): Illuminate\\Console\\Command->run(Object(Symfony\\Component\\Console\\Input\\ArrayInput), Object(Illuminate\\Console\\OutputStyle))
#44 /Volumes/OA-SSD-Flex/TheOAsis UG-Research Project Management System (v1.0)- Google Apps Script Backend Codes/laravel-app/vendor/laravel/framework/src/Illuminate/Console/Concerns/CallsCommands.php(28): Illuminate\\Console\\Command->runCommand('db:seed', Array, Object(Illuminate\\Console\\OutputStyle))
#45 /Volumes/OA-SSD-Flex/TheOAsis UG-Research Project Management System (v1.0)- Google Apps Script Backend Codes/laravel-app/vendor/laravel/framework/src/Illuminate/Database/Console/Migrations/FreshCommand.php(93): Illuminate\\Console\\Command->call('db:seed', Array)
#46 /Volumes/OA-SSD-Flex/TheOAsis UG-Research Project Management System (v1.0)- Google Apps Script Backend Codes/laravel-app/vendor/laravel/framework/src/Illuminate/Database/Console/Migrations/FreshCommand.php(69): Illuminate\\Database\\Console\\Migrations\\FreshCommand->runSeeder(NULL)
#47 /Volumes/OA-SSD-Flex/TheOAsis UG-Research Project Management System (v1.0)- Google Apps Script Backend Codes/laravel-app/vendor/laravel/framework/src/Illuminate/Container/BoundMethod.php(36): Illuminate\\Database\\Console\\Migrations\\FreshCommand->handle()
#48 /Volumes/OA-SSD-Flex/TheOAsis UG-Research Project Management System (v1.0)- Google Apps Script Backend Codes/laravel-app/vendor/laravel/framework/src/Illuminate/Container/Util.php(41): Illuminate\\Container\\BoundMethod::{closure:Illuminate\\Container\\BoundMethod::call():35}()
#49 /Volumes/OA-SSD-Flex/TheOAsis UG-Research Project Management System (v1.0)- Google Apps Script Backend Codes/laravel-app/vendor/laravel/framework/src/Illuminate/Container/BoundMethod.php(93): Illuminate\\Container\\Util::unwrapIfClosure(Object(Closure))
#50 /Volumes/OA-SSD-Flex/TheOAsis UG-Research Project Management System (v1.0)- Google Apps Script Backend Codes/laravel-app/vendor/laravel/framework/src/Illuminate/Container/BoundMethod.php(35): Illuminate\\Container\\BoundMethod::callBoundMethod(Object(Illuminate\\Foundation\\Application), Array, Object(Closure))
#51 /Volumes/OA-SSD-Flex/TheOAsis UG-Research Project Management System (v1.0)- Google Apps Script Backend Codes/laravel-app/vendor/laravel/framework/src/Illuminate/Container/Container.php(662): Illuminate\\Container\\BoundMethod::call(Object(Illuminate\\Foundation\\Application), Array, Array, NULL)
#52 /Volumes/OA-SSD-Flex/TheOAsis UG-Research Project Management System (v1.0)- Google Apps Script Backend Codes/laravel-app/vendor/laravel/framework/src/Illuminate/Console/Command.php(211): Illuminate\\Container\\Container->call(Array)
#53 /Volumes/OA-SSD-Flex/TheOAsis UG-Research Project Management System (v1.0)- Google Apps Script Backend Codes/laravel-app/vendor/symfony/console/Command/Command.php(326): Illuminate\\Console\\Command->execute(Object(Symfony\\Component\\Console\\Input\\ArgvInput), Object(Illuminate\\Console\\OutputStyle))
#54 /Volumes/OA-SSD-Flex/TheOAsis UG-Research Project Management System (v1.0)- Google Apps Script Backend Codes/laravel-app/vendor/laravel/framework/src/Illuminate/Console/Command.php(180): Symfony\\Component\\Console\\Command\\Command->run(Object(Symfony\\Component\\Console\\Input\\ArgvInput), Object(Illuminate\\Console\\OutputStyle))
#55 /Volumes/OA-SSD-Flex/TheOAsis UG-Research Project Management System (v1.0)- Google Apps Script Backend Codes/laravel-app/vendor/symfony/console/Application.php(1121): Illuminate\\Console\\Command->run(Object(Symfony\\Component\\Console\\Input\\ArgvInput), Object(Symfony\\Component\\Console\\Output\\ConsoleOutput))
#56 /Volumes/OA-SSD-Flex/TheOAsis UG-Research Project Management System (v1.0)- Google Apps Script Backend Codes/laravel-app/vendor/symfony/console/Application.php(324): Symfony\\Component\\Console\\Application->doRunCommand(Object(Illuminate\\Database\\Console\\Migrations\\FreshCommand), Object(Symfony\\Component\\Console\\Input\\ArgvInput), Object(Symfony\\Component\\Console\\Output\\ConsoleOutput))
#57 /Volumes/OA-SSD-Flex/TheOAsis UG-Research Project Management System (v1.0)- Google Apps Script Backend Codes/laravel-app/vendor/symfony/console/Application.php(175): Symfony\\Component\\Console\\Application->doRun(Object(Symfony\\Component\\Console\\Input\\ArgvInput), Object(Symfony\\Component\\Console\\Output\\ConsoleOutput))
#58 /Volumes/OA-SSD-Flex/TheOAsis UG-Research Project Management System (v1.0)- Google Apps Script Backend Codes/laravel-app/vendor/laravel/framework/src/Illuminate/Foundation/Console/Kernel.php(201): Symfony\\Component\\Console\\Application->run(Object(Symfony\\Component\\Console\\Input\\ArgvInput), Object(Symfony\\Component\\Console\\Output\\ConsoleOutput))
#59 /Volumes/OA-SSD-Flex/TheOAsis UG-Research Project Management System (v1.0)- Google Apps Script Backend Codes/laravel-app/artisan(35): Illuminate\\Foundation\\Console\\Kernel->handle(Object(Symfony\\Component\\Console\\Input\\ArgvInput), Object(Symfony\\Component\\Console\\Output\\ConsoleOutput))
#60 {main}

[previous exception] [object] (PDOException(code: HY000): SQLSTATE[HY000]: General error: 1 no such table: stage_histories at /Volumes/OA-SSD-Flex/TheOAsis UG-Research Project Management System (v1.0)- Google Apps Script Backend Codes/laravel-app/vendor/laravel/framework/src/Illuminate/Database/Connection.php:581)
[stacktrace]
#0 /Volumes/OA-SSD-Flex/TheOAsis UG-Research Project Management System (v1.0)- Google Apps Script Backend Codes/laravel-app/vendor/laravel/framework/src/Illuminate/Database/Connection.php(581): PDO->prepare('insert into \"st...')
#1 /Volumes/OA-SSD-Flex/TheOAsis UG-Research Project Management System (v1.0)- Google Apps Script Backend Codes/laravel-app/vendor/laravel/framework/src/Illuminate/Database/Connection.php(816): Illuminate\\Database\\Connection->{closure:Illuminate\\Database\\Connection::statement():576}('insert into \"st...', Array)
#2 /Volumes/OA-SSD-Flex/TheOAsis UG-Research Project Management System (v1.0)- Google Apps Script Backend Codes/laravel-app/vendor/laravel/framework/src/Illuminate/Database/Connection.php(783): Illuminate\\Database\\Connection->runQueryCallback('insert into \"st...', Array, Object(Closure))
#3 /Volumes/OA-SSD-Flex/TheOAsis UG-Research Project Management System (v1.0)- Google Apps Script Backend Codes/laravel-app/vendor/laravel/framework/src/Illuminate/Database/Connection.php(576): Illuminate\\Database\\Connection->run('insert into \"st...', Array, Object(Closure))
#4 /Volumes/OA-SSD-Flex/TheOAsis UG-Research Project Management System (v1.0)- Google Apps Script Backend Codes/laravel-app/vendor/laravel/framework/src/Illuminate/Database/Connection.php(540): Illuminate\\Database\\Connection->statement('insert into \"st...', Array)
#5 /Volumes/OA-SSD-Flex/TheOAsis UG-Research Project Management System (v1.0)- Google Apps Script Backend Codes/laravel-app/vendor/laravel/framework/src/Illuminate/Database/Query/Processors/Processor.php(32): Illuminate\\Database\\Connection->insert('insert into \"st...', Array)
#6 /Volumes/OA-SSD-Flex/TheOAsis UG-Research Project Management System (v1.0)- Google Apps Script Backend Codes/laravel-app/vendor/laravel/framework/src/Illuminate/Database/Query/Builder.php(3549): Illuminate\\Database\\Query\\Processors\\Processor->processInsertGetId(Object(Illuminate\\Database\\Query\\Builder), 'insert into \"st...', Array, 'id')
#7 /Volumes/OA-SSD-Flex/TheOAsis UG-Research Project Management System (v1.0)- Google Apps Script Backend Codes/laravel-app/vendor/laravel/framework/src/Illuminate/Database/Eloquent/Builder.php(1982): Illuminate\\Database\\Query\\Builder->insertGetId(Array, 'id')
#8 /Volumes/OA-SSD-Flex/TheOAsis UG-Research Project Management System (v1.0)- Google Apps Script Backend Codes/laravel-app/vendor/laravel/framework/src/Illuminate/Database/Eloquent/Model.php(1334): Illuminate\\Database\\Eloquent\\Builder->__call('insertGetId', Array)
#9 /Volumes/OA-SSD-Flex/TheOAsis UG-Research Project Management System (v1.0)- Google Apps Script Backend Codes/laravel-app/vendor/laravel/framework/src/Illuminate/Database/Eloquent/Model.php(1299): Illuminate\\Database\\Eloquent\\Model->insertAndSetId(Object(Illuminate\\Database\\Eloquent\\Builder), Array)
#10 /Volumes/OA-SSD-Flex/TheOAsis UG-Research Project Management System (v1.0)- Google Apps Script Backend Codes/laravel-app/vendor/laravel/framework/src/Illuminate/Database/Eloquent/Model.php(1138): Illuminate\\Database\\Eloquent\\Model->performInsert(Object(Illuminate\\Database\\Eloquent\\Builder))
#11 /Volumes/OA-SSD-Flex/TheOAsis UG-Research Project Management System (v1.0)- Google Apps Script Backend Codes/laravel-app/vendor/laravel/framework/src/Illuminate/Database/Eloquent/Builder.php(1025): Illuminate\\Database\\Eloquent\\Model->save()
#12 /Volumes/OA-SSD-Flex/TheOAsis UG-Research Project Management System (v1.0)- Google Apps Script Backend Codes/laravel-app/vendor/laravel/framework/src/Illuminate/Support/helpers.php(320): Illuminate\\Database\\Eloquent\\Builder->{closure:Illuminate\\Database\\Eloquent\\Builder::create():1024}(Object(App\\Models\\StageHistory))
#13 /Volumes/OA-SSD-Flex/TheOAsis UG-Research Project Management System (v1.0)- Google Apps Script Backend Codes/laravel-app/vendor/laravel/framework/src/Illuminate/Database/Eloquent/Builder.php(1024): tap(Object(App\\Models\\StageHistory), Object(Closure))
#14 /Volumes/OA-SSD-Flex/TheOAsis UG-Research Project Management System (v1.0)- Google Apps Script Backend Codes/laravel-app/vendor/laravel/framework/src/Illuminate/Support/Traits/ForwardsCalls.php(23): Illuminate\\Database\\Eloquent\\Builder->create(Array)
#15 /Volumes/OA-SSD-Flex/TheOAsis UG-Research Project Management System (v1.0)- Google Apps Script Backend Codes/laravel-app/vendor/laravel/framework/src/Illuminate/Database/Eloquent/Model.php(2335): Illuminate\\Database\\Eloquent\\Model->forwardCallTo(Object(Illuminate\\Database\\Eloquent\\Builder), 'create', Array)
#16 /Volumes/OA-SSD-Flex/TheOAsis UG-Research Project Management System (v1.0)- Google Apps Script Backend Codes/laravel-app/vendor/laravel/framework/src/Illuminate/Database/Eloquent/Model.php(2347): Illuminate\\Database\\Eloquent\\Model->__call('create', Array)
#17 /Volumes/OA-SSD-Flex/TheOAsis UG-Research Project Management System (v1.0)- Google Apps Script Backend Codes/laravel-app/database/seeders/StageHistorySeeder.php(13): Illuminate\\Database\\Eloquent\\Model::__callStatic('create', Array)
#18 /Volumes/OA-SSD-Flex/TheOAsis UG-Research Project Management System (v1.0)- Google Apps Script Backend Codes/laravel-app/vendor/laravel/framework/src/Illuminate/Container/BoundMethod.php(36): Database\\Seeders\\StageHistorySeeder->run()
#19 /Volumes/OA-SSD-Flex/TheOAsis UG-Research Project Management System (v1.0)- Google Apps Script Backend Codes/laravel-app/vendor/laravel/framework/src/Illuminate/Container/Util.php(41): Illuminate\\Container\\BoundMethod::{closure:Illuminate\\Container\\BoundMethod::call():35}()
#20 /Volumes/OA-SSD-Flex/TheOAsis UG-Research Project Management System (v1.0)- Google Apps Script Backend Codes/laravel-app/vendor/laravel/framework/src/Illuminate/Container/BoundMethod.php(93): Illuminate\\Container\\Util::unwrapIfClosure(Object(Closure))
#21 /Volumes/OA-SSD-Flex/TheOAsis UG-Research Project Management System (v1.0)- Google Apps Script Backend Codes/laravel-app/vendor/laravel/framework/src/Illuminate/Container/BoundMethod.php(35): Illuminate\\Container\\BoundMethod::callBoundMethod(Object(Illuminate\\Foundation\\Application), Array, Object(Closure))
#22 /Volumes/OA-SSD-Flex/TheOAsis UG-Research Project Management System (v1.0)- Google Apps Script Backend Codes/laravel-app/vendor/laravel/framework/src/Illuminate/Container/Container.php(662): Illuminate\\Container\\BoundMethod::call(Object(Illuminate\\Foundation\\Application), Array, Array, NULL)
#23 /Volumes/OA-SSD-Flex/TheOAsis UG-Research Project Management System (v1.0)- Google Apps Script Backend Codes/laravel-app/vendor/laravel/framework/src/Illuminate/Database/Seeder.php(184): Illuminate\\Container\\Container->call(Array, Array)
#24 /Volumes/OA-SSD-Flex/TheOAsis UG-Research Project Management System (v1.0)- Google Apps Script Backend Codes/laravel-app/vendor/laravel/framework/src/Illuminate/Database/Seeder.php(193): Illuminate\\Database\\Seeder->{closure:Illuminate\\Database\\Seeder::__invoke():183}()
#25 /Volumes/OA-SSD-Flex/TheOAsis UG-Research Project Management System (v1.0)- Google Apps Script Backend Codes/laravel-app/vendor/laravel/framework/src/Illuminate/Database/Seeder.php(61): Illuminate\\Database\\Seeder->__invoke(Array)
#26 /Volumes/OA-SSD-Flex/TheOAsis UG-Research Project Management System (v1.0)- Google Apps Script Backend Codes/laravel-app/database/seeders/DatabaseSeeder.php(11): Illuminate\\Database\\Seeder->call('Database\\\\Seeder...')
#27 /Volumes/OA-SSD-Flex/TheOAsis UG-Research Project Management System (v1.0)- Google Apps Script Backend Codes/laravel-app/vendor/laravel/framework/src/Illuminate/Container/BoundMethod.php(36): Database\\Seeders\\DatabaseSeeder->run()
#28 /Volumes/OA-SSD-Flex/TheOAsis UG-Research Project Management System (v1.0)- Google Apps Script Backend Codes/laravel-app/vendor/laravel/framework/src/Illuminate/Container/Util.php(41): Illuminate\\Container\\BoundMethod::{closure:Illuminate\\Container\\BoundMethod::call():35}()
#29 /Volumes/OA-SSD-Flex/TheOAsis UG-Research Project Management System (v1.0)- Google Apps Script Backend Codes/laravel-app/vendor/laravel/framework/src/Illuminate/Container/BoundMethod.php(93): Illuminate\\Container\\Util::unwrapIfClosure(Object(Closure))
#30 /Volumes/OA-SSD-Flex/TheOAsis UG-Research Project Management System (v1.0)- Google Apps Script Backend Codes/laravel-app/vendor/laravel/framework/src/Illuminate/Container/BoundMethod.php(35): Illuminate\\Container\\BoundMethod::callBoundMethod(Object(Illuminate\\Foundation\\Application), Array, Object(Closure))
#31 /Volumes/OA-SSD-Flex/TheOAsis UG-Research Project Management System (v1.0)- Google Apps Script Backend Codes/laravel-app/vendor/laravel/framework/src/Illuminate/Container/Container.php(662): Illuminate\\Container\\BoundMethod::call(Object(Illuminate\\Foundation\\Application), Array, Array, NULL)
#32 /Volumes/OA-SSD-Flex/TheOAsis UG-Research Project Management System (v1.0)- Google Apps Script Backend Codes/laravel-app/vendor/laravel/framework/src/Illuminate/Database/Seeder.php(184): Illuminate\\Container\\Container->call(Array, Array)
#33 /Volumes/OA-SSD-Flex/TheOAsis UG-Research Project Management System (v1.0)- Google Apps Script Backend Codes/laravel-app/vendor/laravel/framework/src/Illuminate/Database/Seeder.php(193): Illuminate\\Database\\Seeder->{closure:Illuminate\\Database\\Seeder::__invoke():183}()
#34 /Volumes/OA-SSD-Flex/TheOAsis UG-Research Project Management System (v1.0)- Google Apps Script Backend Codes/laravel-app/vendor/laravel/framework/src/Illuminate/Database/Console/Seeds/SeedCommand.php(70): Illuminate\\Database\\Seeder->__invoke()
#35 /Volumes/OA-SSD-Flex/TheOAsis UG-Research Project Management System (v1.0)- Google Apps Script Backend Codes/laravel-app/vendor/laravel/framework/src/Illuminate/Database/Eloquent/Concerns/GuardsAttributes.php(155): Illuminate\\Database\\Console\\Seeds\\SeedCommand->{closure:Illuminate\\Database\\Console\\Seeds\\SeedCommand::handle():69}()
#36 /Volumes/OA-SSD-Flex/TheOAsis UG-Research Project Management System (v1.0)- Google Apps Script Backend Codes/laravel-app/vendor/laravel/framework/src/Illuminate/Database/Console/Seeds/SeedCommand.php(69): Illuminate\\Database\\Eloquent\\Model::unguarded(Object(Closure))
#37 /Volumes/OA-SSD-Flex/TheOAsis UG-Research Project Management System (v1.0)- Google Apps Script Backend Codes/laravel-app/vendor/laravel/framework/src/Illuminate/Container/BoundMethod.php(36): Illuminate\\Database\\Console\\Seeds\\SeedCommand->handle()
#38 /Volumes/OA-SSD-Flex/TheOAsis UG-Research Project Management System (v1.0)- Google Apps Script Backend Codes/laravel-app/vendor/laravel/framework/src/Illuminate/Container/Util.php(41): Illuminate\\Container\\BoundMethod::{closure:Illuminate\\Container\\BoundMethod::call():35}()
#39 /Volumes/OA-SSD-Flex/TheOAsis UG-Research Project Management System (v1.0)- Google Apps Script Backend Codes/laravel-app/vendor/laravel/framework/src/Illuminate/Container/BoundMethod.php(93): Illuminate\\Container\\Util::unwrapIfClosure(Object(Closure))
#40 /Volumes/OA-SSD-Flex/TheOAsis UG-Research Project Management System (v1.0)- Google Apps Script Backend Codes/laravel-app/vendor/laravel/framework/src/Illuminate/Container/BoundMethod.php(35): Illuminate\\Container\\BoundMethod::callBoundMethod(Object(Illuminate\\Foundation\\Application), Array, Object(Closure))
#41 /Volumes/OA-SSD-Flex/TheOAsis UG-Research Project Management System (v1.0)- Google Apps Script Backend Codes/laravel-app/vendor/laravel/framework/src/Illuminate/Container/Container.php(662): Illuminate\\Container\\BoundMethod::call(Object(Illuminate\\Foundation\\Application), Array, Array, NULL)
#42 /Volumes/OA-SSD-Flex/TheOAsis UG-Research Project Management System (v1.0)- Google Apps Script Backend Codes/laravel-app/vendor/laravel/framework/src/Illuminate/Console/Command.php(211): Illuminate\\Container\\Container->call(Array)
#43 /Volumes/OA-SSD-Flex/TheOAsis UG-Research Project Management System (v1.0)- Google Apps Script Backend Codes/laravel-app/vendor/symfony/console/Command/Command.php(326): Illuminate\\Console\\Command->execute(Object(Symfony\\Component\\Console\\Input\\ArrayInput), Object(Illuminate\\Console\\OutputStyle))
#44 /Volumes/OA-SSD-Flex/TheOAsis UG-Research Project Management System (v1.0)- Google Apps Script Backend Codes/laravel-app/vendor/laravel/framework/src/Illuminate/Console/Command.php(180): Symfony\\Component\\Console\\Command\\Command->run(Object(Symfony\\Component\\Console\\Input\\ArrayInput), Object(Illuminate\\Console\\OutputStyle))
#45 /Volumes/OA-SSD-Flex/TheOAsis UG-Research Project Management System (v1.0)- Google Apps Script Backend Codes/laravel-app/vendor/laravel/framework/src/Illuminate/Console/Concerns/CallsCommands.php(67): Illuminate\\Console\\Command->run(Object(Symfony\\Component\\Console\\Input\\ArrayInput), Object(Illuminate\\Console\\OutputStyle))
#46 /Volumes/OA-SSD-Flex/TheOAsis UG-Research Project Management System (v1.0)- Google Apps Script Backend Codes/laravel-app/vendor/laravel/framework/src/Illuminate/Console/Concerns/CallsCommands.php(28): Illuminate\\Console\\Command->runCommand('db:seed', Array, Object(Illuminate\\Console\\OutputStyle))
#47 /Volumes/OA-SSD-Flex/TheOAsis UG-Research Project Management System (v1.0)- Google Apps Script Backend Codes/laravel-app/vendor/laravel/framework/src/Illuminate/Database/Console/Migrations/FreshCommand.php(93): Illuminate\\Console\\Command->call('db:seed', Array)
#48 /Volumes/OA-SSD-Flex/TheOAsis UG-Research Project Management System (v1.0)- Google Apps Script Backend Codes/laravel-app/vendor/laravel/framework/src/Illuminate/Database/Console/Migrations/FreshCommand.php(69): Illuminate\\Database\\Console\\Migrations\\FreshCommand->runSeeder(NULL)
#49 /Volumes/OA-SSD-Flex/TheOAsis UG-Research Project Management System (v1.0)- Google Apps Script Backend Codes/laravel-app/vendor/laravel/framework/src/Illuminate/Container/BoundMethod.php(36): Illuminate\\Database\\Console\\Migrations\\FreshCommand->handle()
#50 /Volumes/OA-SSD-Flex/TheOAsis UG-Research Project Management System (v1.0)- Google Apps Script Backend Codes/laravel-app/vendor/laravel/framework/src/Illuminate/Container/Util.php(41): Illuminate\\Container\\BoundMethod::{closure:Illuminate\\Container\\BoundMethod::call():35}()
#51 /Volumes/OA-SSD-Flex/TheOAsis UG-Research Project Management System (v1.0)- Google Apps Script Backend Codes/laravel-app/vendor/laravel/framework/src/Illuminate/Container/BoundMethod.php(93): Illuminate\\Container\\Util::unwrapIfClosure(Object(Closure))
#52 /Volumes/OA-SSD-Flex/TheOAsis UG-Research Project Management System (v1.0)- Google Apps Script Backend Codes/laravel-app/vendor/laravel/framework/src/Illuminate/Container/BoundMethod.php(35): Illuminate\\Container\\BoundMethod::callBoundMethod(Object(Illuminate\\Foundation\\Application), Array, Object(Closure))
#53 /Volumes/OA-SSD-Flex/TheOAsis UG-Research Project Management System (v1.0)- Google Apps Script Backend Codes/laravel-app/vendor/laravel/framework/src/Illuminate/Container/Container.php(662): Illuminate\\Container\\BoundMethod::call(Object(Illuminate\\Foundation\\Application), Array, Array, NULL)
#54 /Volumes/OA-SSD-Flex/TheOAsis UG-Research Project Management System (v1.0)- Google Apps Script Backend Codes/laravel-app/vendor/laravel/framework/src/Illuminate/Console/Command.php(211): Illuminate\\Container\\Container->call(Array)
#55 /Volumes/OA-SSD-Flex/TheOAsis UG-Research Project Management System (v1.0)- Google Apps Script Backend Codes/laravel-app/vendor/symfony/console/Command/Command.php(326): Illuminate\\Console\\Command->execute(Object(Symfony\\Component\\Console\\Input\\ArgvInput), Object(Illuminate\\Console\\OutputStyle))
#56 /Volumes/OA-SSD-Flex/TheOAsis UG-Research Project Management System (v1.0)- Google Apps Script Backend Codes/laravel-app/vendor/laravel/framework/src/Illuminate/Console/Command.php(180): Symfony\\Component\\Console\\Command\\Command->run(Object(Symfony\\Component\\Console\\Input\\ArgvInput), Object(Illuminate\\Console\\OutputStyle))
#57 /Volumes/OA-SSD-Flex/TheOAsis UG-Research Project Management System (v1.0)- Google Apps Script Backend Codes/laravel-app/vendor/symfony/console/Application.php(1121): Illuminate\\Console\\Command->run(Object(Symfony\\Component\\Console\\Input\\ArgvInput), Object(Symfony\\Component\\Console\\Output\\ConsoleOutput))
#58 /Volumes/OA-SSD-Flex/TheOAsis UG-Research Project Management System (v1.0)- Google Apps Script Backend Codes/laravel-app/vendor/symfony/console/Application.php(324): Symfony\\Component\\Console\\Application->doRunCommand(Object(Illuminate\\Database\\Console\\Migrations\\FreshCommand), Object(Symfony\\Component\\Console\\Input\\ArgvInput), Object(Symfony\\Component\\Console\\Output\\ConsoleOutput))
#59 /Volumes/OA-SSD-Flex/TheOAsis UG-Research Project Management System (v1.0)- Google Apps Script Backend Codes/laravel-app/vendor/symfony/console/Application.php(175): Symfony\\Component\\Console\\Application->doRun(Object(Symfony\\Component\\Console\\Input\\ArgvInput), Object(Symfony\\Component\\Console\\Output\\ConsoleOutput))
#60 /Volumes/OA-SSD-Flex/TheOAsis UG-Research Project Management System (v1.0)- Google Apps Script Backend Codes/laravel-app/vendor/laravel/framework/src/Illuminate/Foundation/Console/Kernel.php(201): Symfony\\Component\\Console\\Application->run(Object(Symfony\\Component\\Console\\Input\\ArgvInput), Object(Symfony\\Component\\Console\\Output\\ConsoleOutput))
#61 /Volumes/OA-SSD-Flex/TheOAsis UG-Research Project Management System (v1.0)- Google Apps Script Backend Codes/laravel-app/artisan(35): Illuminate\\Foundation\\Console\\Kernel->handle(Object(Symfony\\Component\\Console\\Input\\ArgvInput), Object(Symfony\\Component\\Console\\Output\\ConsoleOutput))
#62 {main}
"} 
[2026-09-21 15:00:08] local.ERROR: Database file at path [database/database.sqlite] does not exist. Ensure this is an absolute path to the database. (Connection: sqlite, SQL: PRAGMA foreign_keys = ON;) {"exception":"[object] (Illuminate\\Database\\QueryException(code: 0): Database file at path [database/database.sqlite] does not exist. Ensure this is an absolute path to the database. (Connection: sqlite, SQL: PRAGMA foreign_keys = ON;) at /Volumes/OA-SSD-Flex/TheOAsis UG-Research Project Management System (v1.0)- Google Apps Script Backend Codes/laravel-app/vendor/laravel/framework/src/Illuminate/Database/Connection.php:829)
[stacktrace]
#0 /Volumes/OA-SSD-Flex/TheOAsis UG-Research Project Management System (v1.0)- Google Apps Script Backend Codes/laravel-app/vendor/laravel/framework/src/Illuminate/Database/Connection.php(783): Illuminate\\Database\\Connection->runQueryCallback('PRAGMA foreign_...', Array, Object(Closure))
#1 /Volumes/OA-SSD-Flex/TheOAsis UG-Research Project Management System (v1.0)- Google Apps Script Backend Codes/laravel-app/vendor/laravel/framework/src/Illuminate/Database/Connection.php(576): Illuminate\\Database\\Connection->run('PRAGMA foreign_...', Array, Object(Closure))
#2 /Volumes/OA-SSD-Flex/TheOAsis UG-Research Project Management System (v1.0)- Google Apps Script Backend Codes/laravel-app/vendor/laravel/framework/src/Illuminate/Database/Schema/Builder.php(560): Illuminate\\Database\\Connection->statement('PRAGMA foreign_...')
#3 /Volumes/OA-SSD-Flex/TheOAsis UG-Research Project Management System (v1.0)- Google Apps Script Backend Codes/laravel-app/vendor/laravel/framework/src/Illuminate/Database/SQLiteConnection.php(36): Illuminate\\Database\\Schema\\Builder->enableForeignKeyConstraints()
#4 /Volumes/OA-SSD-Flex/TheOAsis UG-Research Project Management System (v1.0)- Google Apps Script Backend Codes/laravel-app/vendor/laravel/framework/src/Illuminate/Database/Connectors/ConnectionFactory.php(272): Illuminate\\Database\\SQLiteConnection->__construct(Object(Closure), 'database/databa...', '', Array)
#5 /Volumes/OA-SSD-Flex/TheOAsis UG-Research Project Management System (v1.0)- Google Apps Script Backend Codes/laravel-app/vendor/laravel/framework/src/Illuminate/Database/Connectors/ConnectionFactory.php(75): Illuminate\\Database\\Connectors\\ConnectionFactory->createConnection('sqlite', Object(Closure), 'database/databa...', '', Array)
#6 /Volumes/OA-SSD-Flex/TheOAsis UG-Research Project Management System (v1.0)- Google Apps Script Backend Codes/laravel-app/vendor/laravel/framework/src/Illuminate/Database/Connectors/ConnectionFactory.php(50): Illuminate\\Database\\Connectors\\ConnectionFactory->createSingleConnection(Array)
#7 /Volumes/OA-SSD-Flex/TheOAsis UG-Research Project Management System (v1.0)- Google Apps Script Backend Codes/laravel-app/vendor/laravel/framework/src/Illuminate/Database/DatabaseManager.php(175): Illuminate\\Database\\Connectors\\ConnectionFactory->make(Array, 'sqlite')
#8 /Volumes/OA-SSD-Flex/TheOAsis UG-Research Project Management System (v1.0)- Google Apps Script Backend Codes/laravel-app/vendor/laravel/framework/src/Illuminate/Database/DatabaseManager.php(101): Illuminate\\Database\\DatabaseManager->makeConnection('sqlite')
#9 /Volumes/OA-SSD-Flex/TheOAsis UG-Research Project Management System (v1.0)- Google Apps Script Backend Codes/laravel-app/vendor/laravel/framework/src/Illuminate/Database/Eloquent/Model.php(1820): Illuminate\\Database\\DatabaseManager->connection('sqlite')
#10 /Volumes/OA-SSD-Flex/TheOAsis UG-Research Project Management System (v1.0)- Google Apps Script Backend Codes/laravel-app/vendor/laravel/framework/src/Illuminate/Database/Eloquent/Model.php(1786): Illuminate\\Database\\Eloquent\\Model::resolveConnection(NULL)
#11 /Volumes/OA-SSD-Flex/TheOAsis UG-Research Project Management System (v1.0)- Google Apps Script Backend Codes/laravel-app/vendor/laravel/framework/src/Illuminate/Database/Eloquent/Model.php(1577): Illuminate\\Database\\Eloquent\\Model->getConnection()
#12 /Volumes/OA-SSD-Flex/TheOAsis UG-Research Project Management System (v1.0)- Google Apps Script Backend Codes/laravel-app/vendor/laravel/framework/src/Illuminate/Database/Eloquent/Model.php(1496): Illuminate\\Database\\Eloquent\\Model->newBaseQueryBuilder()
#13 /Volumes/OA-SSD-Flex/TheOAsis UG-Research Project Management System (v1.0)- Google Apps Script Backend Codes/laravel-app/vendor/laravel/framework/src/Illuminate/Database/Eloquent/Model.php(1532): Illuminate\\Database\\Eloquent\\Model->newModelQuery()
#14 /Volumes/OA-SSD-Flex/TheOAsis UG-Research Project Management System (v1.0)- Google Apps Script Backend Codes/laravel-app/vendor/laravel/framework/src/Illuminate/Database/Eloquent/Model.php(1485): Illuminate\\Database\\Eloquent\\Model->newQueryWithoutScopes()
#15 /Volumes/OA-SSD-Flex/TheOAsis UG-Research Project Management System (v1.0)- Google Apps Script Backend Codes/laravel-app/vendor/laravel/framework/src/Illuminate/Database/Eloquent/Model.php(2335): Illuminate\\Database\\Eloquent\\Model->newQuery()
#16 /Volumes/OA-SSD-Flex/TheOAsis UG-Research Project Management System (v1.0)- Google Apps Script Backend Codes/laravel-app/vendor/laravel/framework/src/Illuminate/Database/Eloquent/Model.php(2347): Illuminate\\Database\\Eloquent\\Model->__call('where', Array)
#17 /Volumes/OA-SSD-Flex/TheOAsis UG-Research Project Management System (v1.0)- Google Apps Script Backend Codes/laravel-app/app/Http/Controllers/AuthController.php(27): Illuminate\\Database\\Eloquent\\Model::__callStatic('where', Array)
#18 /Volumes/OA-SSD-Flex/TheOAsis UG-Research Project Management System (v1.0)- Google Apps Script Backend Codes/laravel-app/vendor/laravel/framework/src/Illuminate/Routing/Controller.php(54): App\\Http\\Controllers\\AuthController->loginStudent(Object(Illuminate\\Http\\Request))
#19 /Volumes/OA-SSD-Flex/TheOAsis UG-Research Project Management System (v1.0)- Google Apps Script Backend Codes/laravel-app/vendor/laravel/framework/src/Illuminate/Routing/ControllerDispatcher.php(43): Illuminate\\Routing\\Controller->callAction('loginStudent', Array)
#20 /Volumes/OA-SSD-Flex/TheOAsis UG-Research Project Management System (v1.0)- Google Apps Script Backend Codes/laravel-app/vendor/laravel/framework/src/Illuminate/Routing/Route.php(259): Illuminate\\Routing\\ControllerDispatcher->dispatch(Object(Illuminate\\Routing\\Route), Object(App\\Http\\Controllers\\AuthController), 'loginStudent')
#21 /Volumes/OA-SSD-Flex/TheOAsis UG-Research Project Management System (v1.0)- Google Apps Script Backend Codes/laravel-app/vendor/laravel/framework/src/Illuminate/Routing/Route.php(205): Illuminate\\Routing\\Route->runController()
#22 /Volumes/OA-SSD-Flex/TheOAsis UG-Research Project Management System (v1.0)- Google Apps Script Backend Codes/laravel-app/vendor/laravel/framework/src/Illuminate/Routing/Router.php(806): Illuminate\\Routing\\Route->run()
#23 /Volumes/OA-SSD-Flex/TheOAsis UG-Research Project Management System (v1.0)- Google Apps Script Backend Codes/laravel-app/vendor/laravel/framework/src/Illuminate/Pipeline/Pipeline.php(144): Illuminate\\Routing\\Router->{closure:Illuminate\\Routing\\Router::runRouteWithinStack():805}(Object(Illuminate\\Http\\Request))
#24 /Volumes/OA-SSD-Flex/TheOAsis UG-Research Project Management System (v1.0)- Google Apps Script Backend Codes/laravel-app/app/Http/Controllers/BaseController.php(25): Illuminate\\Pipeline\\Pipeline->{closure:Illuminate\\Pipeline\\Pipeline::prepareDestination():142}(Object(Illuminate\\Http\\Request))
#25 /Volumes/OA-SSD-Flex/TheOAsis UG-Research Project Management System (v1.0)- Google Apps Script Backend Codes/laravel-app/vendor/laravel/framework/src/Illuminate/Pipeline/Pipeline.php(165): App\\Http\\Controllers\\BaseController->{closure:App\\Http\\Controllers\\BaseController::__construct():19}(Object(Illuminate\\Http\\Request), Object(Closure))
#26 /Volumes/OA-SSD-Flex/TheOAsis UG-Research Project Management System (v1.0)- Google Apps Script Backend Codes/laravel-app/vendor/laravel/framework/src/Illuminate/Routing/Middleware/SubstituteBindings.php(50): Illuminate\\Pipeline\\Pipeline->{closure:{closure:Illuminate\\Pipeline\\Pipeline::carry():158}:159}(Object(Illuminate\\Http\\Request))
#27 /Volumes/OA-SSD-Flex/TheOAsis UG-Research Project Management System (v1.0)- Google Apps Script Backend Codes/laravel-app/vendor/laravel/framework/src/Illuminate/Pipeline/Pipeline.php(183): Illuminate\\Routing\\Middleware\\SubstituteBindings->handle(Object(Illuminate\\Http\\Request), Object(Closure))
#28 /Volumes/OA-SSD-Flex/TheOAsis UG-Research Project Management System (v1.0)- Google Apps Script Backend Codes/laravel-app/vendor/laravel/framework/src/Illuminate/Routing/Middleware/ThrottleRequests.php(159): Illuminate\\Pipeline\\Pipeline->{closure:{closure:Illuminate\\Pipeline\\Pipeline::carry():158}:159}(Object(Illuminate\\Http\\Request))
#29 /Volumes/OA-SSD-Flex/TheOAsis UG-Research Project Management System (v1.0)- Google Apps Script Backend Codes/laravel-app/vendor/laravel/framework/src/Illuminate/Routing/Middleware/ThrottleRequests.php(125): Illuminate\\Routing\\Middleware\\ThrottleRequests->handleRequest(Object(Illuminate\\Http\\Request), Object(Closure), Array)
#30 /Volumes/OA-SSD-Flex/TheOAsis UG-Research Project Management System (v1.0)- Google Apps Script Backend Codes/laravel-app/vendor/laravel/framework/src/Illuminate/Routing/Middleware/ThrottleRequests.php(87): Illuminate\\Routing\\Middleware\\ThrottleRequests->handleRequestUsingNamedLimiter(Object(Illuminate\\Http\\Request), Object(Closure), 'api', Object(Closure))
#31 /Volumes/OA-SSD-Flex/TheOAsis UG-Research Project Management System (v1.0)- Google Apps Script Backend Codes/laravel-app/vendor/laravel/framework/src/Illuminate/Pipeline/Pipeline.php(183): Illuminate\\Routing\\Middleware\\ThrottleRequests->handle(Object(Illuminate\\Http\\Request), Object(Closure), 'api')
#32 /Volumes/OA-SSD-Flex/TheOAsis UG-Research Project Management System (v1.0)- Google Apps Script Backend Codes/laravel-app/vendor/laravel/sanctum/src/Http/Middleware/EnsureFrontendRequestsAreStateful.php(25): Illuminate\\Pipeline\\Pipeline->{closure:{closure:Illuminate\\Pipeline\\Pipeline::carry():158}:159}(Object(Illuminate\\Http\\Request))
#33 /Volumes/OA-SSD-Flex/TheOAsis UG-Research Project Management System (v1.0)- Google Apps Script Backend Codes/laravel-app/vendor/laravel/framework/src/Illuminate/Pipeline/Pipeline.php(144): Laravel\\Sanctum\\Http\\Middleware\\EnsureFrontendRequestsAreStateful->{closure:Laravel\\Sanctum\\Http\\Middleware\\EnsureFrontendRequestsAreStateful::handle():24}(Object(Illuminate\\Http\\Request))
#34 /Volumes/OA-SSD-Flex/TheOAsis UG-Research Project Management System (v1.0)- Google Apps Script Backend Codes/laravel-app/vendor/laravel/framework/src/Illuminate/Pipeline/Pipeline.php(119): Illuminate\\Pipeline\\Pipeline->{closure:Illuminate\\Pipeline\\Pipeline::prepareDestination():142}(Object(Illuminate\\Http\\Request))
#35 /Volumes/OA-SSD-Flex/TheOAsis UG-Research Project Management System (v1.0)- Google Apps Script Backend Codes/laravel-app/vendor/laravel/sanctum/src/Http/Middleware/EnsureFrontendRequestsAreStateful.php(24): Illuminate\\Pipeline\\Pipeline->then(Object(Closure))
#36 /Volumes/OA-SSD-Flex/TheOAsis UG-Research Project Management System (v1.0)- Google Apps Script Backend Codes/laravel-app/vendor/laravel/framework/src/Illuminate/Pipeline/Pipeline.php(183): Laravel\\Sanctum\\Http\\Middleware\\EnsureFrontendRequestsAreStateful->handle(Object(Illuminate\\Http\\Request), Object(Closure))
#37 /Volumes/OA-SSD-Flex/TheOAsis UG-Research Project Management System (v1.0)- Google Apps Script Backend Codes/laravel-app/vendor/laravel/framework/src/Illuminate/Pipeline/Pipeline.php(119): Illuminate\\Pipeline\\Pipeline->{closure:{closure:Illuminate\\Pipeline\\Pipeline::carry():158}:159}(Object(Illuminate\\Http\\Request))
#38 /Volumes/OA-SSD-Flex/TheOAsis UG-Research Project Management System (v1.0)- Google Apps Script Backend Codes/laravel-app/vendor/laravel/framework/src/Illuminate/Routing/Router.php(805): Illuminate\\Pipeline\\Pipeline->then(Object(Closure))
#39 /Volumes/OA-SSD-Flex/TheOAsis UG-Research Project Management System (v1.0)- Google Apps Script Backend Codes/laravel-app/vendor/laravel/framework/src/Illuminate/Routing/Router.php(784): Illuminate\\Routing\\Router->runRouteWithinStack(Object(Illuminate\\Routing\\Route), Object(Illuminate\\Http\\Request))
#40 /Volumes/OA-SSD-Flex/TheOAsis UG-Research Project Management System (v1.0)- Google Apps Script Backend Codes/laravel-app/vendor/laravel/framework/src/Illuminate/Routing/Router.php(748): Illuminate\\Routing\\Router->runRoute(Object(Illuminate\\Http\\Request), Object(Illuminate\\Routing\\Route))
#41 /Volumes/OA-SSD-Flex/TheOAsis UG-Research Project Management System (v1.0)- Google Apps Script Backend Codes/laravel-app/vendor/laravel/framework/src/Illuminate/Routing/Router.php(737): Illuminate\\Routing\\Router->dispatchToRoute(Object(Illuminate\\Http\\Request))
#42 /Volumes/OA-SSD-Flex/TheOAsis UG-Research Project Management System (v1.0)- Google Apps Script Backend Codes/laravel-app/vendor/laravel/framework/src/Illuminate/Foundation/Http/Kernel.php(200): Illuminate\\Routing\\Router->dispatch(Object(Illuminate\\Http\\Request))
#43 /Volumes/OA-SSD-Flex/TheOAsis UG-Research Project Management System (v1.0)- Google Apps Script Backend Codes/laravel-app/vendor/laravel/framework/src/Illuminate/Pipeline/Pipeline.php(144): Illuminate\\Foundation\\Http\\Kernel->{closure:Illuminate\\Foundation\\Http\\Kernel::dispatchToRouter():197}(Object(Illuminate\\Http\\Request))
#44 /Volumes/OA-SSD-Flex/TheOAsis UG-Research Project Management System (v1.0)- Google Apps Script Backend Codes/laravel-app/vendor/laravel/framework/src/Illuminate/Foundation/Http/Middleware/TransformsRequest.php(21): Illuminate\\Pipeline\\Pipeline->{closure:Illuminate\\Pipeline\\Pipeline::prepareDestination():142}(Object(Illuminate\\Http\\Request))
#45 /Volumes/OA-SSD-Flex/TheOAsis UG-Research Project Management System (v1.0)- Google Apps Script Backend Codes/laravel-app/vendor/laravel/framework/src/Illuminate/Foundation/Http/Middleware/ConvertEmptyStringsToNull.php(31): Illuminate\\Foundation\\Http\\Middleware\\TransformsRequest->handle(Object(Illuminate\\Http\\Request), Object(Closure))
#46 /Volumes/OA-SSD-Flex/TheOAsis UG-Research Project Management System (v1.0)- Google Apps Script Backend Codes/laravel-app/vendor/laravel/framework/src/Illuminate/Pipeline/Pipeline.php(183): Illuminate\\Foundation\\Http\\Middleware\\ConvertEmptyStringsToNull->handle(Object(Illuminate\\Http\\Request), Object(Closure))
#47 /Volumes/OA-SSD-Flex/TheOAsis UG-Research Project Management System (v1.0)- Google Apps Script Backend Codes/laravel-app/vendor/laravel/framework/src/Illuminate/Foundation/Http/Middleware/TransformsRequest.php(21): Illuminate\\Pipeline\\Pipeline->{closure:{closure:Illuminate\\Pipeline\\Pipeline::carry():158}:159}(Object(Illuminate\\Http\\Request))
#48 /Volumes/OA-SSD-Flex/TheOAsis UG-Research Project Management System (v1.0)- Google Apps Script Backend Codes/laravel-app/vendor/laravel/framework/src/Illuminate/Foundation/Http/Middleware/TrimStrings.php(40): Illuminate\\Foundation\\Http\\Middleware\\TransformsRequest->handle(Object(Illuminate\\Http\\Request), Object(Closure))
#49 /Volumes/OA-SSD-Flex/TheOAsis UG-Research Project Management System (v1.0)- Google Apps Script Backend Codes/laravel-app/vendor/laravel/framework/src/Illuminate/Pipeline/Pipeline.php(183): Illuminate\\Foundation\\Http\\Middleware\\TrimStrings->handle(Object(Illuminate\\Http\\Request), Object(Closure))
#50 /Volumes/OA-SSD-Flex/TheOAsis UG-Research Project Management System (v1.0)- Google Apps Script Backend Codes/laravel-app/vendor/laravel/framework/src/Illuminate/Foundation/Http/Middleware/ValidatePostSize.php(27): Illuminate\\Pipeline\\Pipeline->{closure:{closure:Illuminate\\Pipeline\\Pipeline::carry():158}:159}(Object(Illuminate\\Http\\Request))
#51 /Volumes/OA-SSD-Flex/TheOAsis UG-Research Project Management System (v1.0)- Google Apps Script Backend Codes/laravel-app/vendor/laravel/framework/src/Illuminate/Pipeline/Pipeline.php(183): Illuminate\\Foundation\\Http\\Middleware\\ValidatePostSize->handle(Object(Illuminate\\Http\\Request), Object(Closure))
#52 /Volumes/OA-SSD-Flex/TheOAsis UG-Research Project Management System (v1.0)- Google Apps Script Backend Codes/laravel-app/vendor/laravel/framework/src/Illuminate/Foundation/Http/Middleware/PreventRequestsDuringMaintenance.php(99): Illuminate\\Pipeline\\Pipeline->{closure:{closure:Illuminate\\Pipeline\\Pipeline::carry():158}:159}(Object(Illuminate\\Http\\Request))
#53 /Volumes/OA-SSD-Flex/TheOAsis UG-Research Project Management System (v1.0)- Google Apps Script Backend Codes/laravel-app/vendor/laravel/framework/src/Illuminate/Pipeline/Pipeline.php(183): Illuminate\\Foundation\\Http\\Middleware\\PreventRequestsDuringMaintenance->handle(Object(Illuminate\\Http\\Request), Object(Closure))
#54 /Volumes/OA-SSD-Flex/TheOAsis UG-Research Project Management System (v1.0)- Google Apps Script Backend Codes/laravel-app/vendor/laravel/framework/src/Illuminate/Pipeline/Pipeline.php(119): Illuminate\\Pipeline\\Pipeline->{closure:{closure:Illuminate\\Pipeline\\Pipeline::carry():158}:159}(Object(Illuminate\\Http\\Request))
#55 /Volumes/OA-SSD-Flex/TheOAsis UG-Research Project Management System (v1.0)- Google Apps Script Backend Codes/laravel-app/vendor/laravel/framework/src/Illuminate/Foundation/Http/Kernel.php(175): Illuminate\\Pipeline\\Pipeline->then(Object(Closure))
#56 /Volumes/OA-SSD-Flex/TheOAsis UG-Research Project Management System (v1.0)- Google Apps Script Backend Codes/laravel-app/vendor/laravel/framework/src/Illuminate/Foundation/Http/Kernel.php(144): Illuminate\\Foundation\\Http\\Kernel->sendRequestThroughRouter(Object(Illuminate\\Http\\Request))
#57 /Volumes/OA-SSD-Flex/TheOAsis UG-Research Project Management System (v1.0)- Google Apps Script Backend Codes/laravel-app/public/index.php(51): Illuminate\\Foundation\\Http\\Kernel->handle(Object(Illuminate\\Http\\Request))
#58 /Volumes/OA-SSD-Flex/TheOAsis UG-Research Project Management System (v1.0)- Google Apps Script Backend Codes/laravel-app/vendor/laravel/framework/src/Illuminate/Foundation/resources/server.php(16): require_once('/Volumes/OA-SSD...')
#59 {main}

[previous exception] [object] (Illuminate\\Database\\SQLiteDatabaseDoesNotExistException(code: 0): Database file at path [database/database.sqlite] does not exist. Ensure this is an absolute path to the database. at /Volumes/OA-SSD-Flex/TheOAsis UG-Research Project Management System (v1.0)- Google Apps Script Backend Codes/laravel-app/vendor/laravel/framework/src/Illuminate/Database/Connectors/SQLiteConnector.php:34)
[stacktrace]
#0 /Volumes/OA-SSD-Flex/TheOAsis UG-Research Project Management System (v1.0)- Google Apps Script Backend Codes/laravel-app/vendor/laravel/framework/src/Illuminate/Database/Connectors/ConnectionFactory.php(221): Illuminate\\Database\\Connectors\\SQLiteConnector->connect(Array)
#1 [internal function]: Illuminate\\Database\\Connectors\\ConnectionFactory->{closure:Illuminate\\Database\\Connectors\\ConnectionFactory::createPdoResolverWithoutHosts():221}()
#2 /Volumes/OA-SSD-Flex/TheOAsis UG-Research Project Management System (v1.0)- Google Apps Script Backend Codes/laravel-app/vendor/laravel/framework/src/Illuminate/Database/Connection.php(1339): call_user_func(Object(Closure))
#3 /Volumes/OA-SSD-Flex/TheOAsis UG-Research Project Management System (v1.0)- Google Apps Script Backend Codes/laravel-app/vendor/laravel/framework/src/Illuminate/Database/Connection.php(581): Illuminate\\Database\\Connection->getPdo()
#4 /Volumes/OA-SSD-Flex/TheOAsis UG-Research Project Management System (v1.0)- Google Apps Script Backend Codes/laravel-app/vendor/laravel/framework/src/Illuminate/Database/Connection.php(816): Illuminate\\Database\\Connection->{closure:Illuminate\\Database\\Connection::statement():576}('PRAGMA foreign_...', Array)
#5 /Volumes/OA-SSD-Flex/TheOAsis UG-Research Project Management System (v1.0)- Google Apps Script Backend Codes/laravel-app/vendor/laravel/framework/src/Illuminate/Database/Connection.php(783): Illuminate\\Database\\Connection->runQueryCallback('PRAGMA foreign_...', Array, Object(Closure))
#6 /Volumes/OA-SSD-Flex/TheOAsis UG-Research Project Management System (v1.0)- Google Apps Script Backend Codes/laravel-app/vendor/laravel/framework/src/Illuminate/Database/Connection.php(576): Illuminate\\Database\\Connection->run('PRAGMA foreign_...', Array, Object(Closure))
#7 /Volumes/OA-SSD-Flex/TheOAsis UG-Research Project Management System (v1.0)- Google Apps Script Backend Codes/laravel-app/vendor/laravel/framework/src/Illuminate/Database/Schema/Builder.php(560): Illuminate\\Database\\Connection->statement('PRAGMA foreign_...')
#8 /Volumes/OA-SSD-Flex/TheOAsis UG-Research Project Management System (v1.0)- Google Apps Script Backend Codes/laravel-app/vendor/laravel/framework/src/Illuminate/Database/SQLiteConnection.php(36): Illuminate\\Database\\Schema\\Builder->enableForeignKeyConstraints()
#9 /Volumes/OA-SSD-Flex/TheOAsis UG-Research Project Management System (v1.0)- Google Apps Script Backend Codes/laravel-app/vendor/laravel/framework/src/Illuminate/Database/Connectors/ConnectionFactory.php(272): Illuminate\\Database\\SQLiteConnection->__construct(Object(Closure), 'database/databa...', '', Array)
#10 /Volumes/OA-SSD-Flex/TheOAsis UG-Research Project Management System (v1.0)- Google Apps Script Backend Codes/laravel-app/vendor/laravel/framework/src/Illuminate/Database/Connectors/ConnectionFactory.php(75): Illuminate\\Database\\Connectors\\ConnectionFactory->createConnection('sqlite', Object(Closure), 'database/databa...', '', Array)
#11 /Volumes/OA-SSD-Flex/TheOAsis UG-Research Project Management System (v1.0)- Google Apps Script Backend Codes/laravel-app/vendor/laravel/framework/src/Illuminate/Database/Connectors/ConnectionFactory.php(50): Illuminate\\Database\\Connectors\\ConnectionFactory->createSingleConnection(Array)
#12 /Volumes/OA-SSD-Flex/TheOAsis UG-Research Project Management System (v1.0)- Google Apps Script Backend Codes/laravel-app/vendor/laravel/framework/src/Illuminate/Database/DatabaseManager.php(175): Illuminate\\Database\\Connectors\\ConnectionFactory->make(Array, 'sqlite')
#13 /Volumes/OA-SSD-Flex/TheOAsis UG-Research Project Management System (v1.0)- Google Apps Script Backend Codes/laravel-app/vendor/laravel/framework/src/Illuminate/Database/DatabaseManager.php(101): Illuminate\\Database\\DatabaseManager->makeConnection('sqlite')
#14 /Volumes/OA-SSD-Flex/TheOAsis UG-Research Project Management System (v1.0)- Google Apps Script Backend Codes/laravel-app/vendor/laravel/framework/src/Illuminate/Database/Eloquent/Model.php(1820): Illuminate\\Database\\DatabaseManager->connection('sqlite')
#15 /Volumes/OA-SSD-Flex/TheOAsis UG-Research Project Management System (v1.0)- Google Apps Script Backend Codes/laravel-app/vendor/laravel/framework/src/Illuminate/Database/Eloquent/Model.php(1786): Illuminate\\Database\\Eloquent\\Model::resolveConnection(NULL)
#16 /Volumes/OA-SSD-Flex/TheOAsis UG-Research Project Management System (v1.0)- Google Apps Script Backend Codes/laravel-app/vendor/laravel/framework/src/Illuminate/Database/Eloquent/Model.php(1577): Illuminate\\Database\\Eloquent\\Model->getConnection()
#17 /Volumes/OA-SSD-Flex/TheOAsis UG-Research Project Management System (v1.0)- Google Apps Script Backend Codes/laravel-app/vendor/laravel/framework/src/Illuminate/Database/Eloquent/Model.php(1496): Illuminate\\Database\\Eloquent\\Model->newBaseQueryBuilder()
#18 /Volumes/OA-SSD-Flex/TheOAsis UG-Research Project Management System (v1.0)- Google Apps Script Backend Codes/laravel-app/vendor/laravel/framework/src/Illuminate/Database/Eloquent/Model.php(1532): Illuminate\\Database\\Eloquent\\Model->newModelQuery()
#19 /Volumes/OA-SSD-Flex/TheOAsis UG-Research Project Management System (v1.0)- Google Apps Script Backend Codes/laravel-app/vendor/laravel/framework/src/Illuminate/Database/Eloquent/Model.php(1485): Illuminate\\Database\\Eloquent\\Model->newQueryWithoutScopes()
#20 /Volumes/OA-SSD-Flex/TheOAsis UG-Research Project Management System (v1.0)- Google Apps Script Backend Codes/laravel-app/vendor/laravel/framework/src/Illuminate/Database/Eloquent/Model.php(2335): Illuminate\\Database\\Eloquent\\Model->newQuery()
#21 /Volumes/OA-SSD-Flex/TheOAsis UG-Research Project Management System (v1.0)- Google Apps Script Backend Codes/laravel-app/vendor/laravel/framework/src/Illuminate/Database/Eloquent/Model.php(2347): Illuminate\\Database\\Eloquent\\Model->__call('where', Array)
#22 /Volumes/OA-SSD-Flex/TheOAsis UG-Research Project Management System (v1.0)- Google Apps Script Backend Codes/laravel-app/app/Http/Controllers/AuthController.php(27): Illuminate\\Database\\Eloquent\\Model::__callStatic('where', Array)
#23 /Volumes/OA-SSD-Flex/TheOAsis UG-Research Project Management System (v1.0)- Google Apps Script Backend Codes/laravel-app/vendor/laravel/framework/src/Illuminate/Routing/Controller.php(54): App\\Http\\Controllers\\AuthController->loginStudent(Object(Illuminate\\Http\\Request))
#24 /Volumes/OA-SSD-Flex/TheOAsis UG-Research Project Management System (v1.0)- Google Apps Script Backend Codes/laravel-app/vendor/laravel/framework/src/Illuminate/Routing/ControllerDispatcher.php(43): Illuminate\\Routing\\Controller->callAction('loginStudent', Array)
#25 /Volumes/OA-SSD-Flex/TheOAsis UG-Research Project Management System (v1.0)- Google Apps Script Backend Codes/laravel-app/vendor/laravel/framework/src/Illuminate/Routing/Route.php(259): Illuminate\\Routing\\ControllerDispatcher->dispatch(Object(Illuminate\\Routing\\Route), Object(App\\Http\\Controllers\\AuthController), 'loginStudent')
#26 /Volumes/OA-SSD-Flex/TheOAsis UG-Research Project Management System (v1.0)- Google Apps Script Backend Codes/laravel-app/vendor/laravel/framework/src/Illuminate/Routing/Route.php(205): Illuminate\\Routing\\Route->runController()
#27 /Volumes/OA-SSD-Flex/TheOAsis UG-Research Project Management System (v1.0)- Google Apps Script Backend Codes/laravel-app/vendor/laravel/framework/src/Illuminate/Routing/Router.php(806): Illuminate\\Routing\\Route->run()
#28 /Volumes/OA-SSD-Flex/TheOAsis UG-Research Project Management System (v1.0)- Google Apps Script Backend Codes/laravel-app/vendor/laravel/framework/src/Illuminate/Pipeline/Pipeline.php(144): Illuminate\\Routing\\Router->{closure:Illuminate\\Routing\\Router::runRouteWithinStack():805}(Object(Illuminate\\Http\\Request))
#29 /Volumes/OA-SSD-Flex/TheOAsis UG-Research Project Management System (v1.0)- Google Apps Script Backend Codes/laravel-app/app/Http/Controllers/BaseController.php(25): Illuminate\\Pipeline\\Pipeline->{closure:Illuminate\\Pipeline\\Pipeline::prepareDestination():142}(Object(Illuminate\\Http\\Request))
#30 /Volumes/OA-SSD-Flex/TheOAsis UG-Research Project Management System (v1.0)- Google Apps Script Backend Codes/laravel-app/vendor/laravel/framework/src/Illuminate/Pipeline/Pipeline.php(165): App\\Http\\Controllers\\BaseController->{closure:App\\Http\\Controllers\\BaseController::__construct():19}(Object(Illuminate\\Http\\Request), Object(Closure))
#31 /Volumes/OA-SSD-Flex/TheOAsis UG-Research Project Management System (v1.0)- Google Apps Script Backend Codes/laravel-app/vendor/laravel/framework/src/Illuminate/Routing/Middleware/SubstituteBindings.php(50): Illuminate\\Pipeline\\Pipeline->{closure:{closure:Illuminate\\Pipeline\\Pipeline::carry():158}:159}(Object(Illuminate\\Http\\Request))
#32 /Volumes/OA-SSD-Flex/TheOAsis UG-Research Project Management System (v1.0)- Google Apps Script Backend Codes/laravel-app/vendor/laravel/framework/src/Illuminate/Pipeline/Pipeline.php(183): Illuminate\\Routing\\Middleware\\SubstituteBindings->handle(Object(Illuminate\\Http\\Request), Object(Closure))
#33 /Volumes/OA-SSD-Flex/TheOAsis UG-Research Project Management System (v1.0)- Google Apps Script Backend Codes/laravel-app/vendor/laravel/framework/src/Illuminate/Routing/Middleware/ThrottleRequests.php(159): Illuminate\\Pipeline\\Pipeline->{closure:{closure:Illuminate\\Pipeline\\Pipeline::carry():158}:159}(Object(Illuminate\\Http\\Request))
#34 /Volumes/OA-SSD-Flex/TheOAsis UG-Research Project Management System (v1.0)- Google Apps Script Backend Codes/laravel-app/vendor/laravel/framework/src/Illuminate/Routing/Middleware/ThrottleRequests.php(125): Illuminate\\Routing\\Middleware\\ThrottleRequests->handleRequest(Object(Illuminate\\Http\\Request), Object(Closure), Array)
#35 /Volumes/OA-SSD-Flex/TheOAsis UG-Research Project Management System (v1.0)- Google Apps Script Backend Codes/laravel-app/vendor/laravel/framework/src/Illuminate/Routing/Middleware/ThrottleRequests.php(87): Illuminate\\Routing\\Middleware\\ThrottleRequests->handleRequestUsingNamedLimiter(Object(Illuminate\\Http\\Request), Object(Closure), 'api', Object(Closure))
#36 /Volumes/OA-SSD-Flex/TheOAsis UG-Research Project Management System (v1.0)- Google Apps Script Backend Codes/laravel-app/vendor/laravel/framework/src/Illuminate/Pipeline/Pipeline.php(183): Illuminate\\Routing\\Middleware\\ThrottleRequests->handle(Object(Illuminate\\Http\\Request), Object(Closure), 'api')
#37 /Volumes/OA-SSD-Flex/TheOAsis UG-Research Project Management System (v1.0)- Google Apps Script Backend Codes/laravel-app/vendor/laravel/sanctum/src/Http/Middleware/EnsureFrontendRequestsAreStateful.php(25): Illuminate\\Pipeline\\Pipeline->{closure:{closure:Illuminate\\Pipeline\\Pipeline::carry():158}:159}(Object(Illuminate\\Http\\Request))
#38 /Volumes/OA-SSD-Flex/TheOAsis UG-Research Project Management System (v1.0)- Google Apps Script Backend Codes/laravel-app/vendor/laravel/framework/src/Illuminate/Pipeline/Pipeline.php(144): Laravel\\Sanctum\\Http\\Middleware\\EnsureFrontendRequestsAreStateful->{closure:Laravel\\Sanctum\\Http\\Middleware\\EnsureFrontendRequestsAreStateful::handle():24}(Object(Illuminate\\Http\\Request))
#39 /Volumes/OA-SSD-Flex/TheOAsis UG-Research Project Management System (v1.0)- Google Apps Script Backend Codes/laravel-app/vendor/laravel/framework/src/Illuminate/Pipeline/Pipeline.php(119): Illuminate\\Pipeline\\Pipeline->{closure:Illuminate\\Pipeline\\Pipeline::prepareDestination():142}(Object(Illuminate\\Http\\Request))
#40 /Volumes/OA-SSD-Flex/TheOAsis UG-Research Project Management System (v1.0)- Google Apps Script Backend Codes/laravel-app/vendor/laravel/sanctum/src/Http/Middleware/EnsureFrontendRequestsAreStateful.php(24): Illuminate\\Pipeline\\Pipeline->then(Object(Closure))
#41 /Volumes/OA-SSD-Flex/TheOAsis UG-Research Project Management System (v1.0)- Google Apps Script Backend Codes/laravel-app/vendor/laravel/framework/src/Illuminate/Pipeline/Pipeline.php(183): Laravel\\Sanctum\\Http\\Middleware\\EnsureFrontendRequestsAreStateful->handle(Object(Illuminate\\Http\\Request), Object(Closure))
#42 /Volumes/OA-SSD-Flex/TheOAsis UG-Research Project Management System (v1.0)- Google Apps Script Backend Codes/laravel-app/vendor/laravel/framework/src/Illuminate/Pipeline/Pipeline.php(119): Illuminate\\Pipeline\\Pipeline->{closure:{closure:Illuminate\\Pipeline\\Pipeline::carry():158}:159}(Object(Illuminate\\Http\\Request))
#43 /Volumes/OA-SSD-Flex/TheOAsis UG-Research Project Management System (v1.0)- Google Apps Script Backend Codes/laravel-app/vendor/laravel/framework/src/Illuminate/Routing/Router.php(805): Illuminate\\Pipeline\\Pipeline->then(Object(Closure))
#44 /Volumes/OA-SSD-Flex/TheOAsis UG-Research Project Management System (v1.0)- Google Apps Script Backend Codes/laravel-app/vendor/laravel/framework/src/Illuminate/Routing/Router.php(784): Illuminate\\Routing\\Router->runRouteWithinStack(Object(Illuminate\\Routing\\Route), Object(Illuminate\\Http\\Request))
#45 /Volumes/OA-SSD-Flex/TheOAsis UG-Research Project Management System (v1.0)- Google Apps Script Backend Codes/laravel-app/vendor/laravel/framework/src/Illuminate/Routing/Router.php(748): Illuminate\\Routing\\Router->runRoute(Object(Illuminate\\Http\\Request), Object(Illuminate\\Routing\\Route))
#46 /Volumes/OA-SSD-Flex/TheOAsis UG-Research Project Management System (v1.0)- Google Apps Script Backend Codes/laravel-app/vendor/laravel/framework/src/Illuminate/Routing/Router.php(737): Illuminate\\Routing\\Router->dispatchToRoute(Object(Illuminate\\Http\\Request))
#47 /Volumes/OA-SSD-Flex/TheOAsis UG-Research Project Management System (v1.0)- Google Apps Script Backend Codes/laravel-app/vendor/laravel/framework/src/Illuminate/Foundation/Http/Kernel.php(200): Illuminate\\Routing\\Router->dispatch(Object(Illuminate\\Http\\Request))
#48 /Volumes/OA-SSD-Flex/TheOAsis UG-Research Project Management System (v1.0)- Google Apps Script Backend Codes/laravel-app/vendor/laravel/framework/src/Illuminate/Pipeline/Pipeline.php(144): Illuminate\\Foundation\\Http\\Kernel->{closure:Illuminate\\Foundation\\Http\\Kernel::dispatchToRouter():197}(Object(Illuminate\\Http\\Request))
#49 /Volumes/OA-SSD-Flex/TheOAsis UG-Research Project Management System (v1.0)- Google Apps Script Backend Codes/laravel-app/vendor/laravel/framework/src/Illuminate/Foundation/Http/Middleware/TransformsRequest.php(21): Illuminate\\Pipeline\\Pipeline->{closure:Illuminate\\Pipeline\\Pipeline::prepareDestination():142}(Object(Illuminate\\Http\\Request))
#50 /Volumes/OA-SSD-Flex/TheOAsis UG-Research Project Management System (v1.0)- Google Apps Script Backend Codes/laravel-app/vendor/laravel/framework/src/Illuminate/Foundation/Http/Middleware/ConvertEmptyStringsToNull.php(31): Illuminate\\Foundation\\Http\\Middleware\\TransformsRequest->handle(Object(Illuminate\\Http\\Request), Object(Closure))
#51 /Volumes/OA-SSD-Flex/TheOAsis UG-Research Project Management System (v1.0)- Google Apps Script Backend Codes/laravel-app/vendor/laravel/framework/src/Illuminate/Pipeline/Pipeline.php(183): Illuminate\\Foundation\\Http\\Middleware\\ConvertEmptyStringsToNull->handle(Object(Illuminate\\Http\\Request), Object(Closure))
#52 /Volumes/OA-SSD-Flex/TheOAsis UG-Research Project Management System (v1.0)- Google Apps Script Backend Codes/laravel-app/vendor/laravel/framework/src/Illuminate/Foundation/Http/Middleware/TransformsRequest.php(21): Illuminate\\Pipeline\\Pipeline->{closure:{closure:Illuminate\\Pipeline\\Pipeline::carry():158}:159}(Object(Illuminate\\Http\\Request))
#53 /Volumes/OA-SSD-Flex/TheOAsis UG-Research Project Management System (v1.0)- Google Apps Script Backend Codes/laravel-app/vendor/laravel/framework/src/Illuminate/Foundation/Http/Middleware/TrimStrings.php(40): Illuminate\\Foundation\\Http\\Middleware\\TransformsRequest->handle(Object(Illuminate\\Http\\Request), Object(Closure))
#54 /Volumes/OA-SSD-Flex/TheOAsis UG-Research Project Management System (v1.0)- Google Apps Script Backend Codes/laravel-app/vendor/laravel/framework/src/Illuminate/Pipeline/Pipeline.php(183): Illuminate\\Foundation\\Http\\Middleware\\TrimStrings->handle(Object(Illuminate\\Http\\Request), Object(Closure))
#55 /Volumes/OA-SSD-Flex/TheOAsis UG-Research Project Management System (v1.0)- Google Apps Script Backend Codes/laravel-app/vendor/laravel/framework/src/Illuminate/Foundation/Http/Middleware/ValidatePostSize.php(27): Illuminate\\Pipeline\\Pipeline->{closure:{closure:Illuminate\\Pipeline\\Pipeline::carry():158}:159}(Object(Illuminate\\Http\\Request))
#56 /Volumes/OA-SSD-Flex/TheOAsis UG-Research Project Management System (v1.0)- Google Apps Script Backend Codes/laravel-app/vendor/laravel/framework/src/Illuminate/Pipeline/Pipeline.php(183): Illuminate\\Foundation\\Http\\Middleware\\ValidatePostSize->handle(Object(Illuminate\\Http\\Request), Object(Closure))
#57 /Volumes/OA-SSD-Flex/TheOAsis UG-Research Project Management System (v1.0)- Google Apps Script Backend Codes/laravel-app/vendor/laravel/framework/src/Illuminate/Foundation/Http/Middleware/PreventRequestsDuringMaintenance.php(99): Illuminate\\Pipeline\\Pipeline->{closure:{closure:Illuminate\\Pipeline\\Pipeline::carry():158}:159}(Object(Illuminate\\Http\\Request))
#58 /Volumes/OA-SSD-Flex/TheOAsis UG-Research Project Management System (v1.0)- Google Apps Script Backend Codes/laravel-app/vendor/laravel/framework/src/Illuminate/Pipeline/Pipeline.php(183): Illuminate\\Foundation\\Http\\Middleware\\PreventRequestsDuringMaintenance->handle(Object(Illuminate\\Http\\Request), Object(Closure))
#59 /Volumes/OA-SSD-Flex/TheOAsis UG-Research Project Management System (v1.0)- Google Apps Script Backend Codes/laravel-app/vendor/laravel/framework/src/Illuminate/Pipeline/Pipeline.php(119): Illuminate\\Pipeline\\Pipeline->{closure:{closure:Illuminate\\Pipeline\\Pipeline::carry():158}:159}(Object(Illuminate\\Http\\Request))
#60 /Volumes/OA-SSD-Flex/TheOAsis UG-Research Project Management System (v1.0)- Google Apps Script Backend Codes/laravel-app/vendor/laravel/framework/src/Illuminate/Foundation/Http/Kernel.php(175): Illuminate\\Pipeline\\Pipeline->then(Object(Closure))
#61 /Volumes/OA-SSD-Flex/TheOAsis UG-Research Project Management System (v1.0)- Google Apps Script Backend Codes/laravel-app/vendor/laravel/framework/src/Illuminate/Foundation/Http/Kernel.php(144): Illuminate\\Foundation\\Http\\Kernel->sendRequestThroughRouter(Object(Illuminate\\Http\\Request))
#62 /Volumes/OA-SSD-Flex/TheOAsis UG-Research Project Management System (v1.0)- Google Apps Script Backend Codes/laravel-app/public/index.php(51): Illuminate\\Foundation\\Http\\Kernel->handle(Object(Illuminate\\Http\\Request))
#63 /Volumes/OA-SSD-Flex/TheOAsis UG-Research Project Management System (v1.0)- Google Apps Script Backend Codes/laravel-app/vendor/laravel/framework/src/Illuminate/Foundation/resources/server.php(16): require_once('/Volumes/OA-SSD...')
#64 {main}
"} 
[2026-09-21 15:00:18] local.ERROR: Database file at path [database/database.sqlite] does not exist. Ensure this is an absolute path to the database. (Connection: sqlite, SQL: PRAGMA foreign_keys = ON;) {"exception":"[object] (Illuminate\\Database\\QueryException(code: 0): Database file at path [database/database.sqlite] does not exist. Ensure this is an absolute path to the database. (Connection: sqlite, SQL: PRAGMA foreign_keys = ON;) at /Volumes/OA-SSD-Flex/TheOAsis UG-Research Project Management System (v1.0)- Google Apps Script Backend Codes/laravel-app/vendor/laravel/framework/src/Illuminate/Database/Connection.php:829)
[stacktrace]
#0 /Volumes/OA-SSD-Flex/TheOAsis UG-Research Project Management System (v1.0)- Google Apps Script Backend Codes/laravel-app/vendor/laravel/framework/src/Illuminate/Database/Connection.php(783): Illuminate\\Database\\Connection->runQueryCallback('PRAGMA foreign_...', Array, Object(Closure))
#1 /Volumes/OA-SSD-Flex/TheOAsis UG-Research Project Management System (v1.0)- Google Apps Script Backend Codes/laravel-app/vendor/laravel/framework/src/Illuminate/Database/Connection.php(576): Illuminate\\Database\\Connection->run('PRAGMA foreign_...', Array, Object(Closure))
#2 /Volumes/OA-SSD-Flex/TheOAsis UG-Research Project Management System (v1.0)- Google Apps Script Backend Codes/laravel-app/vendor/laravel/framework/src/Illuminate/Database/Schema/Builder.php(560): Illuminate\\Database\\Connection->statement('PRAGMA foreign_...')
#3 /Volumes/OA-SSD-Flex/TheOAsis UG-Research Project Management System (v1.0)- Google Apps Script Backend Codes/laravel-app/vendor/laravel/framework/src/Illuminate/Database/SQLiteConnection.php(36): Illuminate\\Database\\Schema\\Builder->enableForeignKeyConstraints()
#4 /Volumes/OA-SSD-Flex/TheOAsis UG-Research Project Management System (v1.0)- Google Apps Script Backend Codes/laravel-app/vendor/laravel/framework/src/Illuminate/Database/Connectors/ConnectionFactory.php(272): Illuminate\\Database\\SQLiteConnection->__construct(Object(Closure), 'database/databa...', '', Array)
#5 /Volumes/OA-SSD-Flex/TheOAsis UG-Research Project Management System (v1.0)- Google Apps Script Backend Codes/laravel-app/vendor/laravel/framework/src/Illuminate/Database/Connectors/ConnectionFactory.php(75): Illuminate\\Database\\Connectors\\ConnectionFactory->createConnection('sqlite', Object(Closure), 'database/databa...', '', Array)
#6 /Volumes/OA-SSD-Flex/TheOAsis UG-Research Project Management System (v1.0)- Google Apps Script Backend Codes/laravel-app/vendor/laravel/framework/src/Illuminate/Database/Connectors/ConnectionFactory.php(50): Illuminate\\Database\\Connectors\\ConnectionFactory->createSingleConnection(Array)
#7 /Volumes/OA-SSD-Flex/TheOAsis UG-Research Project Management System (v1.0)- Google Apps Script Backend Codes/laravel-app/vendor/laravel/framework/src/Illuminate/Database/DatabaseManager.php(175): Illuminate\\Database\\Connectors\\ConnectionFactory->make(Array, 'sqlite')
#8 /Volumes/OA-SSD-Flex/TheOAsis UG-Research Project Management System (v1.0)- Google Apps Script Backend Codes/laravel-app/vendor/laravel/framework/src/Illuminate/Database/DatabaseManager.php(101): Illuminate\\Database\\DatabaseManager->makeConnection('sqlite')
#9 /Volumes/OA-SSD-Flex/TheOAsis UG-Research Project Management System (v1.0)- Google Apps Script Backend Codes/laravel-app/vendor/laravel/framework/src/Illuminate/Database/Eloquent/Model.php(1820): Illuminate\\Database\\DatabaseManager->connection('sqlite')
#10 /Volumes/OA-SSD-Flex/TheOAsis UG-Research Project Management System (v1.0)- Google Apps Script Backend Codes/laravel-app/vendor/laravel/framework/src/Illuminate/Database/Eloquent/Model.php(1786): Illuminate\\Database\\Eloquent\\Model::resolveConnection(NULL)
#11 /Volumes/OA-SSD-Flex/TheOAsis UG-Research Project Management System (v1.0)- Google Apps Script Backend Codes/laravel-app/vendor/laravel/framework/src/Illuminate/Database/Eloquent/Model.php(1577): Illuminate\\Database\\Eloquent\\Model->getConnection()
#12 /Volumes/OA-SSD-Flex/TheOAsis UG-Research Project Management System (v1.0)- Google Apps Script Backend Codes/laravel-app/vendor/laravel/framework/src/Illuminate/Database/Eloquent/Model.php(1496): Illuminate\\Database\\Eloquent\\Model->newBaseQueryBuilder()
#13 /Volumes/OA-SSD-Flex/TheOAsis UG-Research Project Management System (v1.0)- Google Apps Script Backend Codes/laravel-app/vendor/laravel/framework/src/Illuminate/Database/Eloquent/Model.php(1532): Illuminate\\Database\\Eloquent\\Model->newModelQuery()
#14 /Volumes/OA-SSD-Flex/TheOAsis UG-Research Project Management System (v1.0)- Google Apps Script Backend Codes/laravel-app/vendor/laravel/framework/src/Illuminate/Database/Eloquent/Model.php(1485): Illuminate\\Database\\Eloquent\\Model->newQueryWithoutScopes()
#15 /Volumes/OA-SSD-Flex/TheOAsis UG-Research Project Management System (v1.0)- Google Apps Script Backend Codes/laravel-app/vendor/laravel/framework/src/Illuminate/Database/Eloquent/Model.php(2335): Illuminate\\Database\\Eloquent\\Model->newQuery()
#16 /Volumes/OA-SSD-Flex/TheOAsis UG-Research Project Management System (v1.0)- Google Apps Script Backend Codes/laravel-app/vendor/laravel/framework/src/Illuminate/Database/Eloquent/Model.php(2347): Illuminate\\Database\\Eloquent\\Model->__call('where', Array)
#17 /Volumes/OA-SSD-Flex/TheOAsis UG-Research Project Management System (v1.0)- Google Apps Script Backend Codes/laravel-app/app/Http/Controllers/AuthController.php(27): Illuminate\\Database\\Eloquent\\Model::__callStatic('where', Array)
#18 /Volumes/OA-SSD-Flex/TheOAsis UG-Research Project Management System (v1.0)- Google Apps Script Backend Codes/laravel-app/vendor/laravel/framework/src/Illuminate/Routing/Controller.php(54): App\\Http\\Controllers\\AuthController->loginStudent(Object(Illuminate\\Http\\Request))
#19 /Volumes/OA-SSD-Flex/TheOAsis UG-Research Project Management System (v1.0)- Google Apps Script Backend Codes/laravel-app/vendor/laravel/framework/src/Illuminate/Routing/ControllerDispatcher.php(43): Illuminate\\Routing\\Controller->callAction('loginStudent', Array)
#20 /Volumes/OA-SSD-Flex/TheOAsis UG-Research Project Management System (v1.0)- Google Apps Script Backend Codes/laravel-app/vendor/laravel/framework/src/Illuminate/Routing/Route.php(259): Illuminate\\Routing\\ControllerDispatcher->dispatch(Object(Illuminate\\Routing\\Route), Object(App\\Http\\Controllers\\AuthController), 'loginStudent')
#21 /Volumes/OA-SSD-Flex/TheOAsis UG-Research Project Management System (v1.0)- Google Apps Script Backend Codes/laravel-app/vendor/laravel/framework/src/Illuminate/Routing/Route.php(205): Illuminate\\Routing\\Route->runController()
#22 /Volumes/OA-SSD-Flex/TheOAsis UG-Research Project Management System (v1.0)- Google Apps Script Backend Codes/laravel-app/vendor/laravel/framework/src/Illuminate/Routing/Router.php(806): Illuminate\\Routing\\Route->run()
#23 /Volumes/OA-SSD-Flex/TheOAsis UG-Research Project Management System (v1.0)- Google Apps Script Backend Codes/laravel-app/vendor/laravel/framework/src/Illuminate/Pipeline/Pipeline.php(144): Illuminate\\Routing\\Router->{closure:Illuminate\\Routing\\Router::runRouteWithinStack():805}(Object(Illuminate\\Http\\Request))
#24 /Volumes/OA-SSD-Flex/TheOAsis UG-Research Project Management System (v1.0)- Google Apps Script Backend Codes/laravel-app/app/Http/Controllers/BaseController.php(25): Illuminate\\Pipeline\\Pipeline->{closure:Illuminate\\Pipeline\\Pipeline::prepareDestination():142}(Object(Illuminate\\Http\\Request))
#25 /Volumes/OA-SSD-Flex/TheOAsis UG-Research Project Management System (v1.0)- Google Apps Script Backend Codes/laravel-app/vendor/laravel/framework/src/Illuminate/Pipeline/Pipeline.php(165): App\\Http\\Controllers\\BaseController->{closure:App\\Http\\Controllers\\BaseController::__construct():19}(Object(Illuminate\\Http\\Request), Object(Closure))
#26 /Volumes/OA-SSD-Flex/TheOAsis UG-Research Project Management System (v1.0)- Google Apps Script Backend Codes/laravel-app/vendor/laravel/framework/src/Illuminate/Routing/Middleware/SubstituteBindings.php(50): Illuminate\\Pipeline\\Pipeline->{closure:{closure:Illuminate\\Pipeline\\Pipeline::carry():158}:159}(Object(Illuminate\\Http\\Request))
#27 /Volumes/OA-SSD-Flex/TheOAsis UG-Research Project Management System (v1.0)- Google Apps Script Backend Codes/laravel-app/vendor/laravel/framework/src/Illuminate/Pipeline/Pipeline.php(183): Illuminate\\Routing\\Middleware\\SubstituteBindings->handle(Object(Illuminate\\Http\\Request), Object(Closure))
#28 /Volumes/OA-SSD-Flex/TheOAsis UG-Research Project Management System (v1.0)- Google Apps Script Backend Codes/laravel-app/vendor/laravel/framework/src/Illuminate/Routing/Middleware/ThrottleRequests.php(159): Illuminate\\Pipeline\\Pipeline->{closure:{closure:Illuminate\\Pipeline\\Pipeline::carry():158}:159}(Object(Illuminate\\Http\\Request))
#29 /Volumes/OA-SSD-Flex/TheOAsis UG-Research Project Management System (v1.0)- Google Apps Script Backend Codes/laravel-app/vendor/laravel/framework/src/Illuminate/Routing/Middleware/ThrottleRequests.php(125): Illuminate\\Routing\\Middleware\\ThrottleRequests->handleRequest(Object(Illuminate\\Http\\Request), Object(Closure), Array)
#30 /Volumes/OA-SSD-Flex/TheOAsis UG-Research Project Management System (v1.0)- Google Apps Script Backend Codes/laravel-app/vendor/laravel/framework/src/Illuminate/Routing/Middleware/ThrottleRequests.php(87): Illuminate\\Routing\\Middleware\\ThrottleRequests->handleRequestUsingNamedLimiter(Object(Illuminate\\Http\\Request), Object(Closure), 'api', Object(Closure))
#31 /Volumes/OA-SSD-Flex/TheOAsis UG-Research Project Management System (v1.0)- Google Apps Script Backend Codes/laravel-app/vendor/laravel/framework/src/Illuminate/Pipeline/Pipeline.php(183): Illuminate\\Routing\\Middleware\\ThrottleRequests->handle(Object(Illuminate\\Http\\Request), Object(Closure), 'api')
#32 /Volumes/OA-SSD-Flex/TheOAsis UG-Research Project Management System (v1.0)- Google Apps Script Backend Codes/laravel-app/vendor/laravel/sanctum/src/Http/Middleware/EnsureFrontendRequestsAreStateful.php(25): Illuminate\\Pipeline\\Pipeline->{closure:{closure:Illuminate\\Pipeline\\Pipeline::carry():158}:159}(Object(Illuminate\\Http\\Request))
#33 /Volumes/OA-SSD-Flex/TheOAsis UG-Research Project Management System (v1.0)- Google Apps Script Backend Codes/laravel-app/vendor/laravel/framework/src/Illuminate/Pipeline/Pipeline.php(144): Laravel\\Sanctum\\Http\\Middleware\\EnsureFrontendRequestsAreStateful->{closure:Laravel\\Sanctum\\Http\\Middleware\\EnsureFrontendRequestsAreStateful::handle():24}(Object(Illuminate\\Http\\Request))
#34 /Volumes/OA-SSD-Flex/TheOAsis UG-Research Project Management System (v1.0)- Google Apps Script Backend Codes/laravel-app/vendor/laravel/framework/src/Illuminate/Pipeline/Pipeline.php(119): Illuminate\\Pipeline\\Pipeline->{closure:Illuminate\\Pipeline\\Pipeline::prepareDestination():142}(Object(Illuminate\\Http\\Request))
#35 /Volumes/OA-SSD-Flex/TheOAsis UG-Research Project Management System (v1.0)- Google Apps Script Backend Codes/laravel-app/vendor/laravel/sanctum/src/Http/Middleware/EnsureFrontendRequestsAreStateful.php(24): Illuminate\\Pipeline\\Pipeline->then(Object(Closure))
#36 /Volumes/OA-SSD-Flex/TheOAsis UG-Research Project Management System (v1.0)- Google Apps Script Backend Codes/laravel-app/vendor/laravel/framework/src/Illuminate/Pipeline/Pipeline.php(183): Laravel\\Sanctum\\Http\\Middleware\\EnsureFrontendRequestsAreStateful->handle(Object(Illuminate\\Http\\Request), Object(Closure))
#37 /Volumes/OA-SSD-Flex/TheOAsis UG-Research Project Management System (v1.0)- Google Apps Script Backend Codes/laravel-app/vendor/laravel/framework/src/Illuminate/Pipeline/Pipeline.php(119): Illuminate\\Pipeline\\Pipeline->{closure:{closure:Illuminate\\Pipeline\\Pipeline::carry():158}:159}(Object(Illuminate\\Http\\Request))
#38 /Volumes/OA-SSD-Flex/TheOAsis UG-Research Project Management System (v1.0)- Google Apps Script Backend Codes/laravel-app/vendor/laravel/framework/src/Illuminate/Routing/Router.php(805): Illuminate\\Pipeline\\Pipeline->then(Object(Closure))
#39 /Volumes/OA-SSD-Flex/TheOAsis UG-Research Project Management System (v1.0)- Google Apps Script Backend Codes/laravel-app/vendor/laravel/framework/src/Illuminate/Routing/Router.php(784): Illuminate\\Routing\\Router->runRouteWithinStack(Object(Illuminate\\Routing\\Route), Object(Illuminate\\Http\\Request))
#40 /Volumes/OA-SSD-Flex/TheOAsis UG-Research Project Management System (v1.0)- Google Apps Script Backend Codes/laravel-app/vendor/laravel/framework/src/Illuminate/Routing/Router.php(748): Illuminate\\Routing\\Router->runRoute(Object(Illuminate\\Http\\Request), Object(Illuminate\\Routing\\Route))
#41 /Volumes/OA-SSD-Flex/TheOAsis UG-Research Project Management System (v1.0)- Google Apps Script Backend Codes/laravel-app/vendor/laravel/framework/src/Illuminate/Routing/Router.php(737): Illuminate\\Routing\\Router->dispatchToRoute(Object(Illuminate\\Http\\Request))
#42 /Volumes/OA-SSD-Flex/TheOAsis UG-Research Project Management System (v1.0)- Google Apps Script Backend Codes/laravel-app/vendor/laravel/framework/src/Illuminate/Foundation/Http/Kernel.php(200): Illuminate\\Routing\\Router->dispatch(Object(Illuminate\\Http\\Request))
#43 /Volumes/OA-SSD-Flex/TheOAsis UG-Research Project Management System (v1.0)- Google Apps Script Backend Codes/laravel-app/vendor/laravel/framework/src/Illuminate/Pipeline/Pipeline.php(144): Illuminate\\Foundation\\Http\\Kernel->{closure:Illuminate\\Foundation\\Http\\Kernel::dispatchToRouter():197}(Object(Illuminate\\Http\\Request))
#44 /Volumes/OA-SSD-Flex/TheOAsis UG-Research Project Management System (v1.0)- Google Apps Script Backend Codes/laravel-app/vendor/laravel/framework/src/Illuminate/Foundation/Http/Middleware/TransformsRequest.php(21): Illuminate\\Pipeline\\Pipeline->{closure:Illuminate\\Pipeline\\Pipeline::prepareDestination():142}(Object(Illuminate\\Http\\Request))
#45 /Volumes/OA-SSD-Flex/TheOAsis UG-Research Project Management System (v1.0)- Google Apps Script Backend Codes/laravel-app/vendor/laravel/framework/src/Illuminate/Foundation/Http/Middleware/ConvertEmptyStringsToNull.php(31): Illuminate\\Foundation\\Http\\Middleware\\TransformsRequest->handle(Object(Illuminate\\Http\\Request), Object(Closure))
#46 /Volumes/OA-SSD-Flex/TheOAsis UG-Research Project Management System (v1.0)- Google Apps Script Backend Codes/laravel-app/vendor/laravel/framework/src/Illuminate/Pipeline/Pipeline.php(183): Illuminate\\Foundation\\Http\\Middleware\\ConvertEmptyStringsToNull->handle(Object(Illuminate\\Http\\Request), Object(Closure))
#47 /Volumes/OA-SSD-Flex/TheOAsis UG-Research Project Management System (v1.0)- Google Apps Script Backend Codes/laravel-app/vendor/laravel/framework/src/Illuminate/Foundation/Http/Middleware/TransformsRequest.php(21): Illuminate\\Pipeline\\Pipeline->{closure:{closure:Illuminate\\Pipeline\\Pipeline::carry():158}:159}(Object(Illuminate\\Http\\Request))
#48 /Volumes/OA-SSD-Flex/TheOAsis UG-Research Project Management System (v1.0)- Google Apps Script Backend Codes/laravel-app/vendor/laravel/framework/src/Illuminate/Foundation/Http/Middleware/TrimStrings.php(40): Illuminate\\Foundation\\Http\\Middleware\\TransformsRequest->handle(Object(Illuminate\\Http\\Request), Object(Closure))
#49 /Volumes/OA-SSD-Flex/TheOAsis UG-Research Project Management System (v1.0)- Google Apps Script Backend Codes/laravel-app/vendor/laravel/framework/src/Illuminate/Pipeline/Pipeline.php(183): Illuminate\\Foundation\\Http\\Middleware\\TrimStrings->handle(Object(Illuminate\\Http\\Request), Object(Closure))
#50 /Volumes/OA-SSD-Flex/TheOAsis UG-Research Project Management System (v1.0)- Google Apps Script Backend Codes/laravel-app/vendor/laravel/framework/src/Illuminate/Foundation/Http/Middleware/ValidatePostSize.php(27): Illuminate\\Pipeline\\Pipeline->{closure:{closure:Illuminate\\Pipeline\\Pipeline::carry():158}:159}(Object(Illuminate\\Http\\Request))
#51 /Volumes/OA-SSD-Flex/TheOAsis UG-Research Project Management System (v1.0)- Google Apps Script Backend Codes/laravel-app/vendor/laravel/framework/src/Illuminate/Pipeline/Pipeline.php(183): Illuminate\\Foundation\\Http\\Middleware\\ValidatePostSize->handle(Object(Illuminate\\Http\\Request), Object(Closure))
#52 /Volumes/OA-SSD-Flex/TheOAsis UG-Research Project Management System (v1.0)- Google Apps Script Backend Codes/laravel-app/vendor/laravel/framework/src/Illuminate/Foundation/Http/Middleware/PreventRequestsDuringMaintenance.php(99): Illuminate\\Pipeline\\Pipeline->{closure:{closure:Illuminate\\Pipeline\\Pipeline::carry():158}:159}(Object(Illuminate\\Http\\Request))
#53 /Volumes/OA-SSD-Flex/TheOAsis UG-Research Project Management System (v1.0)- Google Apps Script Backend Codes/laravel-app/vendor/laravel/framework/src/Illuminate/Pipeline/Pipeline.php(183): Illuminate\\Foundation\\Http\\Middleware\\PreventRequestsDuringMaintenance->handle(Object(Illuminate\\Http\\Request), Object(Closure))
#54 /Volumes/OA-SSD-Flex/TheOAsis UG-Research Project Management System (v1.0)- Google Apps Script Backend Codes/laravel-app/vendor/laravel/framework/src/Illuminate/Pipeline/Pipeline.php(119): Illuminate\\Pipeline\\Pipeline->{closure:{closure:Illuminate\\Pipeline\\Pipeline::carry():158}:159}(Object(Illuminate\\Http\\Request))
#55 /Volumes/OA-SSD-Flex/TheOAsis UG-Research Project Management System (v1.0)- Google Apps Script Backend Codes/laravel-app/vendor/laravel/framework/src/Illuminate/Foundation/Http/Kernel.php(175): Illuminate\\Pipeline\\Pipeline->then(Object(Closure))
#56 /Volumes/OA-SSD-Flex/TheOAsis UG-Research Project Management System (v1.0)- Google Apps Script Backend Codes/laravel-app/vendor/laravel/framework/src/Illuminate/Foundation/Http/Kernel.php(144): Illuminate\\Foundation\\Http\\Kernel->sendRequestThroughRouter(Object(Illuminate\\Http\\Request))
#57 /Volumes/OA-SSD-Flex/TheOAsis UG-Research Project Management System (v1.0)- Google Apps Script Backend Codes/laravel-app/public/index.php(51): Illuminate\\Foundation\\Http\\Kernel->handle(Object(Illuminate\\Http\\Request))
#58 /Volumes/OA-SSD-Flex/TheOAsis UG-Research Project Management System (v1.0)- Google Apps Script Backend Codes/laravel-app/vendor/laravel/framework/src/Illuminate/Foundation/resources/server.php(16): require_once('/Volumes/OA-SSD...')
#59 {main}

[previous exception] [object] (Illuminate\\Database\\SQLiteDatabaseDoesNotExistException(code: 0): Database file at path [database/database.sqlite] does not exist. Ensure this is an absolute path to the database. at /Volumes/OA-SSD-Flex/TheOAsis UG-Research Project Management System (v1.0)- Google Apps Script Backend Codes/laravel-app/vendor/laravel/framework/src/Illuminate/Database/Connectors/SQLiteConnector.php:34)
[stacktrace]
#0 /Volumes/OA-SSD-Flex/TheOAsis UG-Research Project Management System (v1.0)- Google Apps Script Backend Codes/laravel-app/vendor/laravel/framework/src/Illuminate/Database/Connectors/ConnectionFactory.php(221): Illuminate\\Database\\Connectors\\SQLiteConnector->connect(Array)
#1 [internal function]: Illuminate\\Database\\Connectors\\ConnectionFactory->{closure:Illuminate\\Database\\Connectors\\ConnectionFactory::createPdoResolverWithoutHosts():221}()
#2 /Volumes/OA-SSD-Flex/TheOAsis UG-Research Project Management System (v1.0)- Google Apps Script Backend Codes/laravel-app/vendor/laravel/framework/src/Illuminate/Database/Connection.php(1339): call_user_func(Object(Closure))
#3 /Volumes/OA-SSD-Flex/TheOAsis UG-Research Project Management System (v1.0)- Google Apps Script Backend Codes/laravel-app/vendor/laravel/framework/src/Illuminate/Database/Connection.php(581): Illuminate\\Database\\Connection->getPdo()
#4 /Volumes/OA-SSD-Flex/TheOAsis UG-Research Project Management System (v1.0)- Google Apps Script Backend Codes/laravel-app/vendor/laravel/framework/src/Illuminate/Database/Connection.php(816): Illuminate\\Database\\Connection->{closure:Illuminate\\Database\\Connection::statement():576}('PRAGMA foreign_...', Array)
#5 /Volumes/OA-SSD-Flex/TheOAsis UG-Research Project Management System (v1.0)- Google Apps Script Backend Codes/laravel-app/vendor/laravel/framework/src/Illuminate/Database/Connection.php(783): Illuminate\\Database\\Connection->runQueryCallback('PRAGMA foreign_...', Array, Object(Closure))
#6 /Volumes/OA-SSD-Flex/TheOAsis UG-Research Project Management System (v1.0)- Google Apps Script Backend Codes/laravel-app/vendor/laravel/framework/src/Illuminate/Database/Connection.php(576): Illuminate\\Database\\Connection->run('PRAGMA foreign_...', Array, Object(Closure))
#7 /Volumes/OA-SSD-Flex/TheOAsis UG-Research Project Management System (v1.0)- Google Apps Script Backend Codes/laravel-app/vendor/laravel/framework/src/Illuminate/Database/Schema/Builder.php(560): Illuminate\\Database\\Connection->statement('PRAGMA foreign_...')
#8 /Volumes/OA-SSD-Flex/TheOAsis UG-Research Project Management System (v1.0)- Google Apps Script Backend Codes/laravel-app/vendor/laravel/framework/src/Illuminate/Database/SQLiteConnection.php(36): Illuminate\\Database\\Schema\\Builder->enableForeignKeyConstraints()
#9 /Volumes/OA-SSD-Flex/TheOAsis UG-Research Project Management System (v1.0)- Google Apps Script Backend Codes/laravel-app/vendor/laravel/framework/src/Illuminate/Database/Connectors/ConnectionFactory.php(272): Illuminate\\Database\\SQLiteConnection->__construct(Object(Closure), 'database/databa...', '', Array)
#10 /Volumes/OA-SSD-Flex/TheOAsis UG-Research Project Management System (v1.0)- Google Apps Script Backend Codes/laravel-app/vendor/laravel/framework/src/Illuminate/Database/Connectors/ConnectionFactory.php(75): Illuminate\\Database\\Connectors\\ConnectionFactory->createConnection('sqlite', Object(Closure), 'database/databa...', '', Array)
#11 /Volumes/OA-SSD-Flex/TheOAsis UG-Research Project Management System (v1.0)- Google Apps Script Backend Codes/laravel-app/vendor/laravel/framework/src/Illuminate/Database/Connectors/ConnectionFactory.php(50): Illuminate\\Database\\Connectors\\ConnectionFactory->createSingleConnection(Array)
#12 /Volumes/OA-SSD-Flex/TheOAsis UG-Research Project Management System (v1.0)- Google Apps Script Backend Codes/laravel-app/vendor/laravel/framework/src/Illuminate/Database/DatabaseManager.php(175): Illuminate\\Database\\Connectors\\ConnectionFactory->make(Array, 'sqlite')
#13 /Volumes/OA-SSD-Flex/TheOAsis UG-Research Project Management System (v1.0)- Google Apps Script Backend Codes/laravel-app/vendor/laravel/framework/src/Illuminate/Database/DatabaseManager.php(101): Illuminate\\Database\\DatabaseManager->makeConnection('sqlite')
#14 /Volumes/OA-SSD-Flex/TheOAsis UG-Research Project Management System (v1.0)- Google Apps Script Backend Codes/laravel-app/vendor/laravel/framework/src/Illuminate/Database/Eloquent/Model.php(1820): Illuminate\\Database\\DatabaseManager->connection('sqlite')
#15 /Volumes/OA-SSD-Flex/TheOAsis UG-Research Project Management System (v1.0)- Google Apps Script Backend Codes/laravel-app/vendor/laravel/framework/src/Illuminate/Database/Eloquent/Model.php(1786): Illuminate\\Database\\Eloquent\\Model::resolveConnection(NULL)
#16 /Volumes/OA-SSD-Flex/TheOAsis UG-Research Project Management System (v1.0)- Google Apps Script Backend Codes/laravel-app/vendor/laravel/framework/src/Illuminate/Database/Eloquent/Model.php(1577): Illuminate\\Database\\Eloquent\\Model->getConnection()
#17 /Volumes/OA-SSD-Flex/TheOAsis UG-Research Project Management System (v1.0)- Google Apps Script Backend Codes/laravel-app/vendor/laravel/framework/src/Illuminate/Database/Eloquent/Model.php(1496): Illuminate\\Database\\Eloquent\\Model->newBaseQueryBuilder()
#18 /Volumes/OA-SSD-Flex/TheOAsis UG-Research Project Management System (v1.0)- Google Apps Script Backend Codes/laravel-app/vendor/laravel/framework/src/Illuminate/Database/Eloquent/Model.php(1532): Illuminate\\Database\\Eloquent\\Model->newModelQuery()
#19 /Volumes/OA-SSD-Flex/TheOAsis UG-Research Project Management System (v1.0)- Google Apps Script Backend Codes/laravel-app/vendor/laravel/framework/src/Illuminate/Database/Eloquent/Model.php(1485): Illuminate\\Database\\Eloquent\\Model->newQueryWithoutScopes()
#20 /Volumes/OA-SSD-Flex/TheOAsis UG-Research Project Management System (v1.0)- Google Apps Script Backend Codes/laravel-app/vendor/laravel/framework/src/Illuminate/Database/Eloquent/Model.php(2335): Illuminate\\Database\\Eloquent\\Model->newQuery()
#21 /Volumes/OA-SSD-Flex/TheOAsis UG-Research Project Management System (v1.0)- Google Apps Script Backend Codes/laravel-app/vendor/laravel/framework/src/Illuminate/Database/Eloquent/Model.php(2347): Illuminate\\Database\\Eloquent\\Model->__call('where', Array)
#22 /Volumes/OA-SSD-Flex/TheOAsis UG-Research Project Management System (v1.0)- Google Apps Script Backend Codes/laravel-app/app/Http/Controllers/AuthController.php(27): Illuminate\\Database\\Eloquent\\Model::__callStatic('where', Array)
#23 /Volumes/OA-SSD-Flex/TheOAsis UG-Research Project Management System (v1.0)- Google Apps Script Backend Codes/laravel-app/vendor/laravel/framework/src/Illuminate/Routing/Controller.php(54): App\\Http\\Controllers\\AuthController->loginStudent(Object(Illuminate\\Http\\Request))
#24 /Volumes/OA-SSD-Flex/TheOAsis UG-Research Project Management System (v1.0)- Google Apps Script Backend Codes/laravel-app/vendor/laravel/framework/src/Illuminate/Routing/ControllerDispatcher.php(43): Illuminate\\Routing\\Controller->callAction('loginStudent', Array)
#25 /Volumes/OA-SSD-Flex/TheOAsis UG-Research Project Management System (v1.0)- Google Apps Script Backend Codes/laravel-app/vendor/laravel/framework/src/Illuminate/Routing/Route.php(259): Illuminate\\Routing\\ControllerDispatcher->dispatch(Object(Illuminate\\Routing\\Route), Object(App\\Http\\Controllers\\AuthController), 'loginStudent')
#26 /Volumes/OA-SSD-Flex/TheOAsis UG-Research Project Management System (v1.0)- Google Apps Script Backend Codes/laravel-app/vendor/laravel/framework/src/Illuminate/Routing/Route.php(205): Illuminate\\Routing\\Route->runController()
#27 /Volumes/OA-SSD-Flex/TheOAsis UG-Research Project Management System (v1.0)- Google Apps Script Backend Codes/laravel-app/vendor/laravel/framework/src/Illuminate/Routing/Router.php(806): Illuminate\\Routing\\Route->run()
#28 /Volumes/OA-SSD-Flex/TheOAsis UG-Research Project Management System (v1.0)- Google Apps Script Backend Codes/laravel-app/vendor/laravel/framework/src/Illuminate/Pipeline/Pipeline.php(144): Illuminate\\Routing\\Router->{closure:Illuminate\\Routing\\Router::runRouteWithinStack():805}(Object(Illuminate\\Http\\Request))
#29 /Volumes/OA-SSD-Flex/TheOAsis UG-Research Project Management System (v1.0)- Google Apps Script Backend Codes/laravel-app/app/Http/Controllers/BaseController.php(25): Illuminate\\Pipeline\\Pipeline->{closure:Illuminate\\Pipeline\\Pipeline::prepareDestination():142}(Object(Illuminate\\Http\\Request))
#30 /Volumes/OA-SSD-Flex/TheOAsis UG-Research Project Management System (v1.0)- Google Apps Script Backend Codes/laravel-app/vendor/laravel/framework/src/Illuminate/Pipeline/Pipeline.php(165): App\\Http\\Controllers\\BaseController->{closure:App\\Http\\Controllers\\BaseController::__construct():19}(Object(Illuminate\\Http\\Request), Object(Closure))
#31 /Volumes/OA-SSD-Flex/TheOAsis UG-Research Project Management System (v1.0)- Google Apps Script Backend Codes/laravel-app/vendor/laravel/framework/src/Illuminate/Routing/Middleware/SubstituteBindings.php(50): Illuminate\\Pipeline\\Pipeline->{closure:{closure:Illuminate\\Pipeline\\Pipeline::carry():158}:159}(Object(Illuminate\\Http\\Request))
#32 /Volumes/OA-SSD-Flex/TheOAsis UG-Research Project Management System (v1.0)- Google Apps Script Backend Codes/laravel-app/vendor/laravel/framework/src/Illuminate/Pipeline/Pipeline.php(183): Illuminate\\Routing\\Middleware\\SubstituteBindings->handle(Object(Illuminate\\Http\\Request), Object(Closure))
#33 /Volumes/OA-SSD-Flex/TheOAsis UG-Research Project Management System (v1.0)- Google Apps Script Backend Codes/laravel-app/vendor/laravel/framework/src/Illuminate/Routing/Middleware/ThrottleRequests.php(159): Illuminate\\Pipeline\\Pipeline->{closure:{closure:Illuminate\\Pipeline\\Pipeline::carry():158}:159}(Object(Illuminate\\Http\\Request))
#34 /Volumes/OA-SSD-Flex/TheOAsis UG-Research Project Management System (v1.0)- Google Apps Script Backend Codes/laravel-app/vendor/laravel/framework/src/Illuminate/Routing/Middleware/ThrottleRequests.php(125): Illuminate\\Routing\\Middleware\\ThrottleRequests->handleRequest(Object(Illuminate\\Http\\Request), Object(Closure), Array)
#35 /Volumes/OA-SSD-Flex/TheOAsis UG-Research Project Management System (v1.0)- Google Apps Script Backend Codes/laravel-app/vendor/laravel/framework/src/Illuminate/Routing/Middleware/ThrottleRequests.php(87): Illuminate\\Routing\\Middleware\\ThrottleRequests->handleRequestUsingNamedLimiter(Object(Illuminate\\Http\\Request), Object(Closure), 'api', Object(Closure))
#36 /Volumes/OA-SSD-Flex/TheOAsis UG-Research Project Management System (v1.0)- Google Apps Script Backend Codes/laravel-app/vendor/laravel/framework/src/Illuminate/Pipeline/Pipeline.php(183): Illuminate\\Routing\\Middleware\\ThrottleRequests->handle(Object(Illuminate\\Http\\Request), Object(Closure), 'api')
#37 /Volumes/OA-SSD-Flex/TheOAsis UG-Research Project Management System (v1.0)- Google Apps Script Backend Codes/laravel-app/vendor/laravel/sanctum/src/Http/Middleware/EnsureFrontendRequestsAreStateful.php(25): Illuminate\\Pipeline\\Pipeline->{closure:{closure:Illuminate\\Pipeline\\Pipeline::carry():158}:159}(Object(Illuminate\\Http\\Request))
#38 /Volumes/OA-SSD-Flex/TheOAsis UG-Research Project Management System (v1.0)- Google Apps Script Backend Codes/laravel-app/vendor/laravel/framework/src/Illuminate/Pipeline/Pipeline.php(144): Laravel\\Sanctum\\Http\\Middleware\\EnsureFrontendRequestsAreStateful->{closure:Laravel\\Sanctum\\Http\\Middleware\\EnsureFrontendRequestsAreStateful::handle():24}(Object(Illuminate\\Http\\Request))
#39 /Volumes/OA-SSD-Flex/TheOAsis UG-Research Project Management System (v1.0)- Google Apps Script Backend Codes/laravel-app/vendor/laravel/framework/src/Illuminate/Pipeline/Pipeline.php(119): Illuminate\\Pipeline\\Pipeline->{closure:Illuminate\\Pipeline\\Pipeline::prepareDestination():142}(Object(Illuminate\\Http\\Request))
#40 /Volumes/OA-SSD-Flex/TheOAsis UG-Research Project Management System (v1.0)- Google Apps Script Backend Codes/laravel-app/vendor/laravel/sanctum/src/Http/Middleware/EnsureFrontendRequestsAreStateful.php(24): Illuminate\\Pipeline\\Pipeline->then(Object(Closure))
#41 /Volumes/OA-SSD-Flex/TheOAsis UG-Research Project Management System (v1.0)- Google Apps Script Backend Codes/laravel-app/vendor/laravel/framework/src/Illuminate/Pipeline/Pipeline.php(183): Laravel\\Sanctum\\Http\\Middleware\\EnsureFrontendRequestsAreStateful->handle(Object(Illuminate\\Http\\Request), Object(Closure))
#42 /Volumes/OA-SSD-Flex/TheOAsis UG-Research Project Management System (v1.0)- Google Apps Script Backend Codes/laravel-app/vendor/laravel/framework/src/Illuminate/Pipeline/Pipeline.php(119): Illuminate\\Pipeline\\Pipeline->{closure:{closure:Illuminate\\Pipeline\\Pipeline::carry():158}:159}(Object(Illuminate\\Http\\Request))
#43 /Volumes/OA-SSD-Flex/TheOAsis UG-Research Project Management System (v1.0)- Google Apps Script Backend Codes/laravel-app/vendor/laravel/framework/src/Illuminate/Routing/Router.php(805): Illuminate\\Pipeline\\Pipeline->then(Object(Closure))
#44 /Volumes/OA-SSD-Flex/TheOAsis UG-Research Project Management System (v1.0)- Google Apps Script Backend Codes/laravel-app/vendor/laravel/framework/src/Illuminate/Routing/Router.php(784): Illuminate\\Routing\\Router->runRouteWithinStack(Object(Illuminate\\Routing\\Route), Object(Illuminate\\Http\\Request))
#45 /Volumes/OA-SSD-Flex/TheOAsis UG-Research Project Management System (v1.0)- Google Apps Script Backend Codes/laravel-app/vendor/laravel/framework/src/Illuminate/Routing/Router.php(748): Illuminate\\Routing\\Router->runRoute(Object(Illuminate\\Http\\Request), Object(Illuminate\\Routing\\Route))
#46 /Volumes/OA-SSD-Flex/TheOAsis UG-Research Project Management System (v1.0)- Google Apps Script Backend Codes/laravel-app/vendor/laravel/framework/src/Illuminate/Routing/Router.php(737): Illuminate\\Routing\\Router->dispatchToRoute(Object(Illuminate\\Http\\Request))
#47 /Volumes/OA-SSD-Flex/TheOAsis UG-Research Project Management System (v1.0)- Google Apps Script Backend Codes/laravel-app/vendor/laravel/framework/src/Illuminate/Foundation/Http/Kernel.php(200): Illuminate\\Routing\\Router->dispatch(Object(Illuminate\\Http\\Request))
#48 /Volumes/OA-SSD-Flex/TheOAsis UG-Research Project Management System (v1.0)- Google Apps Script Backend Codes/laravel-app/vendor/laravel/framework/src/Illuminate/Pipeline/Pipeline.php(144): Illuminate\\Foundation\\Http\\Kernel->{closure:Illuminate\\Foundation\\Http\\Kernel::dispatchToRouter():197}(Object(Illuminate\\Http\\Request))
#49 /Volumes/OA-SSD-Flex/TheOAsis UG-Research Project Management System (v1.0)- Google Apps Script Backend Codes/laravel-app/vendor/laravel/framework/src/Illuminate/Foundation/Http/Middleware/TransformsRequest.php(21): Illuminate\\Pipeline\\Pipeline->{closure:Illuminate\\Pipeline\\Pipeline::prepareDestination():142}(Object(Illuminate\\Http\\Request))
#50 /Volumes/OA-SSD-Flex/TheOAsis UG-Research Project Management System (v1.0)- Google Apps Script Backend Codes/laravel-app/vendor/laravel/framework/src/Illuminate/Foundation/Http/Middleware/ConvertEmptyStringsToNull.php(31): Illuminate\\Foundation\\Http\\Middleware\\TransformsRequest->handle(Object(Illuminate\\Http\\Request), Object(Closure))
#51 /Volumes/OA-SSD-Flex/TheOAsis UG-Research Project Management System (v1.0)- Google Apps Script Backend Codes/laravel-app/vendor/laravel/framework/src/Illuminate/Pipeline/Pipeline.php(183): Illuminate\\Foundation\\Http\\Middleware\\ConvertEmptyStringsToNull->handle(Object(Illuminate\\Http\\Request), Object(Closure))
#52 /Volumes/OA-SSD-Flex/TheOAsis UG-Research Project Management System (v1.0)- Google Apps Script Backend Codes/laravel-app/vendor/laravel/framework/src/Illuminate/Foundation/Http/Middleware/TransformsRequest.php(21): Illuminate\\Pipeline\\Pipeline->{closure:{closure:Illuminate\\Pipeline\\Pipeline::carry():158}:159}(Object(Illuminate\\Http\\Request))
#53 /Volumes/OA-SSD-Flex/TheOAsis UG-Research Project Management System (v1.0)- Google Apps Script Backend Codes/laravel-app/vendor/laravel/framework/src/Illuminate/Foundation/Http/Middleware/TrimStrings.php(40): Illuminate\\Foundation\\Http\\Middleware\\TransformsRequest->handle(Object(Illuminate\\Http\\Request), Object(Closure))
#54 /Volumes/OA-SSD-Flex/TheOAsis UG-Research Project Management System (v1.0)- Google Apps Script Backend Codes/laravel-app/vendor/laravel/framework/src/Illuminate/Pipeline/Pipeline.php(183): Illuminate\\Foundation\\Http\\Middleware\\TrimStrings->handle(Object(Illuminate\\Http\\Request), Object(Closure))
#55 /Volumes/OA-SSD-Flex/TheOAsis UG-Research Project Management System (v1.0)- Google Apps Script Backend Codes/laravel-app/vendor/laravel/framework/src/Illuminate/Foundation/Http/Middleware/ValidatePostSize.php(27): Illuminate\\Pipeline\\Pipeline->{closure:{closure:Illuminate\\Pipeline\\Pipeline::carry():158}:159}(Object(Illuminate\\Http\\Request))
#56 /Volumes/OA-SSD-Flex/TheOAsis UG-Research Project Management System (v1.0)- Google Apps Script Backend Codes/laravel-app/vendor/laravel/framework/src/Illuminate/Pipeline/Pipeline.php(183): Illuminate\\Foundation\\Http\\Middleware\\ValidatePostSize->handle(Object(Illuminate\\Http\\Request), Object(Closure))
#57 /Volumes/OA-SSD-Flex/TheOAsis UG-Research Project Management System (v1.0)- Google Apps Script Backend Codes/laravel-app/vendor/laravel/framework/src/Illuminate/Foundation/Http/Middleware/PreventRequestsDuringMaintenance.php(99): Illuminate\\Pipeline\\Pipeline->{closure:{closure:Illuminate\\Pipeline\\Pipeline::carry():158}:159}(Object(Illuminate\\Http\\Request))
#58 /Volumes/OA-SSD-Flex/TheOAsis UG-Research Project Management System (v1.0)- Google Apps Script Backend Codes/laravel-app/vendor/laravel/framework/src/Illuminate/Pipeline/Pipeline.php(183): Illuminate\\Foundation\\Http\\Middleware\\PreventRequestsDuringMaintenance->handle(Object(Illuminate\\Http\\Request), Object(Closure))
#59 /Volumes/OA-SSD-Flex/TheOAsis UG-Research Project Management System (v1.0)- Google Apps Script Backend Codes/laravel-app/vendor/laravel/framework/src/Illuminate/Pipeline/Pipeline.php(119): Illuminate\\Pipeline\\Pipeline->{closure:{closure:Illuminate\\Pipeline\\Pipeline::carry():158}:159}(Object(Illuminate\\Http\\Request))
#60 /Volumes/OA-SSD-Flex/TheOAsis UG-Research Project Management System (v1.0)- Google Apps Script Backend Codes/laravel-app/vendor/laravel/framework/src/Illuminate/Foundation/Http/Kernel.php(175): Illuminate\\Pipeline\\Pipeline->then(Object(Closure))
#61 /Volumes/OA-SSD-Flex/TheOAsis UG-Research Project Management System (v1.0)- Google Apps Script Backend Codes/laravel-app/vendor/laravel/framework/src/Illuminate/Foundation/Http/Kernel.php(144): Illuminate\\Foundation\\Http\\Kernel->sendRequestThroughRouter(Object(Illuminate\\Http\\Request))
#62 /Volumes/OA-SSD-Flex/TheOAsis UG-Research Project Management System (v1.0)- Google Apps Script Backend Codes/laravel-app/public/index.php(51): Illuminate\\Foundation\\Http\\Kernel->handle(Object(Illuminate\\Http\\Request))
#63 /Volumes/OA-SSD-Flex/TheOAsis UG-Research Project Management System (v1.0)- Google Apps Script Backend Codes/laravel-app/vendor/laravel/framework/src/Illuminate/Foundation/resources/server.php(16): require_once('/Volumes/OA-SSD...')
#64 {main}
"} 
[2026-09-21 15:39:41] local.ERROR: The "--compact" option does not exist. {"exception":"[object] (Symfony\\Component\\Console\\Exception\\RuntimeException(code: 0): The \"--compact\" option does not exist. at /Volumes/OA-SSD-Flex/TheOAsis UG-Research Project Management System (v1.0)- Google Apps Script Backend Codes/laravel-app/vendor/symfony/console/Input/ArgvInput.php:222)
[stacktrace]
#0 /Volumes/OA-SSD-Flex/TheOAsis UG-Research Project Management System (v1.0)- Google Apps Script Backend Codes/laravel-app/vendor/symfony/console/Input/ArgvInput.php(151): Symfony\\Component\\Console\\Input\\ArgvInput->addLongOption('compact', NULL)
#1 /Volumes/OA-SSD-Flex/TheOAsis UG-Research Project Management System (v1.0)- Google Apps Script Backend Codes/laravel-app/vendor/symfony/console/Input/ArgvInput.php(85): Symfony\\Component\\Console\\Input\\ArgvInput->parseLongOption('--compact')
#2 /Volumes/OA-SSD-Flex/TheOAsis UG-Research Project Management System (v1.0)- Google Apps Script Backend Codes/laravel-app/vendor/symfony/console/Input/ArgvInput.php(74): Symfony\\Component\\Console\\Input\\ArgvInput->parseToken('--compact', true)
#3 /Volumes/OA-SSD-Flex/TheOAsis UG-Research Project Management System (v1.0)- Google Apps Script Backend Codes/laravel-app/vendor/symfony/console/Input/Input.php(56): Symfony\\Component\\Console\\Input\\ArgvInput->parse()
#4 /Volumes/OA-SSD-Flex/TheOAsis UG-Research Project Management System (v1.0)- Google Apps Script Backend Codes/laravel-app/vendor/symfony/console/Command/Command.php(285): Symfony\\Component\\Console\\Input\\Input->bind(Object(Symfony\\Component\\Console\\Input\\InputDefinition))
#5 /Volumes/OA-SSD-Flex/TheOAsis UG-Research Project Management System (v1.0)- Google Apps Script Backend Codes/laravel-app/vendor/laravel/framework/src/Illuminate/Console/Command.php(180): Symfony\\Component\\Console\\Command\\Command->run(Object(Symfony\\Component\\Console\\Input\\ArgvInput), Object(Illuminate\\Console\\OutputStyle))
#6 /Volumes/OA-SSD-Flex/TheOAsis UG-Research Project Management System (v1.0)- Google Apps Script Backend Codes/laravel-app/vendor/symfony/console/Application.php(1121): Illuminate\\Console\\Command->run(Object(Symfony\\Component\\Console\\Input\\ArgvInput), Object(Symfony\\Component\\Console\\Output\\ConsoleOutput))
#7 /Volumes/OA-SSD-Flex/TheOAsis UG-Research Project Management System (v1.0)- Google Apps Script Backend Codes/laravel-app/vendor/symfony/console/Application.php(324): Symfony\\Component\\Console\\Application->doRunCommand(Object(Illuminate\\Foundation\\Console\\RouteListCommand), Object(Symfony\\Component\\Console\\Input\\ArgvInput), Object(Symfony\\Component\\Console\\Output\\ConsoleOutput))
#8 /Volumes/OA-SSD-Flex/TheOAsis UG-Research Project Management System (v1.0)- Google Apps Script Backend Codes/laravel-app/vendor/symfony/console/Application.php(175): Symfony\\Component\\Console\\Application->doRun(Object(Symfony\\Component\\Console\\Input\\ArgvInput), Object(Symfony\\Component\\Console\\Output\\ConsoleOutput))
#9 /Volumes/OA-SSD-Flex/TheOAsis UG-Research Project Management System (v1.0)- Google Apps Script Backend Codes/laravel-app/vendor/laravel/framework/src/Illuminate/Foundation/Console/Kernel.php(201): Symfony\\Component\\Console\\Application->run(Object(Symfony\\Component\\Console\\Input\\ArgvInput), Object(Symfony\\Component\\Console\\Output\\ConsoleOutput))
#10 /Volumes/OA-SSD-Flex/TheOAsis UG-Research Project Management System (v1.0)- Google Apps Script Backend Codes/laravel-app/artisan(35): Illuminate\\Foundation\\Console\\Kernel->handle(Object(Symfony\\Component\\Console\\Input\\ArgvInput), Object(Symfony\\Component\\Console\\Output\\ConsoleOutput))
#11 {main}
"} 
[2026-09-21 15:59:34] local.ERROR: SQLSTATE[23000]: Integrity constraint violation: 19 CHECK constraint failed: role (Connection: sqlite, SQL: insert into "users" ("email", "university_id", "password", "name", "role", "updated_at", "created_at") values (superadmin@afriscribe.org, 1, $2y$12$VoSGy2kzGjRblaHaJxg4m.Ao.PyW8TcCZ/0vx4NQxud8b5kGj5be., Platform Super Admin, super_admin, 2026-09-21 15:59:34, 2026-09-21 15:59:34)) {"exception":"[object] (Illuminate\\Database\\QueryException(code: 23000): SQLSTATE[23000]: Integrity constraint violation: 19 CHECK constraint failed: role (Connection: sqlite, SQL: insert into \"users\" (\"email\", \"university_id\", \"password\", \"name\", \"role\", \"updated_at\", \"created_at\") values (superadmin@afriscribe.org, 1, $2y$12$VoSGy2kzGjRblaHaJxg4m.Ao.PyW8TcCZ/0vx4NQxud8b5kGj5be., Platform Super Admin, super_admin, 2026-09-21 15:59:34, 2026-09-21 15:59:34)) at /Volumes/OA-SSD-Flex/TheOAsis UG-Research Project Management System (v1.0)- Google Apps Script Backend Codes/laravel-app/vendor/laravel/framework/src/Illuminate/Database/Connection.php:829)
[stacktrace]
#0 /Volumes/OA-SSD-Flex/TheOAsis UG-Research Project Management System (v1.0)- Google Apps Script Backend Codes/laravel-app/vendor/laravel/framework/src/Illuminate/Database/Connection.php(783): Illuminate\\Database\\Connection->runQueryCallback('insert into \"us...', Array, Object(Closure))
#1 /Volumes/OA-SSD-Flex/TheOAsis UG-Research Project Management System (v1.0)- Google Apps Script Backend Codes/laravel-app/vendor/laravel/framework/src/Illuminate/Database/Connection.php(576): Illuminate\\Database\\Connection->run('insert into \"us...', Array, Object(Closure))
#2 /Volumes/OA-SSD-Flex/TheOAsis UG-Research Project Management System (v1.0)- Google Apps Script Backend Codes/laravel-app/vendor/laravel/framework/src/Illuminate/Database/Connection.php(540): Illuminate\\Database\\Connection->statement('insert into \"us...', Array)
#3 /Volumes/OA-SSD-Flex/TheOAsis UG-Research Project Management System (v1.0)- Google Apps Script Backend Codes/laravel-app/vendor/laravel/framework/src/Illuminate/Database/Query/Processors/Processor.php(32): Illuminate\\Database\\Connection->insert('insert into \"us...', Array)
#4 /Volumes/OA-SSD-Flex/TheOAsis UG-Research Project Management System (v1.0)- Google Apps Script Backend Codes/laravel-app/vendor/laravel/framework/src/Illuminate/Database/Query/Builder.php(3549): Illuminate\\Database\\Query\\Processors\\Processor->processInsertGetId(Object(Illuminate\\Database\\Query\\Builder), 'insert into \"us...', Array, 'id')
#5 /Volumes/OA-SSD-Flex/TheOAsis UG-Research Project Management System (v1.0)- Google Apps Script Backend Codes/laravel-app/vendor/laravel/framework/src/Illuminate/Database/Eloquent/Builder.php(1982): Illuminate\\Database\\Query\\Builder->insertGetId(Array, 'id')
#6 /Volumes/OA-SSD-Flex/TheOAsis UG-Research Project Management System (v1.0)- Google Apps Script Backend Codes/laravel-app/vendor/laravel/framework/src/Illuminate/Database/Eloquent/Model.php(1334): Illuminate\\Database\\Eloquent\\Builder->__call('insertGetId', Array)
#7 /Volumes/OA-SSD-Flex/TheOAsis UG-Research Project Management System (v1.0)- Google Apps Script Backend Codes/laravel-app/vendor/laravel/framework/src/Illuminate/Database/Eloquent/Model.php(1299): Illuminate\\Database\\Eloquent\\Model->insertAndSetId(Object(Illuminate\\Database\\Eloquent\\Builder), Array)
#8 /Volumes/OA-SSD-Flex/TheOAsis UG-Research Project Management System (v1.0)- Google Apps Script Backend Codes/laravel-app/vendor/laravel/framework/src/Illuminate/Database/Eloquent/Model.php(1138): Illuminate\\Database\\Eloquent\\Model->performInsert(Object(Illuminate\\Database\\Eloquent\\Builder))
#9 /Volumes/OA-SSD-Flex/TheOAsis UG-Research Project Management System (v1.0)- Google Apps Script Backend Codes/laravel-app/vendor/laravel/framework/src/Illuminate/Database/Eloquent/Builder.php(1025): Illuminate\\Database\\Eloquent\\Model->save()
#10 /Volumes/OA-SSD-Flex/TheOAsis UG-Research Project Management System (v1.0)- Google Apps Script Backend Codes/laravel-app/vendor/laravel/framework/src/Illuminate/Support/helpers.php(320): Illuminate\\Database\\Eloquent\\Builder->{closure:Illuminate\\Database\\Eloquent\\Builder::create():1024}(Object(App\\Models\\User))
#11 /Volumes/OA-SSD-Flex/TheOAsis UG-Research Project Management System (v1.0)- Google Apps Script Backend Codes/laravel-app/vendor/laravel/framework/src/Illuminate/Database/Eloquent/Builder.php(1024): tap(Object(App\\Models\\User), Object(Closure))
#12 /Volumes/OA-SSD-Flex/TheOAsis UG-Research Project Management System (v1.0)- Google Apps Script Backend Codes/laravel-app/vendor/laravel/framework/src/Illuminate/Database/Eloquent/Builder.php(585): Illuminate\\Database\\Eloquent\\Builder->create(Array)
#13 /Volumes/OA-SSD-Flex/TheOAsis UG-Research Project Management System (v1.0)- Google Apps Script Backend Codes/laravel-app/vendor/laravel/framework/src/Illuminate/Database/Eloquent/Builder.php(1728): Illuminate\\Database\\Eloquent\\Builder->{closure:Illuminate\\Database\\Eloquent\\Builder::createOrFirst():585}()
#14 /Volumes/OA-SSD-Flex/TheOAsis UG-Research Project Management System (v1.0)- Google Apps Script Backend Codes/laravel-app/vendor/laravel/framework/src/Illuminate/Database/Eloquent/Builder.php(585): Illuminate\\Database\\Eloquent\\Builder->withSavepointIfNeeded(Object(Closure))
#15 /Volumes/OA-SSD-Flex/TheOAsis UG-Research Project Management System (v1.0)- Google Apps Script Backend Codes/laravel-app/vendor/laravel/framework/src/Illuminate/Database/Eloquent/Builder.php(572): Illuminate\\Database\\Eloquent\\Builder->createOrFirst(Array, Array)
#16 /Volumes/OA-SSD-Flex/TheOAsis UG-Research Project Management System (v1.0)- Google Apps Script Backend Codes/laravel-app/vendor/laravel/framework/src/Illuminate/Database/Eloquent/Builder.php(600): Illuminate\\Database\\Eloquent\\Builder->firstOrCreate(Array, Array)
#17 /Volumes/OA-SSD-Flex/TheOAsis UG-Research Project Management System (v1.0)- Google Apps Script Backend Codes/laravel-app/vendor/laravel/framework/src/Illuminate/Support/Traits/ForwardsCalls.php(23): Illuminate\\Database\\Eloquent\\Builder->updateOrCreate(Array, Array)
#18 /Volumes/OA-SSD-Flex/TheOAsis UG-Research Project Management System (v1.0)- Google Apps Script Backend Codes/laravel-app/vendor/laravel/framework/src/Illuminate/Database/Eloquent/Model.php(2335): Illuminate\\Database\\Eloquent\\Model->forwardCallTo(Object(Illuminate\\Database\\Eloquent\\Builder), 'updateOrCreate', Array)
#19 /Volumes/OA-SSD-Flex/TheOAsis UG-Research Project Management System (v1.0)- Google Apps Script Backend Codes/laravel-app/vendor/laravel/framework/src/Illuminate/Database/Eloquent/Model.php(2347): Illuminate\\Database\\Eloquent\\Model->__call('updateOrCreate', Array)
#20 /Volumes/OA-SSD-Flex/TheOAsis UG-Research Project Management System (v1.0)- Google Apps Script Backend Codes/laravel-app/database/seeders/UserSeeder.php(52): Illuminate\\Database\\Eloquent\\Model::__callStatic('updateOrCreate', Array)
#21 /Volumes/OA-SSD-Flex/TheOAsis UG-Research Project Management System (v1.0)- Google Apps Script Backend Codes/laravel-app/vendor/laravel/framework/src/Illuminate/Container/BoundMethod.php(36): Database\\Seeders\\UserSeeder->run()
#22 /Volumes/OA-SSD-Flex/TheOAsis UG-Research Project Management System (v1.0)- Google Apps Script Backend Codes/laravel-app/vendor/laravel/framework/src/Illuminate/Container/Util.php(41): Illuminate\\Container\\BoundMethod::{closure:Illuminate\\Container\\BoundMethod::call():35}()
#23 /Volumes/OA-SSD-Flex/TheOAsis UG-Research Project Management System (v1.0)- Google Apps Script Backend Codes/laravel-app/vendor/laravel/framework/src/Illuminate/Container/BoundMethod.php(93): Illuminate\\Container\\Util::unwrapIfClosure(Object(Closure))
#24 /Volumes/OA-SSD-Flex/TheOAsis UG-Research Project Management System (v1.0)- Google Apps Script Backend Codes/laravel-app/vendor/laravel/framework/src/Illuminate/Container/BoundMethod.php(35): Illuminate\\Container\\BoundMethod::callBoundMethod(Object(Illuminate\\Foundation\\Application), Array, Object(Closure))
#25 /Volumes/OA-SSD-Flex/TheOAsis UG-Research Project Management System (v1.0)- Google Apps Script Backend Codes/laravel-app/vendor/laravel/framework/src/Illuminate/Container/Container.php(662): Illuminate\\Container\\BoundMethod::call(Object(Illuminate\\Foundation\\Application), Array, Array, NULL)
#26 /Volumes/OA-SSD-Flex/TheOAsis UG-Research Project Management System (v1.0)- Google Apps Script Backend Codes/laravel-app/vendor/laravel/framework/src/Illuminate/Database/Seeder.php(184): Illuminate\\Container\\Container->call(Array, Array)
#27 /Volumes/OA-SSD-Flex/TheOAsis UG-Research Project Management System (v1.0)- Google Apps Script Backend Codes/laravel-app/vendor/laravel/framework/src/Illuminate/Database/Seeder.php(193): Illuminate\\Database\\Seeder->{closure:Illuminate\\Database\\Seeder::__invoke():183}()
#28 /Volumes/OA-SSD-Flex/TheOAsis UG-Research Project Management System (v1.0)- Google Apps Script Backend Codes/laravel-app/vendor/laravel/framework/src/Illuminate/Database/Console/Seeds/SeedCommand.php(70): Illuminate\\Database\\Seeder->__invoke()
#29 /Volumes/OA-SSD-Flex/TheOAsis UG-Research Project Management System (v1.0)- Google Apps Script Backend Codes/laravel-app/vendor/laravel/framework/src/Illuminate/Database/Eloquent/Concerns/GuardsAttributes.php(155): Illuminate\\Database\\Console\\Seeds\\SeedCommand->{closure:Illuminate\\Database\\Console\\Seeds\\SeedCommand::handle():69}()
#30 /Volumes/OA-SSD-Flex/TheOAsis UG-Research Project Management System (v1.0)- Google Apps Script Backend Codes/laravel-app/vendor/laravel/framework/src/Illuminate/Database/Console/Seeds/SeedCommand.php(69): Illuminate\\Database\\Eloquent\\Model::unguarded(Object(Closure))
#31 /Volumes/OA-SSD-Flex/TheOAsis UG-Research Project Management System (v1.0)- Google Apps Script Backend Codes/laravel-app/vendor/laravel/framework/src/Illuminate/Container/BoundMethod.php(36): Illuminate\\Database\\Console\\Seeds\\SeedCommand->handle()
#32 /Volumes/OA-SSD-Flex/TheOAsis UG-Research Project Management System (v1.0)- Google Apps Script Backend Codes/laravel-app/vendor/laravel/framework/src/Illuminate/Container/Util.php(41): Illuminate\\Container\\BoundMethod::{closure:Illuminate\\Container\\BoundMethod::call():35}()
#33 /Volumes/OA-SSD-Flex/TheOAsis UG-Research Project Management System (v1.0)- Google Apps Script Backend Codes/laravel-app/vendor/laravel/framework/src/Illuminate/Container/BoundMethod.php(93): Illuminate\\Container\\Util::unwrapIfClosure(Object(Closure))
#34 /Volumes/OA-SSD-Flex/TheOAsis UG-Research Project Management System (v1.0)- Google Apps Script Backend Codes/laravel-app/vendor/laravel/framework/src/Illuminate/Container/BoundMethod.php(35): Illuminate\\Container\\BoundMethod::callBoundMethod(Object(Illuminate\\Foundation\\Application), Array, Object(Closure))
#35 /Volumes/OA-SSD-Flex/TheOAsis UG-Research Project Management System (v1.0)- Google Apps Script Backend Codes/laravel-app/vendor/laravel/framework/src/Illuminate/Container/Container.php(662): Illuminate\\Container\\BoundMethod::call(Object(Illuminate\\Foundation\\Application), Array, Array, NULL)
#36 /Volumes/OA-SSD-Flex/TheOAsis UG-Research Project Management System (v1.0)- Google Apps Script Backend Codes/laravel-app/vendor/laravel/framework/src/Illuminate/Console/Command.php(211): Illuminate\\Container\\Container->call(Array)
#37 /Volumes/OA-SSD-Flex/TheOAsis UG-Research Project Management System (v1.0)- Google Apps Script Backend Codes/laravel-app/vendor/symfony/console/Command/Command.php(326): Illuminate\\Console\\Command->execute(Object(Symfony\\Component\\Console\\Input\\ArgvInput), Object(Illuminate\\Console\\OutputStyle))
#38 /Volumes/OA-SSD-Flex/TheOAsis UG-Research Project Management System (v1.0)- Google Apps Script Backend Codes/laravel-app/vendor/laravel/framework/src/Illuminate/Console/Command.php(180): Symfony\\Component\\Console\\Command\\Command->run(Object(Symfony\\Component\\Console\\Input\\ArgvInput), Object(Illuminate\\Console\\OutputStyle))
#39 /Volumes/OA-SSD-Flex/TheOAsis UG-Research Project Management System (v1.0)- Google Apps Script Backend Codes/laravel-app/vendor/symfony/console/Application.php(1121): Illuminate\\Console\\Command->run(Object(Symfony\\Component\\Console\\Input\\ArgvInput), Object(Symfony\\Component\\Console\\Output\\ConsoleOutput))
#40 /Volumes/OA-SSD-Flex/TheOAsis UG-Research Project Management System (v1.0)- Google Apps Script Backend Codes/laravel-app/vendor/symfony/console/Application.php(324): Symfony\\Component\\Console\\Application->doRunCommand(Object(Illuminate\\Database\\Console\\Seeds\\SeedCommand), Object(Symfony\\Component\\Console\\Input\\ArgvInput), Object(Symfony\\Component\\Console\\Output\\ConsoleOutput))
#41 /Volumes/OA-SSD-Flex/TheOAsis UG-Research Project Management System (v1.0)- Google Apps Script Backend Codes/laravel-app/vendor/symfony/console/Application.php(175): Symfony\\Component\\Console\\Application->doRun(Object(Symfony\\Component\\Console\\Input\\ArgvInput), Object(Symfony\\Component\\Console\\Output\\ConsoleOutput))
#42 /Volumes/OA-SSD-Flex/TheOAsis UG-Research Project Management System (v1.0)- Google Apps Script Backend Codes/laravel-app/vendor/laravel/framework/src/Illuminate/Foundation/Console/Kernel.php(201): Symfony\\Component\\Console\\Application->run(Object(Symfony\\Component\\Console\\Input\\ArgvInput), Object(Symfony\\Component\\Console\\Output\\ConsoleOutput))
#43 /Volumes/OA-SSD-Flex/TheOAsis UG-Research Project Management System (v1.0)- Google Apps Script Backend Codes/laravel-app/artisan(35): Illuminate\\Foundation\\Console\\Kernel->handle(Object(Symfony\\Component\\Console\\Input\\ArgvInput), Object(Symfony\\Component\\Console\\Output\\ConsoleOutput))
#44 {main}

[previous exception] [object] (PDOException(code: 23000): SQLSTATE[23000]: Integrity constraint violation: 19 CHECK constraint failed: role at /Volumes/OA-SSD-Flex/TheOAsis UG-Research Project Management System (v1.0)- Google Apps Script Backend Codes/laravel-app/vendor/laravel/framework/src/Illuminate/Database/Connection.php:587)
[stacktrace]
#0 /Volumes/OA-SSD-Flex/TheOAsis UG-Research Project Management System (v1.0)- Google Apps Script Backend Codes/laravel-app/vendor/laravel/framework/src/Illuminate/Database/Connection.php(587): PDOStatement->execute()
#1 /Volumes/OA-SSD-Flex/TheOAsis UG-Research Project Management System (v1.0)- Google Apps Script Backend Codes/laravel-app/vendor/laravel/framework/src/Illuminate/Database/Connection.php(816): Illuminate\\Database\\Connection->{closure:Illuminate\\Database\\Connection::statement():576}('insert into \"us...', Array)
#2 /Volumes/OA-SSD-Flex/TheOAsis UG-Research Project Management System (v1.0)- Google Apps Script Backend Codes/laravel-app/vendor/laravel/framework/src/Illuminate/Database/Connection.php(783): Illuminate\\Database\\Connection->runQueryCallback('insert into \"us...', Array, Object(Closure))
#3 /Volumes/OA-SSD-Flex/TheOAsis UG-Research Project Management System (v1.0)- Google Apps Script Backend Codes/laravel-app/vendor/laravel/framework/src/Illuminate/Database/Connection.php(576): Illuminate\\Database\\Connection->run('insert into \"us...', Array, Object(Closure))
#4 /Volumes/OA-SSD-Flex/TheOAsis UG-Research Project Management System (v1.0)- Google Apps Script Backend Codes/laravel-app/vendor/laravel/framework/src/Illuminate/Database/Connection.php(540): Illuminate\\Database\\Connection->statement('insert into \"us...', Array)
#5 /Volumes/OA-SSD-Flex/TheOAsis UG-Research Project Management System (v1.0)- Google Apps Script Backend Codes/laravel-app/vendor/laravel/framework/src/Illuminate/Database/Query/Processors/Processor.php(32): Illuminate\\Database\\Connection->insert('insert into \"us...', Array)
#6 /Volumes/OA-SSD-Flex/TheOAsis UG-Research Project Management System (v1.0)- Google Apps Script Backend Codes/laravel-app/vendor/laravel/framework/src/Illuminate/Database/Query/Builder.php(3549): Illuminate\\Database\\Query\\Processors\\Processor->processInsertGetId(Object(Illuminate\\Database\\Query\\Builder), 'insert into \"us...', Array, 'id')
#7 /Volumes/OA-SSD-Flex/TheOAsis UG-Research Project Management System (v1.0)- Google Apps Script Backend Codes/laravel-app/vendor/laravel/framework/src/Illuminate/Database/Eloquent/Builder.php(1982): Illuminate\\Database\\Query\\Builder->insertGetId(Array, 'id')
#8 /Volumes/OA-SSD-Flex/TheOAsis UG-Research Project Management System (v1.0)- Google Apps Script Backend Codes/laravel-app/vendor/laravel/framework/src/Illuminate/Database/Eloquent/Model.php(1334): Illuminate\\Database\\Eloquent\\Builder->__call('insertGetId', Array)
#9 /Volumes/OA-SSD-Flex/TheOAsis UG-Research Project Management System (v1.0)- Google Apps Script Backend Codes/laravel-app/vendor/laravel/framework/src/Illuminate/Database/Eloquent/Model.php(1299): Illuminate\\Database\\Eloquent\\Model->insertAndSetId(Object(Illuminate\\Database\\Eloquent\\Builder), Array)
#10 /Volumes/OA-SSD-Flex/TheOAsis UG-Research Project Management System (v1.0)- Google Apps Script Backend Codes/laravel-app/vendor/laravel/framework/src/Illuminate/Database/Eloquent/Model.php(1138): Illuminate\\Database\\Eloquent\\Model->performInsert(Object(Illuminate\\Database\\Eloquent\\Builder))
#11 /Volumes/OA-SSD-Flex/TheOAsis UG-Research Project Management System (v1.0)- Google Apps Script Backend Codes/laravel-app/vendor/laravel/framework/src/Illuminate/Database/Eloquent/Builder.php(1025): Illuminate\\Database\\Eloquent\\Model->save()
#12 /Volumes/OA-SSD-Flex/TheOAsis UG-Research Project Management System (v1.0)- Google Apps Script Backend Codes/laravel-app/vendor/laravel/framework/src/Illuminate/Support/helpers.php(320): Illuminate\\Database\\Eloquent\\Builder->{closure:Illuminate\\Database\\Eloquent\\Builder::create():1024}(Object(App\\Models\\User))
#13 /Volumes/OA-SSD-Flex/TheOAsis UG-Research Project Management System (v1.0)- Google Apps Script Backend Codes/laravel-app/vendor/laravel/framework/src/Illuminate/Database/Eloquent/Builder.php(1024): tap(Object(App\\Models\\User), Object(Closure))
#14 /Volumes/OA-SSD-Flex/TheOAsis UG-Research Project Management System (v1.0)- Google Apps Script Backend Codes/laravel-app/vendor/laravel/framework/src/Illuminate/Database/Eloquent/Builder.php(585): Illuminate\\Database\\Eloquent\\Builder->create(Array)
#15 /Volumes/OA-SSD-Flex/TheOAsis UG-Research Project Management System (v1.0)- Google Apps Script Backend Codes/laravel-app/vendor/laravel/framework/src/Illuminate/Database/Eloquent/Builder.php(1728): Illuminate\\Database\\Eloquent\\Builder->{closure:Illuminate\\Database\\Eloquent\\Builder::createOrFirst():585}()
#16 /Volumes/OA-SSD-Flex/TheOAsis UG-Research Project Management System (v1.0)- Google Apps Script Backend Codes/laravel-app/vendor/laravel/framework/src/Illuminate/Database/Eloquent/Builder.php(585): Illuminate\\Database\\Eloquent\\Builder->withSavepointIfNeeded(Object(Closure))
#17 /Volumes/OA-SSD-Flex/TheOAsis UG-Research Project Management System (v1.0)- Google Apps Script Backend Codes/laravel-app/vendor/laravel/framework/src/Illuminate/Database/Eloquent/Builder.php(572): Illuminate\\Database\\Eloquent\\Builder->createOrFirst(Array, Array)
#18 /Volumes/OA-SSD-Flex/TheOAsis UG-Research Project Management System (v1.0)- Google Apps Script Backend Codes/laravel-app/vendor/laravel/framework/src/Illuminate/Database/Eloquent/Builder.php(600): Illuminate\\Database\\Eloquent\\Builder->firstOrCreate(Array, Array)
#19 /Volumes/OA-SSD-Flex/TheOAsis UG-Research Project Management System (v1.0)- Google Apps Script Backend Codes/laravel-app/vendor/laravel/framework/src/Illuminate/Support/Traits/ForwardsCalls.php(23): Illuminate\\Database\\Eloquent\\Builder->updateOrCreate(Array, Array)
#20 /Volumes/OA-SSD-Flex/TheOAsis UG-Research Project Management System (v1.0)- Google Apps Script Backend Codes/laravel-app/vendor/laravel/framework/src/Illuminate/Database/Eloquent/Model.php(2335): Illuminate\\Database\\Eloquent\\Model->forwardCallTo(Object(Illuminate\\Database\\Eloquent\\Builder), 'updateOrCreate', Array)
#21 /Volumes/OA-SSD-Flex/TheOAsis UG-Research Project Management System (v1.0)- Google Apps Script Backend Codes/laravel-app/vendor/laravel/framework/src/Illuminate/Database/Eloquent/Model.php(2347): Illuminate\\Database\\Eloquent\\Model->__call('updateOrCreate', Array)
#22 /Volumes/OA-SSD-Flex/TheOAsis UG-Research Project Management System (v1.0)- Google Apps Script Backend Codes/laravel-app/database/seeders/UserSeeder.php(52): Illuminate\\Database\\Eloquent\\Model::__callStatic('updateOrCreate', Array)
#23 /Volumes/OA-SSD-Flex/TheOAsis UG-Research Project Management System (v1.0)- Google Apps Script Backend Codes/laravel-app/vendor/laravel/framework/src/Illuminate/Container/BoundMethod.php(36): Database\\Seeders\\UserSeeder->run()
#24 /Volumes/OA-SSD-Flex/TheOAsis UG-Research Project Management System (v1.0)- Google Apps Script Backend Codes/laravel-app/vendor/laravel/framework/src/Illuminate/Container/Util.php(41): Illuminate\\Container\\BoundMethod::{closure:Illuminate\\Container\\BoundMethod::call():35}()
#25 /Volumes/OA-SSD-Flex/TheOAsis UG-Research Project Management System (v1.0)- Google Apps Script Backend Codes/laravel-app/vendor/laravel/framework/src/Illuminate/Container/BoundMethod.php(93): Illuminate\\Container\\Util::unwrapIfClosure(Object(Closure))
#26 /Volumes/OA-SSD-Flex/TheOAsis UG-Research Project Management System (v1.0)- Google Apps Script Backend Codes/laravel-app/vendor/laravel/framework/src/Illuminate/Container/BoundMethod.php(35): Illuminate\\Container\\BoundMethod::callBoundMethod(Object(Illuminate\\Foundation\\Application), Array, Object(Closure))
#27 /Volumes/OA-SSD-Flex/TheOAsis UG-Research Project Management System (v1.0)- Google Apps Script Backend Codes/laravel-app/vendor/laravel/framework/src/Illuminate/Container/Container.php(662): Illuminate\\Container\\BoundMethod::call(Object(Illuminate\\Foundation\\Application), Array, Array, NULL)
#28 /Volumes/OA-SSD-Flex/TheOAsis UG-Research Project Management System (v1.0)- Google Apps Script Backend Codes/laravel-app/vendor/laravel/framework/src/Illuminate/Database/Seeder.php(184): Illuminate\\Container\\Container->call(Array, Array)
#29 /Volumes/OA-SSD-Flex/TheOAsis UG-Research Project Management System (v1.0)- Google Apps Script Backend Codes/laravel-app/vendor/laravel/framework/src/Illuminate/Database/Seeder.php(193): Illuminate\\Database\\Seeder->{closure:Illuminate\\Database\\Seeder::__invoke():183}()
#30 /Volumes/OA-SSD-Flex/TheOAsis UG-Research Project Management System (v1.0)- Google Apps Script Backend Codes/laravel-app/vendor/laravel/framework/src/Illuminate/Database/Console/Seeds/SeedCommand.php(70): Illuminate\\Database\\Seeder->__invoke()
#31 /Volumes/OA-SSD-Flex/TheOAsis UG-Research Project Management System (v1.0)- Google Apps Script Backend Codes/laravel-app/vendor/laravel/framework/src/Illuminate/Database/Eloquent/Concerns/GuardsAttributes.php(155): Illuminate\\Database\\Console\\Seeds\\SeedCommand->{closure:Illuminate\\Database\\Console\\Seeds\\SeedCommand::handle():69}()
#32 /Volumes/OA-SSD-Flex/TheOAsis UG-Research Project Management System (v1.0)- Google Apps Script Backend Codes/laravel-app/vendor/laravel/framework/src/Illuminate/Database/Console/Seeds/SeedCommand.php(69): Illuminate\\Database\\Eloquent\\Model::unguarded(Object(Closure))
#33 /Volumes/OA-SSD-Flex/TheOAsis UG-Research Project Management System (v1.0)- Google Apps Script Backend Codes/laravel-app/vendor/laravel/framework/src/Illuminate/Container/BoundMethod.php(36): Illuminate\\Database\\Console\\Seeds\\SeedCommand->handle()
#34 /Volumes/OA-SSD-Flex/TheOAsis UG-Research Project Management System (v1.0)- Google Apps Script Backend Codes/laravel-app/vendor/laravel/framework/src/Illuminate/Container/Util.php(41): Illuminate\\Container\\BoundMethod::{closure:Illuminate\\Container\\BoundMethod::call():35}()
#35 /Volumes/OA-SSD-Flex/TheOAsis UG-Research Project Management System (v1.0)- Google Apps Script Backend Codes/laravel-app/vendor/laravel/framework/src/Illuminate/Container/BoundMethod.php(93): Illuminate\\Container\\Util::unwrapIfClosure(Object(Closure))
#36 /Volumes/OA-SSD-Flex/TheOAsis UG-Research Project Management System (v1.0)- Google Apps Script Backend Codes/laravel-app/vendor/laravel/framework/src/Illuminate/Container/BoundMethod.php(35): Illuminate\\Container\\BoundMethod::callBoundMethod(Object(Illuminate\\Foundation\\Application), Array, Object(Closure))
#37 /Volumes/OA-SSD-Flex/TheOAsis UG-Research Project Management System (v1.0)- Google Apps Script Backend Codes/laravel-app/vendor/laravel/framework/src/Illuminate/Container/Container.php(662): Illuminate\\Container\\BoundMethod::call(Object(Illuminate\\Foundation\\Application), Array, Array, NULL)
#38 /Volumes/OA-SSD-Flex/TheOAsis UG-Research Project Management System (v1.0)- Google Apps Script Backend Codes/laravel-app/vendor/laravel/framework/src/Illuminate/Console/Command.php(211): Illuminate\\Container\\Container->call(Array)
#39 /Volumes/OA-SSD-Flex/TheOAsis UG-Research Project Management System (v1.0)- Google Apps Script Backend Codes/laravel-app/vendor/symfony/console/Command/Command.php(326): Illuminate\\Console\\Command->execute(Object(Symfony\\Component\\Console\\Input\\ArgvInput), Object(Illuminate\\Console\\OutputStyle))
#40 /Volumes/OA-SSD-Flex/TheOAsis UG-Research Project Management System (v1.0)- Google Apps Script Backend Codes/laravel-app/vendor/laravel/framework/src/Illuminate/Console/Command.php(180): Symfony\\Component\\Console\\Command\\Command->run(Object(Symfony\\Component\\Console\\Input\\ArgvInput), Object(Illuminate\\Console\\OutputStyle))
#41 /Volumes/OA-SSD-Flex/TheOAsis UG-Research Project Management System (v1.0)- Google Apps Script Backend Codes/laravel-app/vendor/symfony/console/Application.php(1121): Illuminate\\Console\\Command->run(Object(Symfony\\Component\\Console\\Input\\ArgvInput), Object(Symfony\\Component\\Console\\Output\\ConsoleOutput))
#42 /Volumes/OA-SSD-Flex/TheOAsis UG-Research Project Management System (v1.0)- Google Apps Script Backend Codes/laravel-app/vendor/symfony/console/Application.php(324): Symfony\\Component\\Console\\Application->doRunCommand(Object(Illuminate\\Database\\Console\\Seeds\\SeedCommand), Object(Symfony\\Component\\Console\\Input\\ArgvInput), Object(Symfony\\Component\\Console\\Output\\ConsoleOutput))
#43 /Volumes/OA-SSD-Flex/TheOAsis UG-Research Project Management System (v1.0)- Google Apps Script Backend Codes/laravel-app/vendor/symfony/console/Application.php(175): Symfony\\Component\\Console\\Application->doRun(Object(Symfony\\Component\\Console\\Input\\ArgvInput), Object(Symfony\\Component\\Console\\Output\\ConsoleOutput))
#44 /Volumes/OA-SSD-Flex/TheOAsis UG-Research Project Management System (v1.0)- Google Apps Script Backend Codes/laravel-app/vendor/laravel/framework/src/Illuminate/Foundation/Console/Kernel.php(201): Symfony\\Component\\Console\\Application->run(Object(Symfony\\Component\\Console\\Input\\ArgvInput), Object(Symfony\\Component\\Console\\Output\\ConsoleOutput))
#45 /Volumes/OA-SSD-Flex/TheOAsis UG-Research Project Management System (v1.0)- Google Apps Script Backend Codes/laravel-app/artisan(35): Illuminate\\Foundation\\Console\\Kernel->handle(Object(Symfony\\Component\\Console\\Input\\ArgvInput), Object(Symfony\\Component\\Console\\Output\\ConsoleOutput))
#46 {main}
"} 
[2026-09-21 16:54:20] local.ERROR: View [index] not found. {"exception":"[object] (InvalidArgumentException(code: 0): View [index] not found. at /Volumes/OA-SSD-Flex/TheOAsis UG-Research Project Management System (v1.0)- Google Apps Script Backend Codes/laravel-app/vendor/laravel/framework/src/Illuminate/View/FileViewFinder.php:137)
[stacktrace]
#0 /Volumes/OA-SSD-Flex/TheOAsis UG-Research Project Management System (v1.0)- Google Apps Script Backend Codes/laravel-app/vendor/laravel/framework/src/Illuminate/View/FileViewFinder.php(79): Illuminate\\View\\FileViewFinder->findInPaths('index', Array)
#1 /Volumes/OA-SSD-Flex/TheOAsis UG-Research Project Management System (v1.0)- Google Apps Script Backend Codes/laravel-app/vendor/laravel/framework/src/Illuminate/View/Factory.php(137): Illuminate\\View\\FileViewFinder->find('index')
#2 /Volumes/OA-SSD-Flex/TheOAsis UG-Research Project Management System (v1.0)- Google Apps Script Backend Codes/laravel-app/vendor/laravel/framework/src/Illuminate/Foundation/helpers.php(1020): Illuminate\\View\\Factory->make('index', Array, Array)
#3 /Volumes/OA-SSD-Flex/TheOAsis UG-Research Project Management System (v1.0)- Google Apps Script Backend Codes/laravel-app/routes/web.php(24): view('index')
#4 /Volumes/OA-SSD-Flex/TheOAsis UG-Research Project Management System (v1.0)- Google Apps Script Backend Codes/laravel-app/vendor/laravel/framework/src/Illuminate/Routing/CallableDispatcher.php(40): Illuminate\\Routing\\RouteFileRegistrar->{closure:/Volumes/OA-SSD-Flex/TheOAsis UG-Research Project Management System (v1.0)- Google Apps Script Backend Codes/laravel-app/routes/web.php:23}()
#5 /Volumes/OA-SSD-Flex/TheOAsis UG-Research Project Management System (v1.0)- Google Apps Script Backend Codes/laravel-app/vendor/laravel/framework/src/Illuminate/Routing/Route.php(237): Illuminate\\Routing\\CallableDispatcher->dispatch(Object(Illuminate\\Routing\\Route), Object(Closure))
#6 /Volumes/OA-SSD-Flex/TheOAsis UG-Research Project Management System (v1.0)- Google Apps Script Backend Codes/laravel-app/vendor/laravel/framework/src/Illuminate/Routing/Route.php(208): Illuminate\\Routing\\Route->runCallable()
#7 /Volumes/OA-SSD-Flex/TheOAsis UG-Research Project Management System (v1.0)- Google Apps Script Backend Codes/laravel-app/vendor/laravel/framework/src/Illuminate/Routing/Router.php(806): Illuminate\\Routing\\Route->run()
#8 /Volumes/OA-SSD-Flex/TheOAsis UG-Research Project Management System (v1.0)- Google Apps Script Backend Codes/laravel-app/vendor/laravel/framework/src/Illuminate/Pipeline/Pipeline.php(144): Illuminate\\Routing\\Router->{closure:Illuminate\\Routing\\Router::runRouteWithinStack():805}(Object(Illuminate\\Http\\Request))
#9 /Volumes/OA-SSD-Flex/TheOAsis UG-Research Project Management System (v1.0)- Google Apps Script Backend Codes/laravel-app/app/Http/Middleware/RedirectIfAuthenticated.php(26): Illuminate\\Pipeline\\Pipeline->{closure:Illuminate\\Pipeline\\Pipeline::prepareDestination():142}(Object(Illuminate\\Http\\Request))
#10 /Volumes/OA-SSD-Flex/TheOAsis UG-Research Project Management System (v1.0)- Google Apps Script Backend Codes/laravel-app/vendor/laravel/framework/src/Illuminate/Pipeline/Pipeline.php(183): App\\Http\\Middleware\\RedirectIfAuthenticated->handle(Object(Illuminate\\Http\\Request), Object(Closure))
#11 /Volumes/OA-SSD-Flex/TheOAsis UG-Research Project Management System (v1.0)- Google Apps Script Backend Codes/laravel-app/vendor/laravel/framework/src/Illuminate/Routing/Middleware/SubstituteBindings.php(50): Illuminate\\Pipeline\\Pipeline->{closure:{closure:Illuminate\\Pipeline\\Pipeline::carry():158}:159}(Object(Illuminate\\Http\\Request))
#12 /Volumes/OA-SSD-Flex/TheOAsis UG-Research Project Management System (v1.0)- Google Apps Script Backend Codes/laravel-app/vendor/laravel/framework/src/Illuminate/Pipeline/Pipeline.php(183): Illuminate\\Routing\\Middleware\\SubstituteBindings->handle(Object(Illuminate\\Http\\Request), Object(Closure))
#13 /Volumes/OA-SSD-Flex/TheOAsis UG-Research Project Management System (v1.0)- Google Apps Script Backend Codes/laravel-app/vendor/laravel/framework/src/Illuminate/Foundation/Http/Middleware/VerifyCsrfToken.php(78): Illuminate\\Pipeline\\Pipeline->{closure:{closure:Illuminate\\Pipeline\\Pipeline::carry():158}:159}(Object(Illuminate\\Http\\Request))
#14 /Volumes/OA-SSD-Flex/TheOAsis UG-Research Project Management System (v1.0)- Google Apps Script Backend Codes/laravel-app/vendor/laravel/framework/src/Illuminate/Pipeline/Pipeline.php(183): Illuminate\\Foundation\\Http\\Middleware\\VerifyCsrfToken->handle(Object(Illuminate\\Http\\Request), Object(Closure))
#15 /Volumes/OA-SSD-Flex/TheOAsis UG-Research Project Management System (v1.0)- Google Apps Script Backend Codes/laravel-app/vendor/laravel/framework/src/Illuminate/View/Middleware/ShareErrorsFromSession.php(49): Illuminate\\Pipeline\\Pipeline->{closure:{closure:Illuminate\\Pipeline\\Pipeline::carry():158}:159}(Object(Illuminate\\Http\\Request))
#16 /Volumes/OA-SSD-Flex/TheOAsis UG-Research Project Management System (v1.0)- Google Apps Script Backend Codes/laravel-app/vendor/laravel/framework/src/Illuminate/Pipeline/Pipeline.php(183): Illuminate\\View\\Middleware\\ShareErrorsFromSession->handle(Object(Illuminate\\Http\\Request), Object(Closure))
#17 /Volumes/OA-SSD-Flex/TheOAsis UG-Research Project Management System (v1.0)- Google Apps Script Backend Codes/laravel-app/vendor/laravel/framework/src/Illuminate/Session/Middleware/StartSession.php(121): Illuminate\\Pipeline\\Pipeline->{closure:{closure:Illuminate\\Pipeline\\Pipeline::carry():158}:159}(Object(Illuminate\\Http\\Request))
#18 /Volumes/OA-SSD-Flex/TheOAsis UG-Research Project Management System (v1.0)- Google Apps Script Backend Codes/laravel-app/vendor/laravel/framework/src/Illuminate/Session/Middleware/StartSession.php(64): Illuminate\\Session\\Middleware\\StartSession->handleStatefulRequest(Object(Illuminate\\Http\\Request), Object(Illuminate\\Session\\Store), Object(Closure))
#19 /Volumes/OA-SSD-Flex/TheOAsis UG-Research Project Management System (v1.0)- Google Apps Script Backend Codes/laravel-app/vendor/laravel/framework/src/Illuminate/Pipeline/Pipeline.php(183): Illuminate\\Session\\Middleware\\StartSession->handle(Object(Illuminate\\Http\\Request), Object(Closure))
#20 /Volumes/OA-SSD-Flex/TheOAsis UG-Research Project Management System (v1.0)- Google Apps Script Backend Codes/laravel-app/vendor/laravel/framework/src/Illuminate/Cookie/Middleware/AddQueuedCookiesToResponse.php(37): Illuminate\\Pipeline\\Pipeline->{closure:{closure:Illuminate\\Pipeline\\Pipeline::carry():158}:159}(Object(Illuminate\\Http\\Request))
#21 /Volumes/OA-SSD-Flex/TheOAsis UG-Research Project Management System (v1.0)- Google Apps Script Backend Codes/laravel-app/vendor/laravel/framework/src/Illuminate/Pipeline/Pipeline.php(183): Illuminate\\Cookie\\Middleware\\AddQueuedCookiesToResponse->handle(Object(Illuminate\\Http\\Request), Object(Closure))
#22 /Volumes/OA-SSD-Flex/TheOAsis UG-Research Project Management System (v1.0)- Google Apps Script Backend Codes/laravel-app/vendor/laravel/framework/src/Illuminate/Cookie/Middleware/EncryptCookies.php(67): Illuminate\\Pipeline\\Pipeline->{closure:{closure:Illuminate\\Pipeline\\Pipeline::carry():158}:159}(Object(Illuminate\\Http\\Request))
#23 /Volumes/OA-SSD-Flex/TheOAsis UG-Research Project Management System (v1.0)- Google Apps Script Backend Codes/laravel-app/vendor/laravel/framework/src/Illuminate/Pipeline/Pipeline.php(183): Illuminate\\Cookie\\Middleware\\EncryptCookies->handle(Object(Illuminate\\Http\\Request), Object(Closure))
#24 /Volumes/OA-SSD-Flex/TheOAsis UG-Research Project Management System (v1.0)- Google Apps Script Backend Codes/laravel-app/vendor/laravel/framework/src/Illuminate/Pipeline/Pipeline.php(119): Illuminate\\Pipeline\\Pipeline->{closure:{closure:Illuminate\\Pipeline\\Pipeline::carry():158}:159}(Object(Illuminate\\Http\\Request))
#25 /Volumes/OA-SSD-Flex/TheOAsis UG-Research Project Management System (v1.0)- Google Apps Script Backend Codes/laravel-app/vendor/laravel/framework/src/Illuminate/Routing/Router.php(805): Illuminate\\Pipeline\\Pipeline->then(Object(Closure))
#26 /Volumes/OA-SSD-Flex/TheOAsis UG-Research Project Management System (v1.0)- Google Apps Script Backend Codes/laravel-app/vendor/laravel/framework/src/Illuminate/Routing/Router.php(784): Illuminate\\Routing\\Router->runRouteWithinStack(Object(Illuminate\\Routing\\Route), Object(Illuminate\\Http\\Request))
#27 /Volumes/OA-SSD-Flex/TheOAsis UG-Research Project Management System (v1.0)- Google Apps Script Backend Codes/laravel-app/vendor/laravel/framework/src/Illuminate/Routing/Router.php(748): Illuminate\\Routing\\Router->runRoute(Object(Illuminate\\Http\\Request), Object(Illuminate\\Routing\\Route))
#28 /Volumes/OA-SSD-Flex/TheOAsis UG-Research Project Management System (v1.0)- Google Apps Script Backend Codes/laravel-app/vendor/laravel/framework/src/Illuminate/Routing/Router.php(737): Illuminate\\Routing\\Router->dispatchToRoute(Object(Illuminate\\Http\\Request))
#29 /Volumes/OA-SSD-Flex/TheOAsis UG-Research Project Management System (v1.0)- Google Apps Script Backend Codes/laravel-app/vendor/laravel/framework/src/Illuminate/Foundation/Http/Kernel.php(200): Illuminate\\Routing\\Router->dispatch(Object(Illuminate\\Http\\Request))
#30 /Volumes/OA-SSD-Flex/TheOAsis UG-Research Project Management System (v1.0)- Google Apps Script Backend Codes/laravel-app/vendor/laravel/framework/src/Illuminate/Pipeline/Pipeline.php(144): Illuminate\\Foundation\\Http\\Kernel->{closure:Illuminate\\Foundation\\Http\\Kernel::dispatchToRouter():197}(Object(Illuminate\\Http\\Request))
#31 /Volumes/OA-SSD-Flex/TheOAsis UG-Research Project Management System (v1.0)- Google Apps Script Backend Codes/laravel-app/vendor/laravel/framework/src/Illuminate/Foundation/Http/Middleware/TransformsRequest.php(21): Illuminate\\Pipeline\\Pipeline->{closure:Illuminate\\Pipeline\\Pipeline::prepareDestination():142}(Object(Illuminate\\Http\\Request))
#32 /Volumes/OA-SSD-Flex/TheOAsis UG-Research Project Management System (v1.0)- Google Apps Script Backend Codes/laravel-app/vendor/laravel/framework/src/Illuminate/Foundation/Http/Middleware/ConvertEmptyStringsToNull.php(31): Illuminate\\Foundation\\Http\\Middleware\\TransformsRequest->handle(Object(Illuminate\\Http\\Request), Object(Closure))
#33 /Volumes/OA-SSD-Flex/TheOAsis UG-Research Project Management System (v1.0)- Google Apps Script Backend Codes/laravel-app/vendor/laravel/framework/src/Illuminate/Pipeline/Pipeline.php(183): Illuminate\\Foundation\\Http\\Middleware\\ConvertEmptyStringsToNull->handle(Object(Illuminate\\Http\\Request), Object(Closure))
#34 /Volumes/OA-SSD-Flex/TheOAsis UG-Research Project Management System (v1.0)- Google Apps Script Backend Codes/laravel-app/vendor/laravel/framework/src/Illuminate/Foundation/Http/Middleware/TransformsRequest.php(21): Illuminate\\Pipeline\\Pipeline->{closure:{closure:Illuminate\\Pipeline\\Pipeline::carry():158}:159}(Object(Illuminate\\Http\\Request))
#35 /Volumes/OA-SSD-Flex/TheOAsis UG-Research Project Management System (v1.0)- Google Apps Script Backend Codes/laravel-app/vendor/laravel/framework/src/Illuminate/Foundation/Http/Middleware/TrimStrings.php(40): Illuminate\\Foundation\\Http\\Middleware\\TransformsRequest->handle(Object(Illuminate\\Http\\Request), Object(Closure))
#36 /Volumes/OA-SSD-Flex/TheOAsis UG-Research Project Management System (v1.0)- Google Apps Script Backend Codes/laravel-app/vendor/laravel/framework/src/Illuminate/Pipeline/Pipeline.php(183): Illuminate\\Foundation\\Http\\Middleware\\TrimStrings->handle(Object(Illuminate\\Http\\Request), Object(Closure))
#37 /Volumes/OA-SSD-Flex/TheOAsis UG-Research Project Management System (v1.0)- Google Apps Script Backend Codes/laravel-app/vendor/laravel/framework/src/Illuminate/Foundation/Http/Middleware/ValidatePostSize.php(27): Illuminate\\Pipeline\\Pipeline->{closure:{closure:Illuminate\\Pipeline\\Pipeline::carry():158}:159}(Object(Illuminate\\Http\\Request))
#38 /Volumes/OA-SSD-Flex/TheOAsis UG-Research Project Management System (v1.0)- Google Apps Script Backend Codes/laravel-app/vendor/laravel/framework/src/Illuminate/Pipeline/Pipeline.php(183): Illuminate\\Foundation\\Http\\Middleware\\ValidatePostSize->handle(Object(Illuminate\\Http\\Request), Object(Closure))
#39 /Volumes/OA-SSD-Flex/TheOAsis UG-Research Project Management System (v1.0)- Google Apps Script Backend Codes/laravel-app/vendor/laravel/framework/src/Illuminate/Foundation/Http/Middleware/PreventRequestsDuringMaintenance.php(99): Illuminate\\Pipeline\\Pipeline->{closure:{closure:Illuminate\\Pipeline\\Pipeline::carry():158}:159}(Object(Illuminate\\Http\\Request))
#40 /Volumes/OA-SSD-Flex/TheOAsis UG-Research Project Management System (v1.0)- Google Apps Script Backend Codes/laravel-app/vendor/laravel/framework/src/Illuminate/Pipeline/Pipeline.php(183): Illuminate\\Foundation\\Http\\Middleware\\PreventRequestsDuringMaintenance->handle(Object(Illuminate\\Http\\Request), Object(Closure))
#41 /Volumes/OA-SSD-Flex/TheOAsis UG-Research Project Management System (v1.0)- Google Apps Script Backend Codes/laravel-app/vendor/laravel/framework/src/Illuminate/Pipeline/Pipeline.php(119): Illuminate\\Pipeline\\Pipeline->{closure:{closure:Illuminate\\Pipeline\\Pipeline::carry():158}:159}(Object(Illuminate\\Http\\Request))
#42 /Volumes/OA-SSD-Flex/TheOAsis UG-Research Project Management System (v1.0)- Google Apps Script Backend Codes/laravel-app/vendor/laravel/framework/src/Illuminate/Foundation/Http/Kernel.php(175): Illuminate\\Pipeline\\Pipeline->then(Object(Closure))
#43 /Volumes/OA-SSD-Flex/TheOAsis UG-Research Project Management System (v1.0)- Google Apps Script Backend Codes/laravel-app/vendor/laravel/framework/src/Illuminate/Foundation/Http/Kernel.php(144): Illuminate\\Foundation\\Http\\Kernel->sendRequestThroughRouter(Object(Illuminate\\Http\\Request))
#44 /Volumes/OA-SSD-Flex/TheOAsis UG-Research Project Management System (v1.0)- Google Apps Script Backend Codes/laravel-app/public/index.php(51): Illuminate\\Foundation\\Http\\Kernel->handle(Object(Illuminate\\Http\\Request))
#45 /Volumes/OA-SSD-Flex/TheOAsis UG-Research Project Management System (v1.0)- Google Apps Script Backend Codes/laravel-app/vendor/laravel/framework/src/Illuminate/Foundation/resources/server.php(16): require_once('/Volumes/OA-SSD...')
#46 {main}
"} 
[2026-09-22 06:02:14] local.ERROR: syntax error, unexpected token "public" {"exception":"[object] (ParseError(code: 0): syntax error, unexpected token \"public\" at /Users/olasunkanmiarowolo/Documents/OAsis-RS/Archive/oasis-rpm/app/Http/Controllers/AuthController.php:395)
[stacktrace]
#0 /Users/olasunkanmiarowolo/Documents/OAsis-RS/Archive/oasis-rpm/vendor/composer/ClassLoader.php(427): {closure:Composer\\Autoload\\ClassLoader::initializeIncludeClosure():575}('/Users/olasunka...')
#1 [internal function]: Composer\\Autoload\\ClassLoader->loadClass('App\\\\Http\\\\Contro...')
#2 /Users/olasunkanmiarowolo/Documents/OAsis-RS/Archive/oasis-rpm/vendor/laravel/framework/src/Illuminate/Routing/Route.php(1096): is_a('App\\\\Http\\\\Contro...', 'Illuminate\\\\Rout...', true)
#3 /Users/olasunkanmiarowolo/Documents/OAsis-RS/Archive/oasis-rpm/vendor/laravel/framework/src/Illuminate/Routing/Route.php(1035): Illuminate\\Routing\\Route->controllerMiddleware()
#4 /Users/olasunkanmiarowolo/Documents/OAsis-RS/Archive/oasis-rpm/vendor/laravel/framework/src/Illuminate/Routing/Router.php(818): Illuminate\\Routing\\Route->gatherMiddleware()
#5 /Users/olasunkanmiarowolo/Documents/OAsis-RS/Archive/oasis-rpm/vendor/laravel/framework/src/Illuminate/Routing/Router.php(800): Illuminate\\Routing\\Router->gatherRouteMiddleware(Object(Illuminate\\Routing\\Route))
#6 /Users/olasunkanmiarowolo/Documents/OAsis-RS/Archive/oasis-rpm/vendor/laravel/framework/src/Illuminate/Routing/Router.php(784): Illuminate\\Routing\\Router->runRouteWithinStack(Object(Illuminate\\Routing\\Route), Object(Illuminate\\Http\\Request))
#7 /Users/olasunkanmiarowolo/Documents/OAsis-RS/Archive/oasis-rpm/vendor/laravel/framework/src/Illuminate/Routing/Router.php(748): Illuminate\\Routing\\Router->runRoute(Object(Illuminate\\Http\\Request), Object(Illuminate\\Routing\\Route))
#8 /Users/olasunkanmiarowolo/Documents/OAsis-RS/Archive/oasis-rpm/vendor/laravel/framework/src/Illuminate/Routing/Router.php(737): Illuminate\\Routing\\Router->dispatchToRoute(Object(Illuminate\\Http\\Request))
#9 /Users/olasunkanmiarowolo/Documents/OAsis-RS/Archive/oasis-rpm/vendor/laravel/framework/src/Illuminate/Foundation/Http/Kernel.php(200): Illuminate\\Routing\\Router->dispatch(Object(Illuminate\\Http\\Request))
#10 /Users/olasunkanmiarowolo/Documents/OAsis-RS/Archive/oasis-rpm/vendor/laravel/framework/src/Illuminate/Pipeline/Pipeline.php(144): Illuminate\\Foundation\\Http\\Kernel->{closure:Illuminate\\Foundation\\Http\\Kernel::dispatchToRouter():197}(Object(Illuminate\\Http\\Request))
#11 /Users/olasunkanmiarowolo/Documents/OAsis-RS/Archive/oasis-rpm/vendor/laravel/framework/src/Illuminate/Foundation/Http/Middleware/TransformsRequest.php(21): Illuminate\\Pipeline\\Pipeline->{closure:Illuminate\\Pipeline\\Pipeline::prepareDestination():142}(Object(Illuminate\\Http\\Request))
#12 /Users/olasunkanmiarowolo/Documents/OAsis-RS/Archive/oasis-rpm/vendor/laravel/framework/src/Illuminate/Foundation/Http/Middleware/ConvertEmptyStringsToNull.php(31): Illuminate\\Foundation\\Http\\Middleware\\TransformsRequest->handle(Object(Illuminate\\Http\\Request), Object(Closure))
#13 /Users/olasunkanmiarowolo/Documents/OAsis-RS/Archive/oasis-rpm/vendor/laravel/framework/src/Illuminate/Pipeline/Pipeline.php(183): Illuminate\\Foundation\\Http\\Middleware\\ConvertEmptyStringsToNull->handle(Object(Illuminate\\Http\\Request), Object(Closure))
#14 /Users/olasunkanmiarowolo/Documents/OAsis-RS/Archive/oasis-rpm/vendor/laravel/framework/src/Illuminate/Foundation/Http/Middleware/TransformsRequest.php(21): Illuminate\\Pipeline\\Pipeline->{closure:{closure:Illuminate\\Pipeline\\Pipeline::carry():158}:159}(Object(Illuminate\\Http\\Request))
#15 /Users/olasunkanmiarowolo/Documents/OAsis-RS/Archive/oasis-rpm/vendor/laravel/framework/src/Illuminate/Foundation/Http/Middleware/TrimStrings.php(40): Illuminate\\Foundation\\Http\\Middleware\\TransformsRequest->handle(Object(Illuminate\\Http\\Request), Object(Closure))
#16 /Users/olasunkanmiarowolo/Documents/OAsis-RS/Archive/oasis-rpm/vendor/laravel/framework/src/Illuminate/Pipeline/Pipeline.php(183): Illuminate\\Foundation\\Http\\Middleware\\TrimStrings->handle(Object(Illuminate\\Http\\Request), Object(Closure))
#17 /Users/olasunkanmiarowolo/Documents/OAsis-RS/Archive/oasis-rpm/vendor/laravel/framework/src/Illuminate/Foundation/Http/Middleware/ValidatePostSize.php(27): Illuminate\\Pipeline\\Pipeline->{closure:{closure:Illuminate\\Pipeline\\Pipeline::carry():158}:159}(Object(Illuminate\\Http\\Request))
#18 /Users/olasunkanmiarowolo/Documents/OAsis-RS/Archive/oasis-rpm/vendor/laravel/framework/src/Illuminate/Pipeline/Pipeline.php(183): Illuminate\\Foundation\\Http\\Middleware\\ValidatePostSize->handle(Object(Illuminate\\Http\\Request), Object(Closure))
#19 /Users/olasunkanmiarowolo/Documents/OAsis-RS/Archive/oasis-rpm/vendor/laravel/framework/src/Illuminate/Foundation/Http/Middleware/PreventRequestsDuringMaintenance.php(99): Illuminate\\Pipeline\\Pipeline->{closure:{closure:Illuminate\\Pipeline\\Pipeline::carry():158}:159}(Object(Illuminate\\Http\\Request))
#20 /Users/olasunkanmiarowolo/Documents/OAsis-RS/Archive/oasis-rpm/vendor/laravel/framework/src/Illuminate/Pipeline/Pipeline.php(183): Illuminate\\Foundation\\Http\\Middleware\\PreventRequestsDuringMaintenance->handle(Object(Illuminate\\Http\\Request), Object(Closure))
#21 /Users/olasunkanmiarowolo/Documents/OAsis-RS/Archive/oasis-rpm/vendor/laravel/framework/src/Illuminate/Pipeline/Pipeline.php(119): Illuminate\\Pipeline\\Pipeline->{closure:{closure:Illuminate\\Pipeline\\Pipeline::carry():158}:159}(Object(Illuminate\\Http\\Request))
#22 /Users/olasunkanmiarowolo/Documents/OAsis-RS/Archive/oasis-rpm/vendor/laravel/framework/src/Illuminate/Foundation/Http/Kernel.php(175): Illuminate\\Pipeline\\Pipeline->then(Object(Closure))
#23 /Users/olasunkanmiarowolo/Documents/OAsis-RS/Archive/oasis-rpm/vendor/laravel/framework/src/Illuminate/Foundation/Http/Kernel.php(144): Illuminate\\Foundation\\Http\\Kernel->sendRequestThroughRouter(Object(Illuminate\\Http\\Request))
#24 /Users/olasunkanmiarowolo/Documents/OAsis-RS/Archive/oasis-rpm/public/index.php(51): Illuminate\\Foundation\\Http\\Kernel->handle(Object(Illuminate\\Http\\Request))
#25 /Users/olasunkanmiarowolo/Documents/OAsis-RS/Archive/oasis-rpm/vendor/laravel/framework/src/Illuminate/Foundation/resources/server.php(16): require_once('/Users/olasunka...')
#26 {main}
"} 
[2026-09-22 06:03:34] local.ERROR: Target class [App\Http\Middleware\AuthGuard] does not exist. {"exception":"[object] (Illuminate\\Contracts\\Container\\BindingResolutionException(code: 0): Target class [App\\Http\\Middleware\\AuthGuard] does not exist. at /Users/olasunkanmiarowolo/Documents/OAsis-RS/Archive/oasis-rpm/vendor/laravel/framework/src/Illuminate/Container/Container.php:914)
[stacktrace]
#0 /Users/olasunkanmiarowolo/Documents/OAsis-RS/Archive/oasis-rpm/vendor/laravel/framework/src/Illuminate/Container/Container.php(795): Illuminate\\Container\\Container->build('App\\\\Http\\\\Middle...')
#1 /Users/olasunkanmiarowolo/Documents/OAsis-RS/Archive/oasis-rpm/vendor/laravel/framework/src/Illuminate/Foundation/Application.php(986): Illuminate\\Container\\Container->resolve('App\\\\Http\\\\Middle...', Array, true)
#2 /Users/olasunkanmiarowolo/Documents/OAsis-RS/Archive/oasis-rpm/vendor/laravel/framework/src/Illuminate/Container/Container.php(731): Illuminate\\Foundation\\Application->resolve('App\\\\Http\\\\Middle...', Array)
#3 /Users/olasunkanmiarowolo/Documents/OAsis-RS/Archive/oasis-rpm/vendor/laravel/framework/src/Illuminate/Foundation/Application.php(971): Illuminate\\Container\\Container->make('App\\\\Http\\\\Middle...', Array)
#4 /Users/olasunkanmiarowolo/Documents/OAsis-RS/Archive/oasis-rpm/vendor/laravel/framework/src/Illuminate/Foundation/helpers.php(120): Illuminate\\Foundation\\Application->make('App\\\\Http\\\\Middle...', Array)
#5 /Users/olasunkanmiarowolo/Documents/OAsis-RS/Archive/oasis-rpm/app/Http/Controllers/AuthController.php(22): app('App\\\\Http\\\\Middle...')
#6 [internal function]: App\\Http\\Controllers\\AuthController->__construct()
#7 /Users/olasunkanmiarowolo/Documents/OAsis-RS/Archive/oasis-rpm/vendor/laravel/framework/src/Illuminate/Container/Container.php(952): ReflectionClass->newInstanceArgs(Array)
#8 /Users/olasunkanmiarowolo/Documents/OAsis-RS/Archive/oasis-rpm/vendor/laravel/framework/src/Illuminate/Container/Container.php(795): Illuminate\\Container\\Container->build('App\\\\Http\\\\Contro...')
#9 /Users/olasunkanmiarowolo/Documents/OAsis-RS/Archive/oasis-rpm/vendor/laravel/framework/src/Illuminate/Foundation/Application.php(986): Illuminate\\Container\\Container->resolve('App\\\\Http\\\\Contro...', Array, true)
#10 /Users/olasunkanmiarowolo/Documents/OAsis-RS/Archive/oasis-rpm/vendor/laravel/framework/src/Illuminate/Container/Container.php(731): Illuminate\\Foundation\\Application->resolve('App\\\\Http\\\\Contro...', Array)
#11 /Users/olasunkanmiarowolo/Documents/OAsis-RS/Archive/oasis-rpm/vendor/laravel/framework/src/Illuminate/Foundation/Application.php(971): Illuminate\\Container\\Container->make('App\\\\Http\\\\Contro...', Array)
#12 /Users/olasunkanmiarowolo/Documents/OAsis-RS/Archive/oasis-rpm/vendor/laravel/framework/src/Illuminate/Routing/Route.php(278): Illuminate\\Foundation\\Application->make('App\\\\Http\\\\Contro...')
#13 /Users/olasunkanmiarowolo/Documents/OAsis-RS/Archive/oasis-rpm/vendor/laravel/framework/src/Illuminate/Routing/Route.php(1104): Illuminate\\Routing\\Route->getController()
#14 /Users/olasunkanmiarowolo/Documents/OAsis-RS/Archive/oasis-rpm/vendor/laravel/framework/src/Illuminate/Routing/Route.php(1035): Illuminate\\Routing\\Route->controllerMiddleware()
#15 /Users/olasunkanmiarowolo/Documents/OAsis-RS/Archive/oasis-rpm/vendor/laravel/framework/src/Illuminate/Routing/Router.php(818): Illuminate\\Routing\\Route->gatherMiddleware()
#16 /Users/olasunkanmiarowolo/Documents/OAsis-RS/Archive/oasis-rpm/vendor/laravel/framework/src/Illuminate/Routing/Router.php(800): Illuminate\\Routing\\Router->gatherRouteMiddleware(Object(Illuminate\\Routing\\Route))
#17 /Users/olasunkanmiarowolo/Documents/OAsis-RS/Archive/oasis-rpm/vendor/laravel/framework/src/Illuminate/Routing/Router.php(784): Illuminate\\Routing\\Router->runRouteWithinStack(Object(Illuminate\\Routing\\Route), Object(Illuminate\\Http\\Request))
#18 /Users/olasunkanmiarowolo/Documents/OAsis-RS/Archive/oasis-rpm/vendor/laravel/framework/src/Illuminate/Routing/Router.php(748): Illuminate\\Routing\\Router->runRoute(Object(Illuminate\\Http\\Request), Object(Illuminate\\Routing\\Route))
#19 /Users/olasunkanmiarowolo/Documents/OAsis-RS/Archive/oasis-rpm/vendor/laravel/framework/src/Illuminate/Routing/Router.php(737): Illuminate\\Routing\\Router->dispatchToRoute(Object(Illuminate\\Http\\Request))
#20 /Users/olasunkanmiarowolo/Documents/OAsis-RS/Archive/oasis-rpm/vendor/laravel/framework/src/Illuminate/Foundation/Http/Kernel.php(200): Illuminate\\Routing\\Router->dispatch(Object(Illuminate\\Http\\Request))
#21 /Users/olasunkanmiarowolo/Documents/OAsis-RS/Archive/oasis-rpm/vendor/laravel/framework/src/Illuminate/Pipeline/Pipeline.php(144): Illuminate\\Foundation\\Http\\Kernel->{closure:Illuminate\\Foundation\\Http\\Kernel::dispatchToRouter():197}(Object(Illuminate\\Http\\Request))
#22 /Users/olasunkanmiarowolo/Documents/OAsis-RS/Archive/oasis-rpm/vendor/laravel/framework/src/Illuminate/Foundation/Http/Middleware/TransformsRequest.php(21): Illuminate\\Pipeline\\Pipeline->{closure:Illuminate\\Pipeline\\Pipeline::prepareDestination():142}(Object(Illuminate\\Http\\Request))
#23 /Users/olasunkanmiarowolo/Documents/OAsis-RS/Archive/oasis-rpm/vendor/laravel/framework/src/Illuminate/Foundation/Http/Middleware/ConvertEmptyStringsToNull.php(31): Illuminate\\Foundation\\Http\\Middleware\\TransformsRequest->handle(Object(Illuminate\\Http\\Request), Object(Closure))
#24 /Users/olasunkanmiarowolo/Documents/OAsis-RS/Archive/oasis-rpm/vendor/laravel/framework/src/Illuminate/Pipeline/Pipeline.php(183): Illuminate\\Foundation\\Http\\Middleware\\ConvertEmptyStringsToNull->handle(Object(Illuminate\\Http\\Request), Object(Closure))
#25 /Users/olasunkanmiarowolo/Documents/OAsis-RS/Archive/oasis-rpm/vendor/laravel/framework/src/Illuminate/Foundation/Http/Middleware/TransformsRequest.php(21): Illuminate\\Pipeline\\Pipeline->{closure:{closure:Illuminate\\Pipeline\\Pipeline::carry():158}:159}(Object(Illuminate\\Http\\Request))
#26 /Users/olasunkanmiarowolo/Documents/OAsis-RS/Archive/oasis-rpm/vendor/laravel/framework/src/Illuminate/Foundation/Http/Middleware/TrimStrings.php(40): Illuminate\\Foundation\\Http\\Middleware\\TransformsRequest->handle(Object(Illuminate\\Http\\Request), Object(Closure))
#27 /Users/olasunkanmiarowolo/Documents/OAsis-RS/Archive/oasis-rpm/vendor/laravel/framework/src/Illuminate/Pipeline/Pipeline.php(183): Illuminate\\Foundation\\Http\\Middleware\\TrimStrings->handle(Object(Illuminate\\Http\\Request), Object(Closure))
#28 /Users/olasunkanmiarowolo/Documents/OAsis-RS/Archive/oasis-rpm/vendor/laravel/framework/src/Illuminate/Foundation/Http/Middleware/ValidatePostSize.php(27): Illuminate\\Pipeline\\Pipeline->{closure:{closure:Illuminate\\Pipeline\\Pipeline::carry():158}:159}(Object(Illuminate\\Http\\Request))
#29 /Users/olasunkanmiarowolo/Documents/OAsis-RS/Archive/oasis-rpm/vendor/laravel/framework/src/Illuminate/Pipeline/Pipeline.php(183): Illuminate\\Foundation\\Http\\Middleware\\ValidatePostSize->handle(Object(Illuminate\\Http\\Request), Object(Closure))
#30 /Users/olasunkanmiarowolo/Documents/OAsis-RS/Archive/oasis-rpm/vendor/laravel/framework/src/Illuminate/Foundation/Http/Middleware/PreventRequestsDuringMaintenance.php(99): Illuminate\\Pipeline\\Pipeline->{closure:{closure:Illuminate\\Pipeline\\Pipeline::carry():158}:159}(Object(Illuminate\\Http\\Request))
#31 /Users/olasunkanmiarowolo/Documents/OAsis-RS/Archive/oasis-rpm/vendor/laravel/framework/src/Illuminate/Pipeline/Pipeline.php(183): Illuminate\\Foundation\\Http\\Middleware\\PreventRequestsDuringMaintenance->handle(Object(Illuminate\\Http\\Request), Object(Closure))
#32 /Users/olasunkanmiarowolo/Documents/OAsis-RS/Archive/oasis-rpm/vendor/laravel/framework/src/Illuminate/Pipeline/Pipeline.php(119): Illuminate\\Pipeline\\Pipeline->{closure:{closure:Illuminate\\Pipeline\\Pipeline::carry():158}:159}(Object(Illuminate\\Http\\Request))
#33 /Users/olasunkanmiarowolo/Documents/OAsis-RS/Archive/oasis-rpm/vendor/laravel/framework/src/Illuminate/Foundation/Http/Kernel.php(175): Illuminate\\Pipeline\\Pipeline->then(Object(Closure))
#34 /Users/olasunkanmiarowolo/Documents/OAsis-RS/Archive/oasis-rpm/vendor/laravel/framework/src/Illuminate/Foundation/Http/Kernel.php(144): Illuminate\\Foundation\\Http\\Kernel->sendRequestThroughRouter(Object(Illuminate\\Http\\Request))
#35 /Users/olasunkanmiarowolo/Documents/OAsis-RS/Archive/oasis-rpm/public/index.php(51): Illuminate\\Foundation\\Http\\Kernel->handle(Object(Illuminate\\Http\\Request))
#36 /Users/olasunkanmiarowolo/Documents/OAsis-RS/Archive/oasis-rpm/vendor/laravel/framework/src/Illuminate/Foundation/resources/server.php(16): require_once('/Users/olasunka...')
#37 {main}

[previous exception] [object] (ReflectionException(code: -1): Class \"App\\Http\\Middleware\\AuthGuard\" does not exist at /Users/olasunkanmiarowolo/Documents/OAsis-RS/Archive/oasis-rpm/vendor/laravel/framework/src/Illuminate/Container/Container.php:912)
[stacktrace]
#0 /Users/olasunkanmiarowolo/Documents/OAsis-RS/Archive/oasis-rpm/vendor/laravel/framework/src/Illuminate/Container/Container.php(912): ReflectionClass->__construct('App\\\\Http\\\\Middle...')
#1 /Users/olasunkanmiarowolo/Documents/OAsis-RS/Archive/oasis-rpm/vendor/laravel/framework/src/Illuminate/Container/Container.php(795): Illuminate\\Container\\Container->build('App\\\\Http\\\\Middle...')
#2 /Users/olasunkanmiarowolo/Documents/OAsis-RS/Archive/oasis-rpm/vendor/laravel/framework/src/Illuminate/Foundation/Application.php(986): Illuminate\\Container\\Container->resolve('App\\\\Http\\\\Middle...', Array, true)
#3 /Users/olasunkanmiarowolo/Documents/OAsis-RS/Archive/oasis-rpm/vendor/laravel/framework/src/Illuminate/Container/Container.php(731): Illuminate\\Foundation\\Application->resolve('App\\\\Http\\\\Middle...', Array)
#4 /Users/olasunkanmiarowolo/Documents/OAsis-RS/Archive/oasis-rpm/vendor/laravel/framework/src/Illuminate/Foundation/Application.php(971): Illuminate\\Container\\Container->make('App\\\\Http\\\\Middle...', Array)
#5 /Users/olasunkanmiarowolo/Documents/OAsis-RS/Archive/oasis-rpm/vendor/laravel/framework/src/Illuminate/Foundation/helpers.php(120): Illuminate\\Foundation\\Application->make('App\\\\Http\\\\Middle...', Array)
#6 /Users/olasunkanmiarowolo/Documents/OAsis-RS/Archive/oasis-rpm/app/Http/Controllers/AuthController.php(22): app('App\\\\Http\\\\Middle...')
#7 [internal function]: App\\Http\\Controllers\\AuthController->__construct()
#8 /Users/olasunkanmiarowolo/Documents/OAsis-RS/Archive/oasis-rpm/vendor/laravel/framework/src/Illuminate/Container/Container.php(952): ReflectionClass->newInstanceArgs(Array)
#9 /Users/olasunkanmiarowolo/Documents/OAsis-RS/Archive/oasis-rpm/vendor/laravel/framework/src/Illuminate/Container/Container.php(795): Illuminate\\Container\\Container->build('App\\\\Http\\\\Contro...')
#10 /Users/olasunkanmiarowolo/Documents/OAsis-RS/Archive/oasis-rpm/vendor/laravel/framework/src/Illuminate/Foundation/Application.php(986): Illuminate\\Container\\Container->resolve('App\\\\Http\\\\Contro...', Array, true)
#11 /Users/olasunkanmiarowolo/Documents/OAsis-RS/Archive/oasis-rpm/vendor/laravel/framework/src/Illuminate/Container/Container.php(731): Illuminate\\Foundation\\Application->resolve('App\\\\Http\\\\Contro...', Array)
#12 /Users/olasunkanmiarowolo/Documents/OAsis-RS/Archive/oasis-rpm/vendor/laravel/framework/src/Illuminate/Foundation/Application.php(971): Illuminate\\Container\\Container->make('App\\\\Http\\\\Contro...', Array)
#13 /Users/olasunkanmiarowolo/Documents/OAsis-RS/Archive/oasis-rpm/vendor/laravel/framework/src/Illuminate/Routing/Route.php(278): Illuminate\\Foundation\\Application->make('App\\\\Http\\\\Contro...')
#14 /Users/olasunkanmiarowolo/Documents/OAsis-RS/Archive/oasis-rpm/vendor/laravel/framework/src/Illuminate/Routing/Route.php(1104): Illuminate\\Routing\\Route->getController()
#15 /Users/olasunkanmiarowolo/Documents/OAsis-RS/Archive/oasis-rpm/vendor/laravel/framework/src/Illuminate/Routing/Route.php(1035): Illuminate\\Routing\\Route->controllerMiddleware()
#16 /Users/olasunkanmiarowolo/Documents/OAsis-RS/Archive/oasis-rpm/vendor/laravel/framework/src/Illuminate/Routing/Router.php(818): Illuminate\\Routing\\Route->gatherMiddleware()
#17 /Users/olasunkanmiarowolo/Documents/OAsis-RS/Archive/oasis-rpm/vendor/laravel/framework/src/Illuminate/Routing/Router.php(800): Illuminate\\Routing\\Router->gatherRouteMiddleware(Object(Illuminate\\Routing\\Route))
#18 /Users/olasunkanmiarowolo/Documents/OAsis-RS/Archive/oasis-rpm/vendor/laravel/framework/src/Illuminate/Routing/Router.php(784): Illuminate\\Routing\\Router->runRouteWithinStack(Object(Illuminate\\Routing\\Route), Object(Illuminate\\Http\\Request))
#19 /Users/olasunkanmiarowolo/Documents/OAsis-RS/Archive/oasis-rpm/vendor/laravel/framework/src/Illuminate/Routing/Router.php(748): Illuminate\\Routing\\Router->runRoute(Object(Illuminate\\Http\\Request), Object(Illuminate\\Routing\\Route))
#20 /Users/olasunkanmiarowolo/Documents/OAsis-RS/Archive/oasis-rpm/vendor/laravel/framework/src/Illuminate/Routing/Router.php(737): Illuminate\\Routing\\Router->dispatchToRoute(Object(Illuminate\\Http\\Request))
#21 /Users/olasunkanmiarowolo/Documents/OAsis-RS/Archive/oasis-rpm/vendor/laravel/framework/src/Illuminate/Foundation/Http/Kernel.php(200): Illuminate\\Routing\\Router->dispatch(Object(Illuminate\\Http\\Request))
#22 /Users/olasunkanmiarowolo/Documents/OAsis-RS/Archive/oasis-rpm/vendor/laravel/framework/src/Illuminate/Pipeline/Pipeline.php(144): Illuminate\\Foundation\\Http\\Kernel->{closure:Illuminate\\Foundation\\Http\\Kernel::dispatchToRouter():197}(Object(Illuminate\\Http\\Request))
#23 /Users/olasunkanmiarowolo/Documents/OAsis-RS/Archive/oasis-rpm/vendor/laravel/framework/src/Illuminate/Foundation/Http/Middleware/TransformsRequest.php(21): Illuminate\\Pipeline\\Pipeline->{closure:Illuminate\\Pipeline\\Pipeline::prepareDestination():142}(Object(Illuminate\\Http\\Request))
#24 /Users/olasunkanmiarowolo/Documents/OAsis-RS/Archive/oasis-rpm/vendor/laravel/framework/src/Illuminate/Foundation/Http/Middleware/ConvertEmptyStringsToNull.php(31): Illuminate\\Foundation\\Http\\Middleware\\TransformsRequest->handle(Object(Illuminate\\Http\\Request), Object(Closure))
#25 /Users/olasunkanmiarowolo/Documents/OAsis-RS/Archive/oasis-rpm/vendor/laravel/framework/src/Illuminate/Pipeline/Pipeline.php(183): Illuminate\\Foundation\\Http\\Middleware\\ConvertEmptyStringsToNull->handle(Object(Illuminate\\Http\\Request), Object(Closure))
#26 /Users/olasunkanmiarowolo/Documents/OAsis-RS/Archive/oasis-rpm/vendor/laravel/framework/src/Illuminate/Foundation/Http/Middleware/TransformsRequest.php(21): Illuminate\\Pipeline\\Pipeline->{closure:{closure:Illuminate\\Pipeline\\Pipeline::carry():158}:159}(Object(Illuminate\\Http\\Request))
#27 /Users/olasunkanmiarowolo/Documents/OAsis-RS/Archive/oasis-rpm/vendor/laravel/framework/src/Illuminate/Foundation/Http/Middleware/TrimStrings.php(40): Illuminate\\Foundation\\Http\\Middleware\\TransformsRequest->handle(Object(Illuminate\\Http\\Request), Object(Closure))
#28 /Users/olasunkanmiarowolo/Documents/OAsis-RS/Archive/oasis-rpm/vendor/laravel/framework/src/Illuminate/Pipeline/Pipeline.php(183): Illuminate\\Foundation\\Http\\Middleware\\TrimStrings->handle(Object(Illuminate\\Http\\Request), Object(Closure))
#29 /Users/olasunkanmiarowolo/Documents/OAsis-RS/Archive/oasis-rpm/vendor/laravel/framework/src/Illuminate/Foundation/Http/Middleware/ValidatePostSize.php(27): Illuminate\\Pipeline\\Pipeline->{closure:{closure:Illuminate\\Pipeline\\Pipeline::carry():158}:159}(Object(Illuminate\\Http\\Request))
#30 /Users/olasunkanmiarowolo/Documents/OAsis-RS/Archive/oasis-rpm/vendor/laravel/framework/src/Illuminate/Pipeline/Pipeline.php(183): Illuminate\\Foundation\\Http\\Middleware\\ValidatePostSize->handle(Object(Illuminate\\Http\\Request), Object(Closure))
#31 /Users/olasunkanmiarowolo/Documents/OAsis-RS/Archive/oasis-rpm/vendor/laravel/framework/src/Illuminate/Foundation/Http/Middleware/PreventRequestsDuringMaintenance.php(99): Illuminate\\Pipeline\\Pipeline->{closure:{closure:Illuminate\\Pipeline\\Pipeline::carry():158}:159}(Object(Illuminate\\Http\\Request))
#32 /Users/olasunkanmiarowolo/Documents/OAsis-RS/Archive/oasis-rpm/vendor/laravel/framework/src/Illuminate/Pipeline/Pipeline.php(183): Illuminate\\Foundation\\Http\\Middleware\\PreventRequestsDuringMaintenance->handle(Object(Illuminate\\Http\\Request), Object(Closure))
#33 /Users/olasunkanmiarowolo/Documents/OAsis-RS/Archive/oasis-rpm/vendor/laravel/framework/src/Illuminate/Pipeline/Pipeline.php(119): Illuminate\\Pipeline\\Pipeline->{closure:{closure:Illuminate\\Pipeline\\Pipeline::carry():158}:159}(Object(Illuminate\\Http\\Request))
#34 /Users/olasunkanmiarowolo/Documents/OAsis-RS/Archive/oasis-rpm/vendor/laravel/framework/src/Illuminate/Foundation/Http/Kernel.php(175): Illuminate\\Pipeline\\Pipeline->then(Object(Closure))
#35 /Users/olasunkanmiarowolo/Documents/OAsis-RS/Archive/oasis-rpm/vendor/laravel/framework/src/Illuminate/Foundation/Http/Kernel.php(144): Illuminate\\Foundation\\Http\\Kernel->sendRequestThroughRouter(Object(Illuminate\\Http\\Request))
#36 /Users/olasunkanmiarowolo/Documents/OAsis-RS/Archive/oasis-rpm/public/index.php(51): Illuminate\\Foundation\\Http\\Kernel->handle(Object(Illuminate\\Http\\Request))
#37 /Users/olasunkanmiarowolo/Documents/OAsis-RS/Archive/oasis-rpm/vendor/laravel/framework/src/Illuminate/Foundation/resources/server.php(16): require_once('/Users/olasunka...')
#38 {main}
"} 
[2026-09-22 06:03:35] local.ERROR: Target class [App\Http\Middleware\AuthGuard] does not exist. {"exception":"[object] (Illuminate\\Contracts\\Container\\BindingResolutionException(code: 0): Target class [App\\Http\\Middleware\\AuthGuard] does not exist. at /Users/olasunkanmiarowolo/Documents/OAsis-RS/Archive/oasis-rpm/vendor/laravel/framework/src/Illuminate/Container/Container.php:914)
[stacktrace]
#0 /Users/olasunkanmiarowolo/Documents/OAsis-RS/Archive/oasis-rpm/vendor/laravel/framework/src/Illuminate/Container/Container.php(795): Illuminate\\Container\\Container->build('App\\\\Http\\\\Middle...')
#1 /Users/olasunkanmiarowolo/Documents/OAsis-RS/Archive/oasis-rpm/vendor/laravel/framework/src/Illuminate/Foundation/Application.php(986): Illuminate\\Container\\Container->resolve('App\\\\Http\\\\Middle...', Array, true)
#2 /Users/olasunkanmiarowolo/Documents/OAsis-RS/Archive/oasis-rpm/vendor/laravel/framework/src/Illuminate/Container/Container.php(731): Illuminate\\Foundation\\Application->resolve('App\\\\Http\\\\Middle...', Array)
#3 /Users/olasunkanmiarowolo/Documents/OAsis-RS/Archive/oasis-rpm/vendor/laravel/framework/src/Illuminate/Foundation/Application.php(971): Illuminate\\Container\\Container->make('App\\\\Http\\\\Middle...', Array)
#4 /Users/olasunkanmiarowolo/Documents/OAsis-RS/Archive/oasis-rpm/vendor/laravel/framework/src/Illuminate/Foundation/helpers.php(120): Illuminate\\Foundation\\Application->make('App\\\\Http\\\\Middle...', Array)
#5 /Users/olasunkanmiarowolo/Documents/OAsis-RS/Archive/oasis-rpm/app/Http/Controllers/AuthController.php(22): app('App\\\\Http\\\\Middle...')
#6 [internal function]: App\\Http\\Controllers\\AuthController->__construct()
#7 /Users/olasunkanmiarowolo/Documents/OAsis-RS/Archive/oasis-rpm/vendor/laravel/framework/src/Illuminate/Container/Container.php(952): ReflectionClass->newInstanceArgs(Array)
#8 /Users/olasunkanmiarowolo/Documents/OAsis-RS/Archive/oasis-rpm/vendor/laravel/framework/src/Illuminate/Container/Container.php(795): Illuminate\\Container\\Container->build('App\\\\Http\\\\Contro...')
#9 /Users/olasunkanmiarowolo/Documents/OAsis-RS/Archive/oasis-rpm/vendor/laravel/framework/src/Illuminate/Foundation/Application.php(986): Illuminate\\Container\\Container->resolve('App\\\\Http\\\\Contro...', Array, true)
#10 /Users/olasunkanmiarowolo/Documents/OAsis-RS/Archive/oasis-rpm/vendor/laravel/framework/src/Illuminate/Container/Container.php(731): Illuminate\\Foundation\\Application->resolve('App\\\\Http\\\\Contro...', Array)
#11 /Users/olasunkanmiarowolo/Documents/OAsis-RS/Archive/oasis-rpm/vendor/laravel/framework/src/Illuminate/Foundation/Application.php(971): Illuminate\\Container\\Container->make('App\\\\Http\\\\Contro...', Array)
#12 /Users/olasunkanmiarowolo/Documents/OAsis-RS/Archive/oasis-rpm/vendor/laravel/framework/src/Illuminate/Routing/Route.php(278): Illuminate\\Foundation\\Application->make('App\\\\Http\\\\Contro...')
#13 /Users/olasunkanmiarowolo/Documents/OAsis-RS/Archive/oasis-rpm/vendor/laravel/framework/src/Illuminate/Routing/Route.php(1104): Illuminate\\Routing\\Route->getController()
#14 /Users/olasunkanmiarowolo/Documents/OAsis-RS/Archive/oasis-rpm/vendor/laravel/framework/src/Illuminate/Routing/Route.php(1035): Illuminate\\Routing\\Route->controllerMiddleware()
#15 /Users/olasunkanmiarowolo/Documents/OAsis-RS/Archive/oasis-rpm/vendor/laravel/framework/src/Illuminate/Routing/Router.php(818): Illuminate\\Routing\\Route->gatherMiddleware()
#16 /Users/olasunkanmiarowolo/Documents/OAsis-RS/Archive/oasis-rpm/vendor/laravel/framework/src/Illuminate/Routing/Router.php(800): Illuminate\\Routing\\Router->gatherRouteMiddleware(Object(Illuminate\\Routing\\Route))
#17 /Users/olasunkanmiarowolo/Documents/OAsis-RS/Archive/oasis-rpm/vendor/laravel/framework/src/Illuminate/Routing/Router.php(784): Illuminate\\Routing\\Router->runRouteWithinStack(Object(Illuminate\\Routing\\Route), Object(Illuminate\\Http\\Request))
#18 /Users/olasunkanmiarowolo/Documents/OAsis-RS/Archive/oasis-rpm/vendor/laravel/framework/src/Illuminate/Routing/Router.php(748): Illuminate\\Routing\\Router->runRoute(Object(Illuminate\\Http\\Request), Object(Illuminate\\Routing\\Route))
#19 /Users/olasunkanmiarowolo/Documents/OAsis-RS/Archive/oasis-rpm/vendor/laravel/framework/src/Illuminate/Routing/Router.php(737): Illuminate\\Routing\\Router->dispatchToRoute(Object(Illuminate\\Http\\Request))
#20 /Users/olasunkanmiarowolo/Documents/OAsis-RS/Archive/oasis-rpm/vendor/laravel/framework/src/Illuminate/Foundation/Http/Kernel.php(200): Illuminate\\Routing\\Router->dispatch(Object(Illuminate\\Http\\Request))
#21 /Users/olasunkanmiarowolo/Documents/OAsis-RS/Archive/oasis-rpm/vendor/laravel/framework/src/Illuminate/Pipeline/Pipeline.php(144): Illuminate\\Foundation\\Http\\Kernel->{closure:Illuminate\\Foundation\\Http\\Kernel::dispatchToRouter():197}(Object(Illuminate\\Http\\Request))
#22 /Users/olasunkanmiarowolo/Documents/OAsis-RS/Archive/oasis-rpm/vendor/laravel/framework/src/Illuminate/Foundation/Http/Middleware/TransformsRequest.php(21): Illuminate\\Pipeline\\Pipeline->{closure:Illuminate\\Pipeline\\Pipeline::prepareDestination():142}(Object(Illuminate\\Http\\Request))
#23 /Users/olasunkanmiarowolo/Documents/OAsis-RS/Archive/oasis-rpm/vendor/laravel/framework/src/Illuminate/Foundation/Http/Middleware/ConvertEmptyStringsToNull.php(31): Illuminate\\Foundation\\Http\\Middleware\\TransformsRequest->handle(Object(Illuminate\\Http\\Request), Object(Closure))
#24 /Users/olasunkanmiarowolo/Documents/OAsis-RS/Archive/oasis-rpm/vendor/laravel/framework/src/Illuminate/Pipeline/Pipeline.php(183): Illuminate\\Foundation\\Http\\Middleware\\ConvertEmptyStringsToNull->handle(Object(Illuminate\\Http\\Request), Object(Closure))
#25 /Users/olasunkanmiarowolo/Documents/OAsis-RS/Archive/oasis-rpm/vendor/laravel/framework/src/Illuminate/Foundation/Http/Middleware/TransformsRequest.php(21): Illuminate\\Pipeline\\Pipeline->{closure:{closure:Illuminate\\Pipeline\\Pipeline::carry():158}:159}(Object(Illuminate\\Http\\Request))
#26 /Users/olasunkanmiarowolo/Documents/OAsis-RS/Archive/oasis-rpm/vendor/laravel/framework/src/Illuminate/Foundation/Http/Middleware/TrimStrings.php(40): Illuminate\\Foundation\\Http\\Middleware\\TransformsRequest->handle(Object(Illuminate\\Http\\Request), Object(Closure))
#27 /Users/olasunkanmiarowolo/Documents/OAsis-RS/Archive/oasis-rpm/vendor/laravel/framework/src/Illuminate/Pipeline/Pipeline.php(183): Illuminate\\Foundation\\Http\\Middleware\\TrimStrings->handle(Object(Illuminate\\Http\\Request), Object(Closure))
#28 /Users/olasunkanmiarowolo/Documents/OAsis-RS/Archive/oasis-rpm/vendor/laravel/framework/src/Illuminate/Foundation/Http/Middleware/ValidatePostSize.php(27): Illuminate\\Pipeline\\Pipeline->{closure:{closure:Illuminate\\Pipeline\\Pipeline::carry():158}:159}(Object(Illuminate\\Http\\Request))
#29 /Users/olasunkanmiarowolo/Documents/OAsis-RS/Archive/oasis-rpm/vendor/laravel/framework/src/Illuminate/Pipeline/Pipeline.php(183): Illuminate\\Foundation\\Http\\Middleware\\ValidatePostSize->handle(Object(Illuminate\\Http\\Request), Object(Closure))
#30 /Users/olasunkanmiarowolo/Documents/OAsis-RS/Archive/oasis-rpm/vendor/laravel/framework/src/Illuminate/Foundation/Http/Middleware/PreventRequestsDuringMaintenance.php(99): Illuminate\\Pipeline\\Pipeline->{closure:{closure:Illuminate\\Pipeline\\Pipeline::carry():158}:159}(Object(Illuminate\\Http\\Request))
#31 /Users/olasunkanmiarowolo/Documents/OAsis-RS/Archive/oasis-rpm/vendor/laravel/framework/src/Illuminate/Pipeline/Pipeline.php(183): Illuminate\\Foundation\\Http\\Middleware\\PreventRequestsDuringMaintenance->handle(Object(Illuminate\\Http\\Request), Object(Closure))
#32 /Users/olasunkanmiarowolo/Documents/OAsis-RS/Archive/oasis-rpm/vendor/laravel/framework/src/Illuminate/Pipeline/Pipeline.php(119): Illuminate\\Pipeline\\Pipeline->{closure:{closure:Illuminate\\Pipeline\\Pipeline::carry():158}:159}(Object(Illuminate\\Http\\Request))
#33 /Users/olasunkanmiarowolo/Documents/OAsis-RS/Archive/oasis-rpm/vendor/laravel/framework/src/Illuminate/Foundation/Http/Kernel.php(175): Illuminate\\Pipeline\\Pipeline->then(Object(Closure))
#34 /Users/olasunkanmiarowolo/Documents/OAsis-RS/Archive/oasis-rpm/vendor/laravel/framework/src/Illuminate/Foundation/Http/Kernel.php(144): Illuminate\\Foundation\\Http\\Kernel->sendRequestThroughRouter(Object(Illuminate\\Http\\Request))
#35 /Users/olasunkanmiarowolo/Documents/OAsis-RS/Archive/oasis-rpm/public/index.php(51): Illuminate\\Foundation\\Http\\Kernel->handle(Object(Illuminate\\Http\\Request))
#36 /Users/olasunkanmiarowolo/Documents/OAsis-RS/Archive/oasis-rpm/vendor/laravel/framework/src/Illuminate/Foundation/resources/server.php(16): require_once('/Users/olasunka...')
#37 {main}

[previous exception] [object] (ReflectionException(code: -1): Class \"App\\Http\\Middleware\\AuthGuard\" does not exist at /Users/olasunkanmiarowolo/Documents/OAsis-RS/Archive/oasis-rpm/vendor/laravel/framework/src/Illuminate/Container/Container.php:912)
[stacktrace]
#0 /Users/olasunkanmiarowolo/Documents/OAsis-RS/Archive/oasis-rpm/vendor/laravel/framework/src/Illuminate/Container/Container.php(912): ReflectionClass->__construct('App\\\\Http\\\\Middle...')
#1 /Users/olasunkanmiarowolo/Documents/OAsis-RS/Archive/oasis-rpm/vendor/laravel/framework/src/Illuminate/Container/Container.php(795): Illuminate\\Container\\Container->build('App\\\\Http\\\\Middle...')
#2 /Users/olasunkanmiarowolo/Documents/OAsis-RS/Archive/oasis-rpm/vendor/laravel/framework/src/Illuminate/Foundation/Application.php(986): Illuminate\\Container\\Container->resolve('App\\\\Http\\\\Middle...', Array, true)
#3 /Users/olasunkanmiarowolo/Documents/OAsis-RS/Archive/oasis-rpm/vendor/laravel/framework/src/Illuminate/Container/Container.php(731): Illuminate\\Foundation\\Application->resolve('App\\\\Http\\\\Middle...', Array)
#4 /Users/olasunkanmiarowolo/Documents/OAsis-RS/Archive/oasis-rpm/vendor/laravel/framework/src/Illuminate/Foundation/Application.php(971): Illuminate\\Container\\Container->make('App\\\\Http\\\\Middle...', Array)
#5 /Users/olasunkanmiarowolo/Documents/OAsis-RS/Archive/oasis-rpm/vendor/laravel/framework/src/Illuminate/Foundation/helpers.php(120): Illuminate\\Foundation\\Application->make('App\\\\Http\\\\Middle...', Array)
#6 /Users/olasunkanmiarowolo/Documents/OAsis-RS/Archive/oasis-rpm/app/Http/Controllers/AuthController.php(22): app('App\\\\Http\\\\Middle...')
#7 [internal function]: App\\Http\\Controllers\\AuthController->__construct()
#8 /Users/olasunkanmiarowolo/Documents/OAsis-RS/Archive/oasis-rpm/vendor/laravel/framework/src/Illuminate/Container/Container.php(952): ReflectionClass->newInstanceArgs(Array)
#9 /Users/olasunkanmiarowolo/Documents/OAsis-RS/Archive/oasis-rpm/vendor/laravel/framework/src/Illuminate/Container/Container.php(795): Illuminate\\Container\\Container->build('App\\\\Http\\\\Contro...')
#10 /Users/olasunkanmiarowolo/Documents/OAsis-RS/Archive/oasis-rpm/vendor/laravel/framework/src/Illuminate/Foundation/Application.php(986): Illuminate\\Container\\Container->resolve('App\\\\Http\\\\Contro...', Array, true)
#11 /Users/olasunkanmiarowolo/Documents/OAsis-RS/Archive/oasis-rpm/vendor/laravel/framework/src/Illuminate/Container/Container.php(731): Illuminate\\Foundation\\Application->resolve('App\\\\Http\\\\Contro...', Array)
#12 /Users/olasunkanmiarowolo/Documents/OAsis-RS/Archive/oasis-rpm/vendor/laravel/framework/src/Illuminate/Foundation/Application.php(971): Illuminate\\Container\\Container->make('App\\\\Http\\\\Contro...', Array)
#13 /Users/olasunkanmiarowolo/Documents/OAsis-RS/Archive/oasis-rpm/vendor/laravel/framework/src/Illuminate/Routing/Route.php(278): Illuminate\\Foundation\\Application->make('App\\\\Http\\\\Contro...')
#14 /Users/olasunkanmiarowolo/Documents/OAsis-RS/Archive/oasis-rpm/vendor/laravel/framework/src/Illuminate/Routing/Route.php(1104): Illuminate\\Routing\\Route->getController()
#15 /Users/olasunkanmiarowolo/Documents/OAsis-RS/Archive/oasis-rpm/vendor/laravel/framework/src/Illuminate/Routing/Route.php(1035): Illuminate\\Routing\\Route->controllerMiddleware()
#16 /Users/olasunkanmiarowolo/Documents/OAsis-RS/Archive/oasis-rpm/vendor/laravel/framework/src/Illuminate/Routing/Router.php(818): Illuminate\\Routing\\Route->gatherMiddleware()
#17 /Users/olasunkanmiarowolo/Documents/OAsis-RS/Archive/oasis-rpm/vendor/laravel/framework/src/Illuminate/Routing/Router.php(800): Illuminate\\Routing\\Router->gatherRouteMiddleware(Object(Illuminate\\Routing\\Route))
#18 /Users/olasunkanmiarowolo/Documents/OAsis-RS/Archive/oasis-rpm/vendor/laravel/framework/src/Illuminate/Routing/Router.php(784): Illuminate\\Routing\\Router->runRouteWithinStack(Object(Illuminate\\Routing\\Route), Object(Illuminate\\Http\\Request))
#19 /Users/olasunkanmiarowolo/Documents/OAsis-RS/Archive/oasis-rpm/vendor/laravel/framework/src/Illuminate/Routing/Router.php(748): Illuminate\\Routing\\Router->runRoute(Object(Illuminate\\Http\\Request), Object(Illuminate\\Routing\\Route))
#20 /Users/olasunkanmiarowolo/Documents/OAsis-RS/Archive/oasis-rpm/vendor/laravel/framework/src/Illuminate/Routing/Router.php(737): Illuminate\\Routing\\Router->dispatchToRoute(Object(Illuminate\\Http\\Request))
#21 /Users/olasunkanmiarowolo/Documents/OAsis-RS/Archive/oasis-rpm/vendor/laravel/framework/src/Illuminate/Foundation/Http/Kernel.php(200): Illuminate\\Routing\\Router->dispatch(Object(Illuminate\\Http\\Request))
#22 /Users/olasunkanmiarowolo/Documents/OAsis-RS/Archive/oasis-rpm/vendor/laravel/framework/src/Illuminate/Pipeline/Pipeline.php(144): Illuminate\\Foundation\\Http\\Kernel->{closure:Illuminate\\Foundation\\Http\\Kernel::dispatchToRouter():197}(Object(Illuminate\\Http\\Request))
#23 /Users/olasunkanmiarowolo/Documents/OAsis-RS/Archive/oasis-rpm/vendor/laravel/framework/src/Illuminate/Foundation/Http/Middleware/TransformsRequest.php(21): Illuminate\\Pipeline\\Pipeline->{closure:Illuminate\\Pipeline\\Pipeline::prepareDestination():142}(Object(Illuminate\\Http\\Request))
#24 /Users/olasunkanmiarowolo/Documents/OAsis-RS/Archive/oasis-rpm/vendor/laravel/framework/src/Illuminate/Foundation/Http/Middleware/ConvertEmptyStringsToNull.php(31): Illuminate\\Foundation\\Http\\Middleware\\TransformsRequest->handle(Object(Illuminate\\Http\\Request), Object(Closure))
#25 /Users/olasunkanmiarowolo/Documents/OAsis-RS/Archive/oasis-rpm/vendor/laravel/framework/src/Illuminate/Pipeline/Pipeline.php(183): Illuminate\\Foundation\\Http\\Middleware\\ConvertEmptyStringsToNull->handle(Object(Illuminate\\Http\\Request), Object(Closure))
#26 /Users/olasunkanmiarowolo/Documents/OAsis-RS/Archive/oasis-rpm/vendor/laravel/framework/src/Illuminate/Foundation/Http/Middleware/TransformsRequest.php(21): Illuminate\\Pipeline\\Pipeline->{closure:{closure:Illuminate\\Pipeline\\Pipeline::carry():158}:159}(Object(Illuminate\\Http\\Request))
#27 /Users/olasunkanmiarowolo/Documents/OAsis-RS/Archive/oasis-rpm/vendor/laravel/framework/src/Illuminate/Foundation/Http/Middleware/TrimStrings.php(40): Illuminate\\Foundation\\Http\\Middleware\\TransformsRequest->handle(Object(Illuminate\\Http\\Request), Object(Closure))
#28 /Users/olasunkanmiarowolo/Documents/OAsis-RS/Archive/oasis-rpm/vendor/laravel/framework/src/Illuminate/Pipeline/Pipeline.php(183): Illuminate\\Foundation\\Http\\Middleware\\TrimStrings->handle(Object(Illuminate\\Http\\Request), Object(Closure))
#29 /Users/olasunkanmiarowolo/Documents/OAsis-RS/Archive/oasis-rpm/vendor/laravel/framework/src/Illuminate/Foundation/Http/Middleware/ValidatePostSize.php(27): Illuminate\\Pipeline\\Pipeline->{closure:{closure:Illuminate\\Pipeline\\Pipeline::carry():158}:159}(Object(Illuminate\\Http\\Request))
#30 /Users/olasunkanmiarowolo/Documents/OAsis-RS/Archive/oasis-rpm/vendor/laravel/framework/src/Illuminate/Pipeline/Pipeline.php(183): Illuminate\\Foundation\\Http\\Middleware\\ValidatePostSize->handle(Object(Illuminate\\Http\\Request), Object(Closure))
#31 /Users/olasunkanmiarowolo/Documents/OAsis-RS/Archive/oasis-rpm/vendor/laravel/framework/src/Illuminate/Foundation/Http/Middleware/PreventRequestsDuringMaintenance.php(99): Illuminate\\Pipeline\\Pipeline->{closure:{closure:Illuminate\\Pipeline\\Pipeline::carry():158}:159}(Object(Illuminate\\Http\\Request))
#32 /Users/olasunkanmiarowolo/Documents/OAsis-RS/Archive/oasis-rpm/vendor/laravel/framework/src/Illuminate/Pipeline/Pipeline.php(183): Illuminate\\Foundation\\Http\\Middleware\\PreventRequestsDuringMaintenance->handle(Object(Illuminate\\Http\\Request), Object(Closure))
#33 /Users/olasunkanmiarowolo/Documents/OAsis-RS/Archive/oasis-rpm/vendor/laravel/framework/src/Illuminate/Pipeline/Pipeline.php(119): Illuminate\\Pipeline\\Pipeline->{closure:{closure:Illuminate\\Pipeline\\Pipeline::carry():158}:159}(Object(Illuminate\\Http\\Request))
#34 /Users/olasunkanmiarowolo/Documents/OAsis-RS/Archive/oasis-rpm/vendor/laravel/framework/src/Illuminate/Foundation/Http/Kernel.php(175): Illuminate\\Pipeline\\Pipeline->then(Object(Closure))
#35 /Users/olasunkanmiarowolo/Documents/OAsis-RS/Archive/oasis-rpm/vendor/laravel/framework/src/Illuminate/Foundation/Http/Kernel.php(144): Illuminate\\Foundation\\Http\\Kernel->sendRequestThroughRouter(Object(Illuminate\\Http\\Request))
#36 /Users/olasunkanmiarowolo/Documents/OAsis-RS/Archive/oasis-rpm/public/index.php(51): Illuminate\\Foundation\\Http\\Kernel->handle(Object(Illuminate\\Http\\Request))
#37 /Users/olasunkanmiarowolo/Documents/OAsis-RS/Archive/oasis-rpm/vendor/laravel/framework/src/Illuminate/Foundation/resources/server.php(16): require_once('/Users/olasunka...')
#38 {main}
"} 
[2026-09-22 06:03:37] local.ERROR: Target class [App\Http\Middleware\AuthGuard] does not exist. {"exception":"[object] (Illuminate\\Contracts\\Container\\BindingResolutionException(code: 0): Target class [App\\Http\\Middleware\\AuthGuard] does not exist. at /Users/olasunkanmiarowolo/Documents/OAsis-RS/Archive/oasis-rpm/vendor/laravel/framework/src/Illuminate/Container/Container.php:914)
[stacktrace]
#0 /Users/olasunkanmiarowolo/Documents/OAsis-RS/Archive/oasis-rpm/vendor/laravel/framework/src/Illuminate/Container/Container.php(795): Illuminate\\Container\\Container->build('App\\\\Http\\\\Middle...')
#1 /Users/olasunkanmiarowolo/Documents/OAsis-RS/Archive/oasis-rpm/vendor/laravel/framework/src/Illuminate/Foundation/Application.php(986): Illuminate\\Container\\Container->resolve('App\\\\Http\\\\Middle...', Array, true)
#2 /Users/olasunkanmiarowolo/Documents/OAsis-RS/Archive/oasis-rpm/vendor/laravel/framework/src/Illuminate/Container/Container.php(731): Illuminate\\Foundation\\Application->resolve('App\\\\Http\\\\Middle...', Array)
#3 /Users/olasunkanmiarowolo/Documents/OAsis-RS/Archive/oasis-rpm/vendor/laravel/framework/src/Illuminate/Foundation/Application.php(971): Illuminate\\Container\\Container->make('App\\\\Http\\\\Middle...', Array)
#4 /Users/olasunkanmiarowolo/Documents/OAsis-RS/Archive/oasis-rpm/vendor/laravel/framework/src/Illuminate/Foundation/helpers.php(120): Illuminate\\Foundation\\Application->make('App\\\\Http\\\\Middle...', Array)
#5 /Users/olasunkanmiarowolo/Documents/OAsis-RS/Archive/oasis-rpm/app/Http/Controllers/AuthController.php(22): app('App\\\\Http\\\\Middle...')
#6 [internal function]: App\\Http\\Controllers\\AuthController->__construct()
#7 /Users/olasunkanmiarowolo/Documents/OAsis-RS/Archive/oasis-rpm/vendor/laravel/framework/src/Illuminate/Container/Container.php(952): ReflectionClass->newInstanceArgs(Array)
#8 /Users/olasunkanmiarowolo/Documents/OAsis-RS/Archive/oasis-rpm/vendor/laravel/framework/src/Illuminate/Container/Container.php(795): Illuminate\\Container\\Container->build('App\\\\Http\\\\Contro...')
#9 /Users/olasunkanmiarowolo/Documents/OAsis-RS/Archive/oasis-rpm/vendor/laravel/framework/src/Illuminate/Foundation/Application.php(986): Illuminate\\Container\\Container->resolve('App\\\\Http\\\\Contro...', Array, true)
#10 /Users/olasunkanmiarowolo/Documents/OAsis-RS/Archive/oasis-rpm/vendor/laravel/framework/src/Illuminate/Container/Container.php(731): Illuminate\\Foundation\\Application->resolve('App\\\\Http\\\\Contro...', Array)
#11 /Users/olasunkanmiarowolo/Documents/OAsis-RS/Archive/oasis-rpm/vendor/laravel/framework/src/Illuminate/Foundation/Application.php(971): Illuminate\\Container\\Container->make('App\\\\Http\\\\Contro...', Array)
#12 /Users/olasunkanmiarowolo/Documents/OAsis-RS/Archive/oasis-rpm/vendor/laravel/framework/src/Illuminate/Routing/Route.php(278): Illuminate\\Foundation\\Application->make('App\\\\Http\\\\Contro...')
#13 /Users/olasunkanmiarowolo/Documents/OAsis-RS/Archive/oasis-rpm/vendor/laravel/framework/src/Illuminate/Routing/Route.php(1104): Illuminate\\Routing\\Route->getController()
#14 /Users/olasunkanmiarowolo/Documents/OAsis-RS/Archive/oasis-rpm/vendor/laravel/framework/src/Illuminate/Routing/Route.php(1035): Illuminate\\Routing\\Route->controllerMiddleware()
#15 /Users/olasunkanmiarowolo/Documents/OAsis-RS/Archive/oasis-rpm/vendor/laravel/framework/src/Illuminate/Routing/Router.php(818): Illuminate\\Routing\\Route->gatherMiddleware()
#16 /Users/olasunkanmiarowolo/Documents/OAsis-RS/Archive/oasis-rpm/vendor/laravel/framework/src/Illuminate/Routing/Router.php(800): Illuminate\\Routing\\Router->gatherRouteMiddleware(Object(Illuminate\\Routing\\Route))
#17 /Users/olasunkanmiarowolo/Documents/OAsis-RS/Archive/oasis-rpm/vendor/laravel/framework/src/Illuminate/Routing/Router.php(784): Illuminate\\Routing\\Router->runRouteWithinStack(Object(Illuminate\\Routing\\Route), Object(Illuminate\\Http\\Request))
#18 /Users/olasunkanmiarowolo/Documents/OAsis-RS/Archive/oasis-rpm/vendor/laravel/framework/src/Illuminate/Routing/Router.php(748): Illuminate\\Routing\\Router->runRoute(Object(Illuminate\\Http\\Request), Object(Illuminate\\Routing\\Route))
#19 /Users/olasunkanmiarowolo/Documents/OAsis-RS/Archive/oasis-rpm/vendor/laravel/framework/src/Illuminate/Routing/Router.php(737): Illuminate\\Routing\\Router->dispatchToRoute(Object(Illuminate\\Http\\Request))
#20 /Users/olasunkanmiarowolo/Documents/OAsis-RS/Archive/oasis-rpm/vendor/laravel/framework/src/Illuminate/Foundation/Http/Kernel.php(200): Illuminate\\Routing\\Router->dispatch(Object(Illuminate\\Http\\Request))
#21 /Users/olasunkanmiarowolo/Documents/OAsis-RS/Archive/oasis-rpm/vendor/laravel/framework/src/Illuminate/Pipeline/Pipeline.php(144): Illuminate\\Foundation\\Http\\Kernel->{closure:Illuminate\\Foundation\\Http\\Kernel::dispatchToRouter():197}(Object(Illuminate\\Http\\Request))
#22 /Users/olasunkanmiarowolo/Documents/OAsis-RS/Archive/oasis-rpm/vendor/laravel/framework/src/Illuminate/Foundation/Http/Middleware/TransformsRequest.php(21): Illuminate\\Pipeline\\Pipeline->{closure:Illuminate\\Pipeline\\Pipeline::prepareDestination():142}(Object(Illuminate\\Http\\Request))
#23 /Users/olasunkanmiarowolo/Documents/OAsis-RS/Archive/oasis-rpm/vendor/laravel/framework/src/Illuminate/Foundation/Http/Middleware/ConvertEmptyStringsToNull.php(31): Illuminate\\Foundation\\Http\\Middleware\\TransformsRequest->handle(Object(Illuminate\\Http\\Request), Object(Closure))
#24 /Users/olasunkanmiarowolo/Documents/OAsis-RS/Archive/oasis-rpm/vendor/laravel/framework/src/Illuminate/Pipeline/Pipeline.php(183): Illuminate\\Foundation\\Http\\Middleware\\ConvertEmptyStringsToNull->handle(Object(Illuminate\\Http\\Request), Object(Closure))
#25 /Users/olasunkanmiarowolo/Documents/OAsis-RS/Archive/oasis-rpm/vendor/laravel/framework/src/Illuminate/Foundation/Http/Middleware/TransformsRequest.php(21): Illuminate\\Pipeline\\Pipeline->{closure:{closure:Illuminate\\Pipeline\\Pipeline::carry():158}:159}(Object(Illuminate\\Http\\Request))
#26 /Users/olasunkanmiarowolo/Documents/OAsis-RS/Archive/oasis-rpm/vendor/laravel/framework/src/Illuminate/Foundation/Http/Middleware/TrimStrings.php(40): Illuminate\\Foundation\\Http\\Middleware\\TransformsRequest->handle(Object(Illuminate\\Http\\Request), Object(Closure))
#27 /Users/olasunkanmiarowolo/Documents/OAsis-RS/Archive/oasis-rpm/vendor/laravel/framework/src/Illuminate/Pipeline/Pipeline.php(183): Illuminate\\Foundation\\Http\\Middleware\\TrimStrings->handle(Object(Illuminate\\Http\\Request), Object(Closure))
#28 /Users/olasunkanmiarowolo/Documents/OAsis-RS/Archive/oasis-rpm/vendor/laravel/framework/src/Illuminate/Foundation/Http/Middleware/ValidatePostSize.php(27): Illuminate\\Pipeline\\Pipeline->{closure:{closure:Illuminate\\Pipeline\\Pipeline::carry():158}:159}(Object(Illuminate\\Http\\Request))
#29 /Users/olasunkanmiarowolo/Documents/OAsis-RS/Archive/oasis-rpm/vendor/laravel/framework/src/Illuminate/Pipeline/Pipeline.php(183): Illuminate\\Foundation\\Http\\Middleware\\ValidatePostSize->handle(Object(Illuminate\\Http\\Request), Object(Closure))
#30 /Users/olasunkanmiarowolo/Documents/OAsis-RS/Archive/oasis-rpm/vendor/laravel/framework/src/Illuminate/Foundation/Http/Middleware/PreventRequestsDuringMaintenance.php(99): Illuminate\\Pipeline\\Pipeline->{closure:{closure:Illuminate\\Pipeline\\Pipeline::carry():158}:159}(Object(Illuminate\\Http\\Request))
#31 /Users/olasunkanmiarowolo/Documents/OAsis-RS/Archive/oasis-rpm/vendor/laravel/framework/src/Illuminate/Pipeline/Pipeline.php(183): Illuminate\\Foundation\\Http\\Middleware\\PreventRequestsDuringMaintenance->handle(Object(Illuminate\\Http\\Request), Object(Closure))
#32 /Users/olasunkanmiarowolo/Documents/OAsis-RS/Archive/oasis-rpm/vendor/laravel/framework/src/Illuminate/Pipeline/Pipeline.php(119): Illuminate\\Pipeline\\Pipeline->{closure:{closure:Illuminate\\Pipeline\\Pipeline::carry():158}:159}(Object(Illuminate\\Http\\Request))
#33 /Users/olasunkanmiarowolo/Documents/OAsis-RS/Archive/oasis-rpm/vendor/laravel/framework/src/Illuminate/Foundation/Http/Kernel.php(175): Illuminate\\Pipeline\\Pipeline->then(Object(Closure))
#34 /Users/olasunkanmiarowolo/Documents/OAsis-RS/Archive/oasis-rpm/vendor/laravel/framework/src/Illuminate/Foundation/Http/Kernel.php(144): Illuminate\\Foundation\\Http\\Kernel->sendRequestThroughRouter(Object(Illuminate\\Http\\Request))
#35 /Users/olasunkanmiarowolo/Documents/OAsis-RS/Archive/oasis-rpm/public/index.php(51): Illuminate\\Foundation\\Http\\Kernel->handle(Object(Illuminate\\Http\\Request))
#36 /Users/olasunkanmiarowolo/Documents/OAsis-RS/Archive/oasis-rpm/vendor/laravel/framework/src/Illuminate/Foundation/resources/server.php(16): require_once('/Users/olasunka...')
#37 {main}

[previous exception] [object] (ReflectionException(code: -1): Class \"App\\Http\\Middleware\\AuthGuard\" does not exist at /Users/olasunkanmiarowolo/Documents/OAsis-RS/Archive/oasis-rpm/vendor/laravel/framework/src/Illuminate/Container/Container.php:912)
[stacktrace]
#0 /Users/olasunkanmiarowolo/Documents/OAsis-RS/Archive/oasis-rpm/vendor/laravel/framework/src/Illuminate/Container/Container.php(912): ReflectionClass->__construct('App\\\\Http\\\\Middle...')
#1 /Users/olasunkanmiarowolo/Documents/OAsis-RS/Archive/oasis-rpm/vendor/laravel/framework/src/Illuminate/Container/Container.php(795): Illuminate\\Container\\Container->build('App\\\\Http\\\\Middle...')
#2 /Users/olasunkanmiarowolo/Documents/OAsis-RS/Archive/oasis-rpm/vendor/laravel/framework/src/Illuminate/Foundation/Application.php(986): Illuminate\\Container\\Container->resolve('App\\\\Http\\\\Middle...', Array, true)
#3 /Users/olasunkanmiarowolo/Documents/OAsis-RS/Archive/oasis-rpm/vendor/laravel/framework/src/Illuminate/Container/Container.php(731): Illuminate\\Foundation\\Application->resolve('App\\\\Http\\\\Middle...', Array)
#4 /Users/olasunkanmiarowolo/Documents/OAsis-RS/Archive/oasis-rpm/vendor/laravel/framework/src/Illuminate/Foundation/Application.php(971): Illuminate\\Container\\Container->make('App\\\\Http\\\\Middle...', Array)
#5 /Users/olasunkanmiarowolo/Documents/OAsis-RS/Archive/oasis-rpm/vendor/laravel/framework/src/Illuminate/Foundation/helpers.php(120): Illuminate\\Foundation\\Application->make('App\\\\Http\\\\Middle...', Array)
#6 /Users/olasunkanmiarowolo/Documents/OAsis-RS/Archive/oasis-rpm/app/Http/Controllers/AuthController.php(22): app('App\\\\Http\\\\Middle...')
#7 [internal function]: App\\Http\\Controllers\\AuthController->__construct()
#8 /Users/olasunkanmiarowolo/Documents/OAsis-RS/Archive/oasis-rpm/vendor/laravel/framework/src/Illuminate/Container/Container.php(952): ReflectionClass->newInstanceArgs(Array)
#9 /Users/olasunkanmiarowolo/Documents/OAsis-RS/Archive/oasis-rpm/vendor/laravel/framework/src/Illuminate/Container/Container.php(795): Illuminate\\Container\\Container->build('App\\\\Http\\\\Contro...')
#10 /Users/olasunkanmiarowolo/Documents/OAsis-RS/Archive/oasis-rpm/vendor/laravel/framework/src/Illuminate/Foundation/Application.php(986): Illuminate\\Container\\Container->resolve('App\\\\Http\\\\Contro...', Array, true)
#11 /Users/olasunkanmiarowolo/Documents/OAsis-RS/Archive/oasis-rpm/vendor/laravel/framework/src/Illuminate/Container/Container.php(731): Illuminate\\Foundation\\Application->resolve('App\\\\Http\\\\Contro...', Array)
#12 /Users/olasunkanmiarowolo/Documents/OAsis-RS/Archive/oasis-rpm/vendor/laravel/framework/src/Illuminate/Foundation/Application.php(971): Illuminate\\Container\\Container->make('App\\\\Http\\\\Contro...', Array)
#13 /Users/olasunkanmiarowolo/Documents/OAsis-RS/Archive/oasis-rpm/vendor/laravel/framework/src/Illuminate/Routing/Route.php(278): Illuminate\\Foundation\\Application->make('App\\\\Http\\\\Contro...')
#14 /Users/olasunkanmiarowolo/Documents/OAsis-RS/Archive/oasis-rpm/vendor/laravel/framework/src/Illuminate/Routing/Route.php(1104): Illuminate\\Routing\\Route->getController()
#15 /Users/olasunkanmiarowolo/Documents/OAsis-RS/Archive/oasis-rpm/vendor/laravel/framework/src/Illuminate/Routing/Route.php(1035): Illuminate\\Routing\\Route->controllerMiddleware()
#16 /Users/olasunkanmiarowolo/Documents/OAsis-RS/Archive/oasis-rpm/vendor/laravel/framework/src/Illuminate/Routing/Router.php(818): Illuminate\\Routing\\Route->gatherMiddleware()
#17 /Users/olasunkanmiarowolo/Documents/OAsis-RS/Archive/oasis-rpm/vendor/laravel/framework/src/Illuminate/Routing/Router.php(800): Illuminate\\Routing\\Router->gatherRouteMiddleware(Object(Illuminate\\Routing\\Route))
#18 /Users/olasunkanmiarowolo/Documents/OAsis-RS/Archive/oasis-rpm/vendor/laravel/framework/src/Illuminate/Routing/Router.php(784): Illuminate\\Routing\\Router->runRouteWithinStack(Object(Illuminate\\Routing\\Route), Object(Illuminate\\Http\\Request))
#19 /Users/olasunkanmiarowolo/Documents/OAsis-RS/Archive/oasis-rpm/vendor/laravel/framework/src/Illuminate/Routing/Router.php(748): Illuminate\\Routing\\Router->runRoute(Object(Illuminate\\Http\\Request), Object(Illuminate\\Routing\\Route))
#20 /Users/olasunkanmiarowolo/Documents/OAsis-RS/Archive/oasis-rpm/vendor/laravel/framework/src/Illuminate/Routing/Router.php(737): Illuminate\\Routing\\Router->dispatchToRoute(Object(Illuminate\\Http\\Request))
#21 /Users/olasunkanmiarowolo/Documents/OAsis-RS/Archive/oasis-rpm/vendor/laravel/framework/src/Illuminate/Foundation/Http/Kernel.php(200): Illuminate\\Routing\\Router->dispatch(Object(Illuminate\\Http\\Request))
#22 /Users/olasunkanmiarowolo/Documents/OAsis-RS/Archive/oasis-rpm/vendor/laravel/framework/src/Illuminate/Pipeline/Pipeline.php(144): Illuminate\\Foundation\\Http\\Kernel->{closure:Illuminate\\Foundation\\Http\\Kernel::dispatchToRouter():197}(Object(Illuminate\\Http\\Request))
#23 /Users/olasunkanmiarowolo/Documents/OAsis-RS/Archive/oasis-rpm/vendor/laravel/framework/src/Illuminate/Foundation/Http/Middleware/TransformsRequest.php(21): Illuminate\\Pipeline\\Pipeline->{closure:Illuminate\\Pipeline\\Pipeline::prepareDestination():142}(Object(Illuminate\\Http\\Request))
#24 /Users/olasunkanmiarowolo/Documents/OAsis-RS/Archive/oasis-rpm/vendor/laravel/framework/src/Illuminate/Foundation/Http/Middleware/ConvertEmptyStringsToNull.php(31): Illuminate\\Foundation\\Http\\Middleware\\TransformsRequest->handle(Object(Illuminate\\Http\\Request), Object(Closure))
#25 /Users/olasunkanmiarowolo/Documents/OAsis-RS/Archive/oasis-rpm/vendor/laravel/framework/src/Illuminate/Pipeline/Pipeline.php(183): Illuminate\\Foundation\\Http\\Middleware\\ConvertEmptyStringsToNull->handle(Object(Illuminate\\Http\\Request), Object(Closure))
#26 /Users/olasunkanmiarowolo/Documents/OAsis-RS/Archive/oasis-rpm/vendor/laravel/framework/src/Illuminate/Foundation/Http/Middleware/TransformsRequest.php(21): Illuminate\\Pipeline\\Pipeline->{closure:{closure:Illuminate\\Pipeline\\Pipeline::carry():158}:159}(Object(Illuminate\\Http\\Request))
#27 /Users/olasunkanmiarowolo/Documents/OAsis-RS/Archive/oasis-rpm/vendor/laravel/framework/src/Illuminate/Foundation/Http/Middleware/TrimStrings.php(40): Illuminate\\Foundation\\Http\\Middleware\\TransformsRequest->handle(Object(Illuminate\\Http\\Request), Object(Closure))
#28 /Users/olasunkanmiarowolo/Documents/OAsis-RS/Archive/oasis-rpm/vendor/laravel/framework/src/Illuminate/Pipeline/Pipeline.php(183): Illuminate\\Foundation\\Http\\Middleware\\TrimStrings->handle(Object(Illuminate\\Http\\Request), Object(Closure))
#29 /Users/olasunkanmiarowolo/Documents/OAsis-RS/Archive/oasis-rpm/vendor/laravel/framework/src/Illuminate/Foundation/Http/Middleware/ValidatePostSize.php(27): Illuminate\\Pipeline\\Pipeline->{closure:{closure:Illuminate\\Pipeline\\Pipeline::carry():158}:159}(Object(Illuminate\\Http\\Request))
#30 /Users/olasunkanmiarowolo/Documents/OAsis-RS/Archive/oasis-rpm/vendor/laravel/framework/src/Illuminate/Pipeline/Pipeline.php(183): Illuminate\\Foundation\\Http\\Middleware\\ValidatePostSize->handle(Object(Illuminate\\Http\\Request), Object(Closure))
#31 /Users/olasunkanmiarowolo/Documents/OAsis-RS/Archive/oasis-rpm/vendor/laravel/framework/src/Illuminate/Foundation/Http/Middleware/PreventRequestsDuringMaintenance.php(99): Illuminate\\Pipeline\\Pipeline->{closure:{closure:Illuminate\\Pipeline\\Pipeline::carry():158}:159}(Object(Illuminate\\Http\\Request))
#32 /Users/olasunkanmiarowolo/Documents/OAsis-RS/Archive/oasis-rpm/vendor/laravel/framework/src/Illuminate/Pipeline/Pipeline.php(183): Illuminate\\Foundation\\Http\\Middleware\\PreventRequestsDuringMaintenance->handle(Object(Illuminate\\Http\\Request), Object(Closure))
#33 /Users/olasunkanmiarowolo/Documents/OAsis-RS/Archive/oasis-rpm/vendor/laravel/framework/src/Illuminate/Pipeline/Pipeline.php(119): Illuminate\\Pipeline\\Pipeline->{closure:{closure:Illuminate\\Pipeline\\Pipeline::carry():158}:159}(Object(Illuminate\\Http\\Request))
#34 /Users/olasunkanmiarowolo/Documents/OAsis-RS/Archive/oasis-rpm/vendor/laravel/framework/src/Illuminate/Foundation/Http/Kernel.php(175): Illuminate\\Pipeline\\Pipeline->then(Object(Closure))
#35 /Users/olasunkanmiarowolo/Documents/OAsis-RS/Archive/oasis-rpm/vendor/laravel/framework/src/Illuminate/Foundation/Http/Kernel.php(144): Illuminate\\Foundation\\Http\\Kernel->sendRequestThroughRouter(Object(Illuminate\\Http\\Request))
#36 /Users/olasunkanmiarowolo/Documents/OAsis-RS/Archive/oasis-rpm/public/index.php(51): Illuminate\\Foundation\\Http\\Kernel->handle(Object(Illuminate\\Http\\Request))
#37 /Users/olasunkanmiarowolo/Documents/OAsis-RS/Archive/oasis-rpm/vendor/laravel/framework/src/Illuminate/Foundation/resources/server.php(16): require_once('/Users/olasunka...')
#38 {main}
"} 
[2026-09-22 06:03:46] local.ERROR: Target class [App\Http\Middleware\AuthGuard] does not exist. {"exception":"[object] (Illuminate\\Contracts\\Container\\BindingResolutionException(code: 0): Target class [App\\Http\\Middleware\\AuthGuard] does not exist. at /Users/olasunkanmiarowolo/Documents/OAsis-RS/Archive/oasis-rpm/vendor/laravel/framework/src/Illuminate/Container/Container.php:914)
[stacktrace]
#0 /Users/olasunkanmiarowolo/Documents/OAsis-RS/Archive/oasis-rpm/vendor/laravel/framework/src/Illuminate/Container/Container.php(795): Illuminate\\Container\\Container->build('App\\\\Http\\\\Middle...')
#1 /Users/olasunkanmiarowolo/Documents/OAsis-RS/Archive/oasis-rpm/vendor/laravel/framework/src/Illuminate/Foundation/Application.php(986): Illuminate\\Container\\Container->resolve('App\\\\Http\\\\Middle...', Array, true)
#2 /Users/olasunkanmiarowolo/Documents/OAsis-RS/Archive/oasis-rpm/vendor/laravel/framework/src/Illuminate/Container/Container.php(731): Illuminate\\Foundation\\Application->resolve('App\\\\Http\\\\Middle...', Array)
#3 /Users/olasunkanmiarowolo/Documents/OAsis-RS/Archive/oasis-rpm/vendor/laravel/framework/src/Illuminate/Foundation/Application.php(971): Illuminate\\Container\\Container->make('App\\\\Http\\\\Middle...', Array)
#4 /Users/olasunkanmiarowolo/Documents/OAsis-RS/Archive/oasis-rpm/vendor/laravel/framework/src/Illuminate/Foundation/helpers.php(120): Illuminate\\Foundation\\Application->make('App\\\\Http\\\\Middle...', Array)
#5 /Users/olasunkanmiarowolo/Documents/OAsis-RS/Archive/oasis-rpm/app/Http/Controllers/AuthController.php(22): app('App\\\\Http\\\\Middle...')
#6 [internal function]: App\\Http\\Controllers\\AuthController->__construct()
#7 /Users/olasunkanmiarowolo/Documents/OAsis-RS/Archive/oasis-rpm/vendor/laravel/framework/src/Illuminate/Container/Container.php(952): ReflectionClass->newInstanceArgs(Array)
#8 /Users/olasunkanmiarowolo/Documents/OAsis-RS/Archive/oasis-rpm/vendor/laravel/framework/src/Illuminate/Container/Container.php(795): Illuminate\\Container\\Container->build('App\\\\Http\\\\Contro...')
#9 /Users/olasunkanmiarowolo/Documents/OAsis-RS/Archive/oasis-rpm/vendor/laravel/framework/src/Illuminate/Foundation/Application.php(986): Illuminate\\Container\\Container->resolve('App\\\\Http\\\\Contro...', Array, true)
#10 /Users/olasunkanmiarowolo/Documents/OAsis-RS/Archive/oasis-rpm/vendor/laravel/framework/src/Illuminate/Container/Container.php(731): Illuminate\\Foundation\\Application->resolve('App\\\\Http\\\\Contro...', Array)
#11 /Users/olasunkanmiarowolo/Documents/OAsis-RS/Archive/oasis-rpm/vendor/laravel/framework/src/Illuminate/Foundation/Application.php(971): Illuminate\\Container\\Container->make('App\\\\Http\\\\Contro...', Array)
#12 /Users/olasunkanmiarowolo/Documents/OAsis-RS/Archive/oasis-rpm/vendor/laravel/framework/src/Illuminate/Routing/Route.php(278): Illuminate\\Foundation\\Application->make('App\\\\Http\\\\Contro...')
#13 /Users/olasunkanmiarowolo/Documents/OAsis-RS/Archive/oasis-rpm/vendor/laravel/framework/src/Illuminate/Routing/Route.php(1104): Illuminate\\Routing\\Route->getController()
#14 /Users/olasunkanmiarowolo/Documents/OAsis-RS/Archive/oasis-rpm/vendor/laravel/framework/src/Illuminate/Routing/Route.php(1035): Illuminate\\Routing\\Route->controllerMiddleware()
#15 /Users/olasunkanmiarowolo/Documents/OAsis-RS/Archive/oasis-rpm/vendor/laravel/framework/src/Illuminate/Routing/Router.php(818): Illuminate\\Routing\\Route->gatherMiddleware()
#16 /Users/olasunkanmiarowolo/Documents/OAsis-RS/Archive/oasis-rpm/vendor/laravel/framework/src/Illuminate/Routing/Router.php(800): Illuminate\\Routing\\Router->gatherRouteMiddleware(Object(Illuminate\\Routing\\Route))
#17 /Users/olasunkanmiarowolo/Documents/OAsis-RS/Archive/oasis-rpm/vendor/laravel/framework/src/Illuminate/Routing/Router.php(784): Illuminate\\Routing\\Router->runRouteWithinStack(Object(Illuminate\\Routing\\Route), Object(Illuminate\\Http\\Request))
#18 /Users/olasunkanmiarowolo/Documents/OAsis-RS/Archive/oasis-rpm/vendor/laravel/framework/src/Illuminate/Routing/Router.php(748): Illuminate\\Routing\\Router->runRoute(Object(Illuminate\\Http\\Request), Object(Illuminate\\Routing\\Route))
#19 /Users/olasunkanmiarowolo/Documents/OAsis-RS/Archive/oasis-rpm/vendor/laravel/framework/src/Illuminate/Routing/Router.php(737): Illuminate\\Routing\\Router->dispatchToRoute(Object(Illuminate\\Http\\Request))
#20 /Users/olasunkanmiarowolo/Documents/OAsis-RS/Archive/oasis-rpm/vendor/laravel/framework/src/Illuminate/Foundation/Http/Kernel.php(200): Illuminate\\Routing\\Router->dispatch(Object(Illuminate\\Http\\Request))
#21 /Users/olasunkanmiarowolo/Documents/OAsis-RS/Archive/oasis-rpm/vendor/laravel/framework/src/Illuminate/Pipeline/Pipeline.php(144): Illuminate\\Foundation\\Http\\Kernel->{closure:Illuminate\\Foundation\\Http\\Kernel::dispatchToRouter():197}(Object(Illuminate\\Http\\Request))
#22 /Users/olasunkanmiarowolo/Documents/OAsis-RS/Archive/oasis-rpm/vendor/laravel/framework/src/Illuminate/Foundation/Http/Middleware/TransformsRequest.php(21): Illuminate\\Pipeline\\Pipeline->{closure:Illuminate\\Pipeline\\Pipeline::prepareDestination():142}(Object(Illuminate\\Http\\Request))
#23 /Users/olasunkanmiarowolo/Documents/OAsis-RS/Archive/oasis-rpm/vendor/laravel/framework/src/Illuminate/Foundation/Http/Middleware/ConvertEmptyStringsToNull.php(31): Illuminate\\Foundation\\Http\\Middleware\\TransformsRequest->handle(Object(Illuminate\\Http\\Request), Object(Closure))
#24 /Users/olasunkanmiarowolo/Documents/OAsis-RS/Archive/oasis-rpm/vendor/laravel/framework/src/Illuminate/Pipeline/Pipeline.php(183): Illuminate\\Foundation\\Http\\Middleware\\ConvertEmptyStringsToNull->handle(Object(Illuminate\\Http\\Request), Object(Closure))
#25 /Users/olasunkanmiarowolo/Documents/OAsis-RS/Archive/oasis-rpm/vendor/laravel/framework/src/Illuminate/Foundation/Http/Middleware/TransformsRequest.php(21): Illuminate\\Pipeline\\Pipeline->{closure:{closure:Illuminate\\Pipeline\\Pipeline::carry():158}:159}(Object(Illuminate\\Http\\Request))
#26 /Users/olasunkanmiarowolo/Documents/OAsis-RS/Archive/oasis-rpm/vendor/laravel/framework/src/Illuminate/Foundation/Http/Middleware/TrimStrings.php(40): Illuminate\\Foundation\\Http\\Middleware\\TransformsRequest->handle(Object(Illuminate\\Http\\Request), Object(Closure))
#27 /Users/olasunkanmiarowolo/Documents/OAsis-RS/Archive/oasis-rpm/vendor/laravel/framework/src/Illuminate/Pipeline/Pipeline.php(183): Illuminate\\Foundation\\Http\\Middleware\\TrimStrings->handle(Object(Illuminate\\Http\\Request), Object(Closure))
#28 /Users/olasunkanmiarowolo/Documents/OAsis-RS/Archive/oasis-rpm/vendor/laravel/framework/src/Illuminate/Foundation/Http/Middleware/ValidatePostSize.php(27): Illuminate\\Pipeline\\Pipeline->{closure:{closure:Illuminate\\Pipeline\\Pipeline::carry():158}:159}(Object(Illuminate\\Http\\Request))
#29 /Users/olasunkanmiarowolo/Documents/OAsis-RS/Archive/oasis-rpm/vendor/laravel/framework/src/Illuminate/Pipeline/Pipeline.php(183): Illuminate\\Foundation\\Http\\Middleware\\ValidatePostSize->handle(Object(Illuminate\\Http\\Request), Object(Closure))
#30 /Users/olasunkanmiarowolo/Documents/OAsis-RS/Archive/oasis-rpm/vendor/laravel/framework/src/Illuminate/Foundation/Http/Middleware/PreventRequestsDuringMaintenance.php(99): Illuminate\\Pipeline\\Pipeline->{closure:{closure:Illuminate\\Pipeline\\Pipeline::carry():158}:159}(Object(Illuminate\\Http\\Request))
#31 /Users/olasunkanmiarowolo/Documents/OAsis-RS/Archive/oasis-rpm/vendor/laravel/framework/src/Illuminate/Pipeline/Pipeline.php(183): Illuminate\\Foundation\\Http\\Middleware\\PreventRequestsDuringMaintenance->handle(Object(Illuminate\\Http\\Request), Object(Closure))
#32 /Users/olasunkanmiarowolo/Documents/OAsis-RS/Archive/oasis-rpm/vendor/laravel/framework/src/Illuminate/Pipeline/Pipeline.php(119): Illuminate\\Pipeline\\Pipeline->{closure:{closure:Illuminate\\Pipeline\\Pipeline::carry():158}:159}(Object(Illuminate\\Http\\Request))
#33 /Users/olasunkanmiarowolo/Documents/OAsis-RS/Archive/oasis-rpm/vendor/laravel/framework/src/Illuminate/Foundation/Http/Kernel.php(175): Illuminate\\Pipeline\\Pipeline->then(Object(Closure))
#34 /Users/olasunkanmiarowolo/Documents/OAsis-RS/Archive/oasis-rpm/vendor/laravel/framework/src/Illuminate/Foundation/Http/Kernel.php(144): Illuminate\\Foundation\\Http\\Kernel->sendRequestThroughRouter(Object(Illuminate\\Http\\Request))
#35 /Users/olasunkanmiarowolo/Documents/OAsis-RS/Archive/oasis-rpm/public/index.php(51): Illuminate\\Foundation\\Http\\Kernel->handle(Object(Illuminate\\Http\\Request))
#36 /Users/olasunkanmiarowolo/Documents/OAsis-RS/Archive/oasis-rpm/vendor/laravel/framework/src/Illuminate/Foundation/resources/server.php(16): require_once('/Users/olasunka...')
#37 {main}

[previous exception] [object] (ReflectionException(code: -1): Class \"App\\Http\\Middleware\\AuthGuard\" does not exist at /Users/olasunkanmiarowolo/Documents/OAsis-RS/Archive/oasis-rpm/vendor/laravel/framework/src/Illuminate/Container/Container.php:912)
[stacktrace]
#0 /Users/olasunkanmiarowolo/Documents/OAsis-RS/Archive/oasis-rpm/vendor/laravel/framework/src/Illuminate/Container/Container.php(912): ReflectionClass->__construct('App\\\\Http\\\\Middle...')
#1 /Users/olasunkanmiarowolo/Documents/OAsis-RS/Archive/oasis-rpm/vendor/laravel/framework/src/Illuminate/Container/Container.php(795): Illuminate\\Container\\Container->build('App\\\\Http\\\\Middle...')
#2 /Users/olasunkanmiarowolo/Documents/OAsis-RS/Archive/oasis-rpm/vendor/laravel/framework/src/Illuminate/Foundation/Application.php(986): Illuminate\\Container\\Container->resolve('App\\\\Http\\\\Middle...', Array, true)
#3 /Users/olasunkanmiarowolo/Documents/OAsis-RS/Archive/oasis-rpm/vendor/laravel/framework/src/Illuminate/Container/Container.php(731): Illuminate\\Foundation\\Application->resolve('App\\\\Http\\\\Middle...', Array)
#4 /Users/olasunkanmiarowolo/Documents/OAsis-RS/Archive/oasis-rpm/vendor/laravel/framework/src/Illuminate/Foundation/Application.php(971): Illuminate\\Container\\Container->make('App\\\\Http\\\\Middle...', Array)
#5 /Users/olasunkanmiarowolo/Documents/OAsis-RS/Archive/oasis-rpm/vendor/laravel/framework/src/Illuminate/Foundation/helpers.php(120): Illuminate\\Foundation\\Application->make('App\\\\Http\\\\Middle...', Array)
#6 /Users/olasunkanmiarowolo/Documents/OAsis-RS/Archive/oasis-rpm/app/Http/Controllers/AuthController.php(22): app('App\\\\Http\\\\Middle...')
#7 [internal function]: App\\Http\\Controllers\\AuthController->__construct()
#8 /Users/olasunkanmiarowolo/Documents/OAsis-RS/Archive/oasis-rpm/vendor/laravel/framework/src/Illuminate/Container/Container.php(952): ReflectionClass->newInstanceArgs(Array)
#9 /Users/olasunkanmiarowolo/Documents/OAsis-RS/Archive/oasis-rpm/vendor/laravel/framework/src/Illuminate/Container/Container.php(795): Illuminate\\Container\\Container->build('App\\\\Http\\\\Contro...')
#10 /Users/olasunkanmiarowolo/Documents/OAsis-RS/Archive/oasis-rpm/vendor/laravel/framework/src/Illuminate/Foundation/Application.php(986): Illuminate\\Container\\Container->resolve('App\\\\Http\\\\Contro...', Array, true)
#11 /Users/olasunkanmiarowolo/Documents/OAsis-RS/Archive/oasis-rpm/vendor/laravel/framework/src/Illuminate/Container/Container.php(731): Illuminate\\Foundation\\Application->resolve('App\\\\Http\\\\Contro...', Array)
#12 /Users/olasunkanmiarowolo/Documents/OAsis-RS/Archive/oasis-rpm/vendor/laravel/framework/src/Illuminate/Foundation/Application.php(971): Illuminate\\Container\\Container->make('App\\\\Http\\\\Contro...', Array)
#13 /Users/olasunkanmiarowolo/Documents/OAsis-RS/Archive/oasis-rpm/vendor/laravel/framework/src/Illuminate/Routing/Route.php(278): Illuminate\\Foundation\\Application->make('App\\\\Http\\\\Contro...')
#14 /Users/olasunkanmiarowolo/Documents/OAsis-RS/Archive/oasis-rpm/vendor/laravel/framework/src/Illuminate/Routing/Route.php(1104): Illuminate\\Routing\\Route->getController()
#15 /Users/olasunkanmiarowolo/Documents/OAsis-RS/Archive/oasis-rpm/vendor/laravel/framework/src/Illuminate/Routing/Route.php(1035): Illuminate\\Routing\\Route->controllerMiddleware()
#16 /Users/olasunkanmiarowolo/Documents/OAsis-RS/Archive/oasis-rpm/vendor/laravel/framework/src/Illuminate/Routing/Router.php(818): Illuminate\\Routing\\Route->gatherMiddleware()
#17 /Users/olasunkanmiarowolo/Documents/OAsis-RS/Archive/oasis-rpm/vendor/laravel/framework/src/Illuminate/Routing/Router.php(800): Illuminate\\Routing\\Router->gatherRouteMiddleware(Object(Illuminate\\Routing\\Route))
#18 /Users/olasunkanmiarowolo/Documents/OAsis-RS/Archive/oasis-rpm/vendor/laravel/framework/src/Illuminate/Routing/Router.php(784): Illuminate\\Routing\\Router->runRouteWithinStack(Object(Illuminate\\Routing\\Route), Object(Illuminate\\Http\\Request))
#19 /Users/olasunkanmiarowolo/Documents/OAsis-RS/Archive/oasis-rpm/vendor/laravel/framework/src/Illuminate/Routing/Router.php(748): Illuminate\\Routing\\Router->runRoute(Object(Illuminate\\Http\\Request), Object(Illuminate\\Routing\\Route))
#20 /Users/olasunkanmiarowolo/Documents/OAsis-RS/Archive/oasis-rpm/vendor/laravel/framework/src/Illuminate/Routing/Router.php(737): Illuminate\\Routing\\Router->dispatchToRoute(Object(Illuminate\\Http\\Request))
#21 /Users/olasunkanmiarowolo/Documents/OAsis-RS/Archive/oasis-rpm/vendor/laravel/framework/src/Illuminate/Foundation/Http/Kernel.php(200): Illuminate\\Routing\\Router->dispatch(Object(Illuminate\\Http\\Request))
#22 /Users/olasunkanmiarowolo/Documents/OAsis-RS/Archive/oasis-rpm/vendor/laravel/framework/src/Illuminate/Pipeline/Pipeline.php(144): Illuminate\\Foundation\\Http\\Kernel->{closure:Illuminate\\Foundation\\Http\\Kernel::dispatchToRouter():197}(Object(Illuminate\\Http\\Request))
#23 /Users/olasunkanmiarowolo/Documents/OAsis-RS/Archive/oasis-rpm/vendor/laravel/framework/src/Illuminate/Foundation/Http/Middleware/TransformsRequest.php(21): Illuminate\\Pipeline\\Pipeline->{closure:Illuminate\\Pipeline\\Pipeline::prepareDestination():142}(Object(Illuminate\\Http\\Request))
#24 /Users/olasunkanmiarowolo/Documents/OAsis-RS/Archive/oasis-rpm/vendor/laravel/framework/src/Illuminate/Foundation/Http/Middleware/ConvertEmptyStringsToNull.php(31): Illuminate\\Foundation\\Http\\Middleware\\TransformsRequest->handle(Object(Illuminate\\Http\\Request), Object(Closure))
#25 /Users/olasunkanmiarowolo/Documents/OAsis-RS/Archive/oasis-rpm/vendor/laravel/framework/src/Illuminate/Pipeline/Pipeline.php(183): Illuminate\\Foundation\\Http\\Middleware\\ConvertEmptyStringsToNull->handle(Object(Illuminate\\Http\\Request), Object(Closure))
#26 /Users/olasunkanmiarowolo/Documents/OAsis-RS/Archive/oasis-rpm/vendor/laravel/framework/src/Illuminate/Foundation/Http/Middleware/TransformsRequest.php(21): Illuminate\\Pipeline\\Pipeline->{closure:{closure:Illuminate\\Pipeline\\Pipeline::carry():158}:159}(Object(Illuminate\\Http\\Request))
#27 /Users/olasunkanmiarowolo/Documents/OAsis-RS/Archive/oasis-rpm/vendor/laravel/framework/src/Illuminate/Foundation/Http/Middleware/TrimStrings.php(40): Illuminate\\Foundation\\Http\\Middleware\\TransformsRequest->handle(Object(Illuminate\\Http\\Request), Object(Closure))
#28 /Users/olasunkanmiarowolo/Documents/OAsis-RS/Archive/oasis-rpm/vendor/laravel/framework/src/Illuminate/Pipeline/Pipeline.php(183): Illuminate\\Foundation\\Http\\Middleware\\TrimStrings->handle(Object(Illuminate\\Http\\Request), Object(Closure))
#29 /Users/olasunkanmiarowolo/Documents/OAsis-RS/Archive/oasis-rpm/vendor/laravel/framework/src/Illuminate/Foundation/Http/Middleware/ValidatePostSize.php(27): Illuminate\\Pipeline\\Pipeline->{closure:{closure:Illuminate\\Pipeline\\Pipeline::carry():158}:159}(Object(Illuminate\\Http\\Request))
#30 /Users/olasunkanmiarowolo/Documents/OAsis-RS/Archive/oasis-rpm/vendor/laravel/framework/src/Illuminate/Pipeline/Pipeline.php(183): Illuminate\\Foundation\\Http\\Middleware\\ValidatePostSize->handle(Object(Illuminate\\Http\\Request), Object(Closure))
#31 /Users/olasunkanmiarowolo/Documents/OAsis-RS/Archive/oasis-rpm/vendor/laravel/framework/src/Illuminate/Foundation/Http/Middleware/PreventRequestsDuringMaintenance.php(99): Illuminate\\Pipeline\\Pipeline->{closure:{closure:Illuminate\\Pipeline\\Pipeline::carry():158}:159}(Object(Illuminate\\Http\\Request))
#32 /Users/olasunkanmiarowolo/Documents/OAsis-RS/Archive/oasis-rpm/vendor/laravel/framework/src/Illuminate/Pipeline/Pipeline.php(183): Illuminate\\Foundation\\Http\\Middleware\\PreventRequestsDuringMaintenance->handle(Object(Illuminate\\Http\\Request), Object(Closure))
#33 /Users/olasunkanmiarowolo/Documents/OAsis-RS/Archive/oasis-rpm/vendor/laravel/framework/src/Illuminate/Pipeline/Pipeline.php(119): Illuminate\\Pipeline\\Pipeline->{closure:{closure:Illuminate\\Pipeline\\Pipeline::carry():158}:159}(Object(Illuminate\\Http\\Request))
#34 /Users/olasunkanmiarowolo/Documents/OAsis-RS/Archive/oasis-rpm/vendor/laravel/framework/src/Illuminate/Foundation/Http/Kernel.php(175): Illuminate\\Pipeline\\Pipeline->then(Object(Closure))
#35 /Users/olasunkanmiarowolo/Documents/OAsis-RS/Archive/oasis-rpm/vendor/laravel/framework/src/Illuminate/Foundation/Http/Kernel.php(144): Illuminate\\Foundation\\Http\\Kernel->sendRequestThroughRouter(Object(Illuminate\\Http\\Request))
#36 /Users/olasunkanmiarowolo/Documents/OAsis-RS/Archive/oasis-rpm/public/index.php(51): Illuminate\\Foundation\\Http\\Kernel->handle(Object(Illuminate\\Http\\Request))
#37 /Users/olasunkanmiarowolo/Documents/OAsis-RS/Archive/oasis-rpm/vendor/laravel/framework/src/Illuminate/Foundation/resources/server.php(16): require_once('/Users/olasunka...')
#38 {main}
"} 
[2026-09-22 06:07:18] local.ERROR: PHP Parse error: Syntax error, unexpected T_OBJECT_OPERATOR on line 1 {"exception":"[object] (Psy\\Exception\\ParseErrorException(code: 0): PHP Parse error: Syntax error, unexpected T_OBJECT_OPERATOR on line 1 at /Users/olasunkanmiarowolo/Documents/OAsis-RS/Archive/oasis-rpm/vendor/psy/psysh/src/Exception/ParseErrorException.php:44)
[stacktrace]
#0 /Users/olasunkanmiarowolo/Documents/OAsis-RS/Archive/oasis-rpm/vendor/psy/psysh/src/CodeCleaner.php(657): Psy\\Exception\\ParseErrorException::fromParseError(Object(PhpParser\\Error))
#1 /Users/olasunkanmiarowolo/Documents/OAsis-RS/Archive/oasis-rpm/vendor/psy/psysh/src/CodeCleaner.php(273): Psy\\CodeCleaner->parse('<?php echo json...', false)
#2 /Users/olasunkanmiarowolo/Documents/OAsis-RS/Archive/oasis-rpm/vendor/psy/psysh/src/Shell.php(1399): Psy\\CodeCleaner->clean(Array, false)
#3 /Users/olasunkanmiarowolo/Documents/OAsis-RS/Archive/oasis-rpm/vendor/psy/psysh/src/Shell.php(1506): Psy\\Shell->appendCode('echo json_encod...', true, false)
#4 /Users/olasunkanmiarowolo/Documents/OAsis-RS/Archive/oasis-rpm/vendor/psy/psysh/src/Shell.php(2215): Psy\\Shell->setCode('echo json_encod...', true)
#5 /Users/olasunkanmiarowolo/Documents/OAsis-RS/Archive/oasis-rpm/vendor/laravel/tinker/src/Console/TinkerCommand.php(77): Psy\\Shell->execute('echo json_encod...')
#6 /Users/olasunkanmiarowolo/Documents/OAsis-RS/Archive/oasis-rpm/vendor/laravel/framework/src/Illuminate/Container/BoundMethod.php(36): Laravel\\Tinker\\Console\\TinkerCommand->handle()
#7 /Users/olasunkanmiarowolo/Documents/OAsis-RS/Archive/oasis-rpm/vendor/laravel/framework/src/Illuminate/Container/Util.php(41): Illuminate\\Container\\BoundMethod::{closure:Illuminate\\Container\\BoundMethod::call():35}()
#8 /Users/olasunkanmiarowolo/Documents/OAsis-RS/Archive/oasis-rpm/vendor/laravel/framework/src/Illuminate/Container/BoundMethod.php(93): Illuminate\\Container\\Util::unwrapIfClosure(Object(Closure))
#9 /Users/olasunkanmiarowolo/Documents/OAsis-RS/Archive/oasis-rpm/vendor/laravel/framework/src/Illuminate/Container/BoundMethod.php(35): Illuminate\\Container\\BoundMethod::callBoundMethod(Object(Illuminate\\Foundation\\Application), Array, Object(Closure))
#10 /Users/olasunkanmiarowolo/Documents/OAsis-RS/Archive/oasis-rpm/vendor/laravel/framework/src/Illuminate/Container/Container.php(662): Illuminate\\Container\\BoundMethod::call(Object(Illuminate\\Foundation\\Application), Array, Array, NULL)
#11 /Users/olasunkanmiarowolo/Documents/OAsis-RS/Archive/oasis-rpm/vendor/laravel/framework/src/Illuminate/Console/Command.php(211): Illuminate\\Container\\Container->call(Array)
#12 /Users/olasunkanmiarowolo/Documents/OAsis-RS/Archive/oasis-rpm/vendor/symfony/console/Command/Command.php(326): Illuminate\\Console\\Command->execute(Object(Symfony\\Component\\Console\\Input\\ArgvInput), Object(Illuminate\\Console\\OutputStyle))
#13 /Users/olasunkanmiarowolo/Documents/OAsis-RS/Archive/oasis-rpm/vendor/laravel/framework/src/Illuminate/Console/Command.php(180): Symfony\\Component\\Console\\Command\\Command->run(Object(Symfony\\Component\\Console\\Input\\ArgvInput), Object(Illuminate\\Console\\OutputStyle))
#14 /Users/olasunkanmiarowolo/Documents/OAsis-RS/Archive/oasis-rpm/vendor/symfony/console/Application.php(1121): Illuminate\\Console\\Command->run(Object(Symfony\\Component\\Console\\Input\\ArgvInput), Object(Symfony\\Component\\Console\\Output\\ConsoleOutput))
#15 /Users/olasunkanmiarowolo/Documents/OAsis-RS/Archive/oasis-rpm/vendor/symfony/console/Application.php(324): Symfony\\Component\\Console\\Application->doRunCommand(Object(Laravel\\Tinker\\Console\\TinkerCommand), Object(Symfony\\Component\\Console\\Input\\ArgvInput), Object(Symfony\\Component\\Console\\Output\\ConsoleOutput))
#16 /Users/olasunkanmiarowolo/Documents/OAsis-RS/Archive/oasis-rpm/vendor/symfony/console/Application.php(175): Symfony\\Component\\Console\\Application->doRun(Object(Symfony\\Component\\Console\\Input\\ArgvInput), Object(Symfony\\Component\\Console\\Output\\ConsoleOutput))
#17 /Users/olasunkanmiarowolo/Documents/OAsis-RS/Archive/oasis-rpm/vendor/laravel/framework/src/Illuminate/Foundation/Console/Kernel.php(201): Symfony\\Component\\Console\\Application->run(Object(Symfony\\Component\\Console\\Input\\ArgvInput), Object(Symfony\\Component\\Console\\Output\\ConsoleOutput))
#18 /Users/olasunkanmiarowolo/Documents/OAsis-RS/Archive/oasis-rpm/artisan(35): Illuminate\\Foundation\\Console\\Kernel->handle(Object(Symfony\\Component\\Console\\Input\\ArgvInput), Object(Symfony\\Component\\Console\\Output\\ConsoleOutput))
#19 {main}
"} 
[2026-09-22 07:07:11] local.ERROR: Class "Database\Seeders\Hash" not found {"exception":"[object] (Error(code: 0): Class \"Database\\Seeders\\Hash\" not found at /Users/olasunkanmiarowolo/Documents/OAsis-RS/Archive/oasis-rpm/database/seeders/StudentSeeder.php:135)
[stacktrace]
#0 /Users/olasunkanmiarowolo/Documents/OAsis-RS/Archive/oasis-rpm/vendor/laravel/framework/src/Illuminate/Container/BoundMethod.php(36): Database\\Seeders\\StudentSeeder->run()
#1 /Users/olasunkanmiarowolo/Documents/OAsis-RS/Archive/oasis-rpm/vendor/laravel/framework/src/Illuminate/Container/Util.php(41): Illuminate\\Container\\BoundMethod::{closure:Illuminate\\Container\\BoundMethod::call():35}()
#2 /Users/olasunkanmiarowolo/Documents/OAsis-RS/Archive/oasis-rpm/vendor/laravel/framework/src/Illuminate/Container/BoundMethod.php(93): Illuminate\\Container\\Util::unwrapIfClosure(Object(Closure))
#3 /Users/olasunkanmiarowolo/Documents/OAsis-RS/Archive/oasis-rpm/vendor/laravel/framework/src/Illuminate/Container/BoundMethod.php(35): Illuminate\\Container\\BoundMethod::callBoundMethod(Object(Illuminate\\Foundation\\Application), Array, Object(Closure))
#4 /Users/olasunkanmiarowolo/Documents/OAsis-RS/Archive/oasis-rpm/vendor/laravel/framework/src/Illuminate/Container/Container.php(662): Illuminate\\Container\\BoundMethod::call(Object(Illuminate\\Foundation\\Application), Array, Array, NULL)
#5 /Users/olasunkanmiarowolo/Documents/OAsis-RS/Archive/oasis-rpm/vendor/laravel/framework/src/Illuminate/Database/Seeder.php(184): Illuminate\\Container\\Container->call(Array, Array)
#6 /Users/olasunkanmiarowolo/Documents/OAsis-RS/Archive/oasis-rpm/vendor/laravel/framework/src/Illuminate/Database/Seeder.php(193): Illuminate\\Database\\Seeder->{closure:Illuminate\\Database\\Seeder::__invoke():183}()
#7 /Users/olasunkanmiarowolo/Documents/OAsis-RS/Archive/oasis-rpm/vendor/laravel/framework/src/Illuminate/Database/Console/Seeds/SeedCommand.php(70): Illuminate\\Database\\Seeder->__invoke()
#8 /Users/olasunkanmiarowolo/Documents/OAsis-RS/Archive/oasis-rpm/vendor/laravel/framework/src/Illuminate/Database/Eloquent/Concerns/GuardsAttributes.php(155): Illuminate\\Database\\Console\\Seeds\\SeedCommand->{closure:Illuminate\\Database\\Console\\Seeds\\SeedCommand::handle():69}()
#9 /Users/olasunkanmiarowolo/Documents/OAsis-RS/Archive/oasis-rpm/vendor/laravel/framework/src/Illuminate/Database/Console/Seeds/SeedCommand.php(69): Illuminate\\Database\\Eloquent\\Model::unguarded(Object(Closure))
#10 /Users/olasunkanmiarowolo/Documents/OAsis-RS/Archive/oasis-rpm/vendor/laravel/framework/src/Illuminate/Container/BoundMethod.php(36): Illuminate\\Database\\Console\\Seeds\\SeedCommand->handle()
#11 /Users/olasunkanmiarowolo/Documents/OAsis-RS/Archive/oasis-rpm/vendor/laravel/framework/src/Illuminate/Container/Util.php(41): Illuminate\\Container\\BoundMethod::{closure:Illuminate\\Container\\BoundMethod::call():35}()
#12 /Users/olasunkanmiarowolo/Documents/OAsis-RS/Archive/oasis-rpm/vendor/laravel/framework/src/Illuminate/Container/BoundMethod.php(93): Illuminate\\Container\\Util::unwrapIfClosure(Object(Closure))
#13 /Users/olasunkanmiarowolo/Documents/OAsis-RS/Archive/oasis-rpm/vendor/laravel/framework/src/Illuminate/Container/BoundMethod.php(35): Illuminate\\Container\\BoundMethod::callBoundMethod(Object(Illuminate\\Foundation\\Application), Array, Object(Closure))
#14 /Users/olasunkanmiarowolo/Documents/OAsis-RS/Archive/oasis-rpm/vendor/laravel/framework/src/Illuminate/Container/Container.php(662): Illuminate\\Container\\BoundMethod::call(Object(Illuminate\\Foundation\\Application), Array, Array, NULL)
#15 /Users/olasunkanmiarowolo/Documents/OAsis-RS/Archive/oasis-rpm/vendor/laravel/framework/src/Illuminate/Console/Command.php(211): Illuminate\\Container\\Container->call(Array)
#16 /Users/olasunkanmiarowolo/Documents/OAsis-RS/Archive/oasis-rpm/vendor/symfony/console/Command/Command.php(326): Illuminate\\Console\\Command->execute(Object(Symfony\\Component\\Console\\Input\\ArgvInput), Object(Illuminate\\Console\\OutputStyle))
#17 /Users/olasunkanmiarowolo/Documents/OAsis-RS/Archive/oasis-rpm/vendor/laravel/framework/src/Illuminate/Console/Command.php(180): Symfony\\Component\\Console\\Command\\Command->run(Object(Symfony\\Component\\Console\\Input\\ArgvInput), Object(Illuminate\\Console\\OutputStyle))
#18 /Users/olasunkanmiarowolo/Documents/OAsis-RS/Archive/oasis-rpm/vendor/symfony/console/Application.php(1121): Illuminate\\Console\\Command->run(Object(Symfony\\Component\\Console\\Input\\ArgvInput), Object(Symfony\\Component\\Console\\Output\\ConsoleOutput))
#19 /Users/olasunkanmiarowolo/Documents/OAsis-RS/Archive/oasis-rpm/vendor/symfony/console/Application.php(324): Symfony\\Component\\Console\\Application->doRunCommand(Object(Illuminate\\Database\\Console\\Seeds\\SeedCommand), Object(Symfony\\Component\\Console\\Input\\ArgvInput), Object(Symfony\\Component\\Console\\Output\\ConsoleOutput))
#20 /Users/olasunkanmiarowolo/Documents/OAsis-RS/Archive/oasis-rpm/vendor/symfony/console/Application.php(175): Symfony\\Component\\Console\\Application->doRun(Object(Symfony\\Component\\Console\\Input\\ArgvInput), Object(Symfony\\Component\\Console\\Output\\ConsoleOutput))
#21 /Users/olasunkanmiarowolo/Documents/OAsis-RS/Archive/oasis-rpm/vendor/laravel/framework/src/Illuminate/Foundation/Console/Kernel.php(201): Symfony\\Component\\Console\\Application->run(Object(Symfony\\Component\\Console\\Input\\ArgvInput), Object(Symfony\\Component\\Console\\Output\\ConsoleOutput))
#22 /Users/olasunkanmiarowolo/Documents/OAsis-RS/Archive/oasis-rpm/artisan(35): Illuminate\\Foundation\\Console\\Kernel->handle(Object(Symfony\\Component\\Console\\Input\\ArgvInput), Object(Symfony\\Component\\Console\\Output\\ConsoleOutput))
#23 {main}
"} 
[2026-09-22 07:07:23] local.ERROR: SQLSTATE[HY000]: General error: 1 table supervisors has no column named email (Connection: sqlite, SQL: insert into "supervisors" ("email", "user_id", "university_id", "title", "department", "research_areas", "pin_code", "passphrase", "is_active", "updated_at", "created_at") values (olaarowolo.ng@gmail.com, 3, 1, Dr., Journalism and Media Studies, Digital Media, Communication Studies, Journalism, $2y$12$zaEqRjF7p9cCW3ZxUEfHeuQMCqNtMiIXfINsOyZW8UAjQKjdXAKju, $2y$12$lYgJEHPqA91o9ij.1SxmNe1UKG8Lqdo5RruREQLxQLggqoZO009A2, 1, 2026-09-22 07:07:23, 2026-09-22 07:07:23)) {"exception":"[object] (Illuminate\\Database\\QueryException(code: HY000): SQLSTATE[HY000]: General error: 1 table supervisors has no column named email (Connection: sqlite, SQL: insert into \"supervisors\" (\"email\", \"user_id\", \"university_id\", \"title\", \"department\", \"research_areas\", \"pin_code\", \"passphrase\", \"is_active\", \"updated_at\", \"created_at\") values (olaarowolo.ng@gmail.com, 3, 1, Dr., Journalism and Media Studies, Digital Media, Communication Studies, Journalism, $2y$12$zaEqRjF7p9cCW3ZxUEfHeuQMCqNtMiIXfINsOyZW8UAjQKjdXAKju, $2y$12$lYgJEHPqA91o9ij.1SxmNe1UKG8Lqdo5RruREQLxQLggqoZO009A2, 1, 2026-09-22 07:07:23, 2026-09-22 07:07:23)) at /Users/olasunkanmiarowolo/Documents/OAsis-RS/Archive/oasis-rpm/vendor/laravel/framework/src/Illuminate/Database/Connection.php:829)
[stacktrace]
#0 /Users/olasunkanmiarowolo/Documents/OAsis-RS/Archive/oasis-rpm/vendor/laravel/framework/src/Illuminate/Database/Connection.php(783): Illuminate\\Database\\Connection->runQueryCallback('insert into \"su...', Array, Object(Closure))
#1 /Users/olasunkanmiarowolo/Documents/OAsis-RS/Archive/oasis-rpm/vendor/laravel/framework/src/Illuminate/Database/Connection.php(576): Illuminate\\Database\\Connection->run('insert into \"su...', Array, Object(Closure))
#2 /Users/olasunkanmiarowolo/Documents/OAsis-RS/Archive/oasis-rpm/vendor/laravel/framework/src/Illuminate/Database/Connection.php(540): Illuminate\\Database\\Connection->statement('insert into \"su...', Array)
#3 /Users/olasunkanmiarowolo/Documents/OAsis-RS/Archive/oasis-rpm/vendor/laravel/framework/src/Illuminate/Database/Query/Processors/Processor.php(32): Illuminate\\Database\\Connection->insert('insert into \"su...', Array)
#4 /Users/olasunkanmiarowolo/Documents/OAsis-RS/Archive/oasis-rpm/vendor/laravel/framework/src/Illuminate/Database/Query/Builder.php(3549): Illuminate\\Database\\Query\\Processors\\Processor->processInsertGetId(Object(Illuminate\\Database\\Query\\Builder), 'insert into \"su...', Array, 'id')
#5 /Users/olasunkanmiarowolo/Documents/OAsis-RS/Archive/oasis-rpm/vendor/laravel/framework/src/Illuminate/Database/Eloquent/Builder.php(1982): Illuminate\\Database\\Query\\Builder->insertGetId(Array, 'id')
#6 /Users/olasunkanmiarowolo/Documents/OAsis-RS/Archive/oasis-rpm/vendor/laravel/framework/src/Illuminate/Database/Eloquent/Model.php(1334): Illuminate\\Database\\Eloquent\\Builder->__call('insertGetId', Array)
#7 /Users/olasunkanmiarowolo/Documents/OAsis-RS/Archive/oasis-rpm/vendor/laravel/framework/src/Illuminate/Database/Eloquent/Model.php(1299): Illuminate\\Database\\Eloquent\\Model->insertAndSetId(Object(Illuminate\\Database\\Eloquent\\Builder), Array)
#8 /Users/olasunkanmiarowolo/Documents/OAsis-RS/Archive/oasis-rpm/vendor/laravel/framework/src/Illuminate/Database/Eloquent/Model.php(1138): Illuminate\\Database\\Eloquent\\Model->performInsert(Object(Illuminate\\Database\\Eloquent\\Builder))
#9 /Users/olasunkanmiarowolo/Documents/OAsis-RS/Archive/oasis-rpm/vendor/laravel/framework/src/Illuminate/Database/Eloquent/Builder.php(1025): Illuminate\\Database\\Eloquent\\Model->save()
#10 /Users/olasunkanmiarowolo/Documents/OAsis-RS/Archive/oasis-rpm/vendor/laravel/framework/src/Illuminate/Support/helpers.php(320): Illuminate\\Database\\Eloquent\\Builder->{closure:Illuminate\\Database\\Eloquent\\Builder::create():1024}(Object(App\\Models\\Supervisor))
#11 /Users/olasunkanmiarowolo/Documents/OAsis-RS/Archive/oasis-rpm/vendor/laravel/framework/src/Illuminate/Database/Eloquent/Builder.php(1024): tap(Object(App\\Models\\Supervisor), Object(Closure))
#12 /Users/olasunkanmiarowolo/Documents/OAsis-RS/Archive/oasis-rpm/vendor/laravel/framework/src/Illuminate/Database/Eloquent/Builder.php(585): Illuminate\\Database\\Eloquent\\Builder->create(Array)
#13 /Users/olasunkanmiarowolo/Documents/OAsis-RS/Archive/oasis-rpm/vendor/laravel/framework/src/Illuminate/Database/Eloquent/Builder.php(1728): Illuminate\\Database\\Eloquent\\Builder->{closure:Illuminate\\Database\\Eloquent\\Builder::createOrFirst():585}()
#14 /Users/olasunkanmiarowolo/Documents/OAsis-RS/Archive/oasis-rpm/vendor/laravel/framework/src/Illuminate/Database/Eloquent/Builder.php(585): Illuminate\\Database\\Eloquent\\Builder->withSavepointIfNeeded(Object(Closure))
#15 /Users/olasunkanmiarowolo/Documents/OAsis-RS/Archive/oasis-rpm/vendor/laravel/framework/src/Illuminate/Database/Eloquent/Builder.php(572): Illuminate\\Database\\Eloquent\\Builder->createOrFirst(Array, Array)
#16 /Users/olasunkanmiarowolo/Documents/OAsis-RS/Archive/oasis-rpm/vendor/laravel/framework/src/Illuminate/Database/Eloquent/Builder.php(600): Illuminate\\Database\\Eloquent\\Builder->firstOrCreate(Array, Array)
#17 /Users/olasunkanmiarowolo/Documents/OAsis-RS/Archive/oasis-rpm/vendor/laravel/framework/src/Illuminate/Support/Traits/ForwardsCalls.php(23): Illuminate\\Database\\Eloquent\\Builder->updateOrCreate(Array, Array)
#18 /Users/olasunkanmiarowolo/Documents/OAsis-RS/Archive/oasis-rpm/vendor/laravel/framework/src/Illuminate/Database/Eloquent/Model.php(2335): Illuminate\\Database\\Eloquent\\Model->forwardCallTo(Object(Illuminate\\Database\\Eloquent\\Builder), 'updateOrCreate', Array)
#19 /Users/olasunkanmiarowolo/Documents/OAsis-RS/Archive/oasis-rpm/vendor/laravel/framework/src/Illuminate/Database/Eloquent/Model.php(2347): Illuminate\\Database\\Eloquent\\Model->__call('updateOrCreate', Array)
#20 /Users/olasunkanmiarowolo/Documents/OAsis-RS/Archive/oasis-rpm/database/seeders/SupervisorSeeder.php(15): Illuminate\\Database\\Eloquent\\Model::__callStatic('updateOrCreate', Array)
#21 /Users/olasunkanmiarowolo/Documents/OAsis-RS/Archive/oasis-rpm/vendor/laravel/framework/src/Illuminate/Container/BoundMethod.php(36): Database\\Seeders\\SupervisorSeeder->run()
#22 /Users/olasunkanmiarowolo/Documents/OAsis-RS/Archive/oasis-rpm/vendor/laravel/framework/src/Illuminate/Container/Util.php(41): Illuminate\\Container\\BoundMethod::{closure:Illuminate\\Container\\BoundMethod::call():35}()
#23 /Users/olasunkanmiarowolo/Documents/OAsis-RS/Archive/oasis-rpm/vendor/laravel/framework/src/Illuminate/Container/BoundMethod.php(93): Illuminate\\Container\\Util::unwrapIfClosure(Object(Closure))
#24 /Users/olasunkanmiarowolo/Documents/OAsis-RS/Archive/oasis-rpm/vendor/laravel/framework/src/Illuminate/Container/BoundMethod.php(35): Illuminate\\Container\\BoundMethod::callBoundMethod(Object(Illuminate\\Foundation\\Application), Array, Object(Closure))
#25 /Users/olasunkanmiarowolo/Documents/OAsis-RS/Archive/oasis-rpm/vendor/laravel/framework/src/Illuminate/Container/Container.php(662): Illuminate\\Container\\BoundMethod::call(Object(Illuminate\\Foundation\\Application), Array, Array, NULL)
#26 /Users/olasunkanmiarowolo/Documents/OAsis-RS/Archive/oasis-rpm/vendor/laravel/framework/src/Illuminate/Database/Seeder.php(184): Illuminate\\Container\\Container->call(Array, Array)
#27 /Users/olasunkanmiarowolo/Documents/OAsis-RS/Archive/oasis-rpm/vendor/laravel/framework/src/Illuminate/Database/Seeder.php(193): Illuminate\\Database\\Seeder->{closure:Illuminate\\Database\\Seeder::__invoke():183}()
#28 /Users/olasunkanmiarowolo/Documents/OAsis-RS/Archive/oasis-rpm/vendor/laravel/framework/src/Illuminate/Database/Console/Seeds/SeedCommand.php(70): Illuminate\\Database\\Seeder->__invoke()
#29 /Users/olasunkanmiarowolo/Documents/OAsis-RS/Archive/oasis-rpm/vendor/laravel/framework/src/Illuminate/Database/Eloquent/Concerns/GuardsAttributes.php(155): Illuminate\\Database\\Console\\Seeds\\SeedCommand->{closure:Illuminate\\Database\\Console\\Seeds\\SeedCommand::handle():69}()
#30 /Users/olasunkanmiarowolo/Documents/OAsis-RS/Archive/oasis-rpm/vendor/laravel/framework/src/Illuminate/Database/Console/Seeds/SeedCommand.php(69): Illuminate\\Database\\Eloquent\\Model::unguarded(Object(Closure))
#31 /Users/olasunkanmiarowolo/Documents/OAsis-RS/Archive/oasis-rpm/vendor/laravel/framework/src/Illuminate/Container/BoundMethod.php(36): Illuminate\\Database\\Console\\Seeds\\SeedCommand->handle()
#32 /Users/olasunkanmiarowolo/Documents/OAsis-RS/Archive/oasis-rpm/vendor/laravel/framework/src/Illuminate/Container/Util.php(41): Illuminate\\Container\\BoundMethod::{closure:Illuminate\\Container\\BoundMethod::call():35}()
#33 /Users/olasunkanmiarowolo/Documents/OAsis-RS/Archive/oasis-rpm/vendor/laravel/framework/src/Illuminate/Container/BoundMethod.php(93): Illuminate\\Container\\Util::unwrapIfClosure(Object(Closure))
#34 /Users/olasunkanmiarowolo/Documents/OAsis-RS/Archive/oasis-rpm/vendor/laravel/framework/src/Illuminate/Container/BoundMethod.php(35): Illuminate\\Container\\BoundMethod::callBoundMethod(Object(Illuminate\\Foundation\\Application), Array, Object(Closure))
#35 /Users/olasunkanmiarowolo/Documents/OAsis-RS/Archive/oasis-rpm/vendor/laravel/framework/src/Illuminate/Container/Container.php(662): Illuminate\\Container\\BoundMethod::call(Object(Illuminate\\Foundation\\Application), Array, Array, NULL)
#36 /Users/olasunkanmiarowolo/Documents/OAsis-RS/Archive/oasis-rpm/vendor/laravel/framework/src/Illuminate/Console/Command.php(211): Illuminate\\Container\\Container->call(Array)
#37 /Users/olasunkanmiarowolo/Documents/OAsis-RS/Archive/oasis-rpm/vendor/symfony/console/Command/Command.php(326): Illuminate\\Console\\Command->execute(Object(Symfony\\Component\\Console\\Input\\ArgvInput), Object(Illuminate\\Console\\OutputStyle))
#38 /Users/olasunkanmiarowolo/Documents/OAsis-RS/Archive/oasis-rpm/vendor/laravel/framework/src/Illuminate/Console/Command.php(180): Symfony\\Component\\Console\\Command\\Command->run(Object(Symfony\\Component\\Console\\Input\\ArgvInput), Object(Illuminate\\Console\\OutputStyle))
#39 /Users/olasunkanmiarowolo/Documents/OAsis-RS/Archive/oasis-rpm/vendor/symfony/console/Application.php(1121): Illuminate\\Console\\Command->run(Object(Symfony\\Component\\Console\\Input\\ArgvInput), Object(Symfony\\Component\\Console\\Output\\ConsoleOutput))
#40 /Users/olasunkanmiarowolo/Documents/OAsis-RS/Archive/oasis-rpm/vendor/symfony/console/Application.php(324): Symfony\\Component\\Console\\Application->doRunCommand(Object(Illuminate\\Database\\Console\\Seeds\\SeedCommand), Object(Symfony\\Component\\Console\\Input\\ArgvInput), Object(Symfony\\Component\\Console\\Output\\ConsoleOutput))
#41 /Users/olasunkanmiarowolo/Documents/OAsis-RS/Archive/oasis-rpm/vendor/symfony/console/Application.php(175): Symfony\\Component\\Console\\Application->doRun(Object(Symfony\\Component\\Console\\Input\\ArgvInput), Object(Symfony\\Component\\Console\\Output\\ConsoleOutput))
#42 /Users/olasunkanmiarowolo/Documents/OAsis-RS/Archive/oasis-rpm/vendor/laravel/framework/src/Illuminate/Foundation/Console/Kernel.php(201): Symfony\\Component\\Console\\Application->run(Object(Symfony\\Component\\Console\\Input\\ArgvInput), Object(Symfony\\Component\\Console\\Output\\ConsoleOutput))
#43 /Users/olasunkanmiarowolo/Documents/OAsis-RS/Archive/oasis-rpm/artisan(35): Illuminate\\Foundation\\Console\\Kernel->handle(Object(Symfony\\Component\\Console\\Input\\ArgvInput), Object(Symfony\\Component\\Console\\Output\\ConsoleOutput))
#44 {main}

[previous exception] [object] (PDOException(code: HY000): SQLSTATE[HY000]: General error: 1 table supervisors has no column named email at /Users/olasunkanmiarowolo/Documents/OAsis-RS/Archive/oasis-rpm/vendor/laravel/framework/src/Illuminate/Database/Connection.php:581)
[stacktrace]
#0 /Users/olasunkanmiarowolo/Documents/OAsis-RS/Archive/oasis-rpm/vendor/laravel/framework/src/Illuminate/Database/Connection.php(581): PDO->prepare('insert into \"su...')
#1 /Users/olasunkanmiarowolo/Documents/OAsis-RS/Archive/oasis-rpm/vendor/laravel/framework/src/Illuminate/Database/Connection.php(816): Illuminate\\Database\\Connection->{closure:Illuminate\\Database\\Connection::statement():576}('insert into \"su...', Array)
#2 /Users/olasunkanmiarowolo/Documents/OAsis-RS/Archive/oasis-rpm/vendor/laravel/framework/src/Illuminate/Database/Connection.php(783): Illuminate\\Database\\Connection->runQueryCallback('insert into \"su...', Array, Object(Closure))
#3 /Users/olasunkanmiarowolo/Documents/OAsis-RS/Archive/oasis-rpm/vendor/laravel/framework/src/Illuminate/Database/Connection.php(576): Illuminate\\Database\\Connection->run('insert into \"su...', Array, Object(Closure))
#4 /Users/olasunkanmiarowolo/Documents/OAsis-RS/Archive/oasis-rpm/vendor/laravel/framework/src/Illuminate/Database/Connection.php(540): Illuminate\\Database\\Connection->statement('insert into \"su...', Array)
#5 /Users/olasunkanmiarowolo/Documents/OAsis-RS/Archive/oasis-rpm/vendor/laravel/framework/src/Illuminate/Database/Query/Processors/Processor.php(32): Illuminate\\Database\\Connection->insert('insert into \"su...', Array)
#6 /Users/olasunkanmiarowolo/Documents/OAsis-RS/Archive/oasis-rpm/vendor/laravel/framework/src/Illuminate/Database/Query/Builder.php(3549): Illuminate\\Database\\Query\\Processors\\Processor->processInsertGetId(Object(Illuminate\\Database\\Query\\Builder), 'insert into \"su...', Array, 'id')
#7 /Users/olasunkanmiarowolo/Documents/OAsis-RS/Archive/oasis-rpm/vendor/laravel/framework/src/Illuminate/Database/Eloquent/Builder.php(1982): Illuminate\\Database\\Query\\Builder->insertGetId(Array, 'id')
#8 /Users/olasunkanmiarowolo/Documents/OAsis-RS/Archive/oasis-rpm/vendor/laravel/framework/src/Illuminate/Database/Eloquent/Model.php(1334): Illuminate\\Database\\Eloquent\\Builder->__call('insertGetId', Array)
#9 /Users/olasunkanmiarowolo/Documents/OAsis-RS/Archive/oasis-rpm/vendor/laravel/framework/src/Illuminate/Database/Eloquent/Model.php(1299): Illuminate\\Database\\Eloquent\\Model->insertAndSetId(Object(Illuminate\\Database\\Eloquent\\Builder), Array)
#10 /Users/olasunkanmiarowolo/Documents/OAsis-RS/Archive/oasis-rpm/vendor/laravel/framework/src/Illuminate/Database/Eloquent/Model.php(1138): Illuminate\\Database\\Eloquent\\Model->performInsert(Object(Illuminate\\Database\\Eloquent\\Builder))
#11 /Users/olasunkanmiarowolo/Documents/OAsis-RS/Archive/oasis-rpm/vendor/laravel/framework/src/Illuminate/Database/Eloquent/Builder.php(1025): Illuminate\\Database\\Eloquent\\Model->save()
#12 /Users/olasunkanmiarowolo/Documents/OAsis-RS/Archive/oasis-rpm/vendor/laravel/framework/src/Illuminate/Support/helpers.php(320): Illuminate\\Database\\Eloquent\\Builder->{closure:Illuminate\\Database\\Eloquent\\Builder::create():1024}(Object(App\\Models\\Supervisor))
#13 /Users/olasunkanmiarowolo/Documents/OAsis-RS/Archive/oasis-rpm/vendor/laravel/framework/src/Illuminate/Database/Eloquent/Builder.php(1024): tap(Object(App\\Models\\Supervisor), Object(Closure))
#14 /Users/olasunkanmiarowolo/Documents/OAsis-RS/Archive/oasis-rpm/vendor/laravel/framework/src/Illuminate/Database/Eloquent/Builder.php(585): Illuminate\\Database\\Eloquent\\Builder->create(Array)
#15 /Users/olasunkanmiarowolo/Documents/OAsis-RS/Archive/oasis-rpm/vendor/laravel/framework/src/Illuminate/Database/Eloquent/Builder.php(1728): Illuminate\\Database\\Eloquent\\Builder->{closure:Illuminate\\Database\\Eloquent\\Builder::createOrFirst():585}()
#16 /Users/olasunkanmiarowolo/Documents/OAsis-RS/Archive/oasis-rpm/vendor/laravel/framework/src/Illuminate/Database/Eloquent/Builder.php(585): Illuminate\\Database\\Eloquent\\Builder->withSavepointIfNeeded(Object(Closure))
#17 /Users/olasunkanmiarowolo/Documents/OAsis-RS/Archive/oasis-rpm/vendor/laravel/framework/src/Illuminate/Database/Eloquent/Builder.php(572): Illuminate\\Database\\Eloquent\\Builder->createOrFirst(Array, Array)
#18 /Users/olasunkanmiarowolo/Documents/OAsis-RS/Archive/oasis-rpm/vendor/laravel/framework/src/Illuminate/Database/Eloquent/Builder.php(600): Illuminate\\Database\\Eloquent\\Builder->firstOrCreate(Array, Array)
#19 /Users/olasunkanmiarowolo/Documents/OAsis-RS/Archive/oasis-rpm/vendor/laravel/framework/src/Illuminate/Support/Traits/ForwardsCalls.php(23): Illuminate\\Database\\Eloquent\\Builder->updateOrCreate(Array, Array)
#20 /Users/olasunkanmiarowolo/Documents/OAsis-RS/Archive/oasis-rpm/vendor/laravel/framework/src/Illuminate/Database/Eloquent/Model.php(2335): Illuminate\\Database\\Eloquent\\Model->forwardCallTo(Object(Illuminate\\Database\\Eloquent\\Builder), 'updateOrCreate', Array)
#21 /Users/olasunkanmiarowolo/Documents/OAsis-RS/Archive/oasis-rpm/vendor/laravel/framework/src/Illuminate/Database/Eloquent/Model.php(2347): Illuminate\\Database\\Eloquent\\Model->__call('updateOrCreate', Array)
#22 /Users/olasunkanmiarowolo/Documents/OAsis-RS/Archive/oasis-rpm/database/seeders/SupervisorSeeder.php(15): Illuminate\\Database\\Eloquent\\Model::__callStatic('updateOrCreate', Array)
#23 /Users/olasunkanmiarowolo/Documents/OAsis-RS/Archive/oasis-rpm/vendor/laravel/framework/src/Illuminate/Container/BoundMethod.php(36): Database\\Seeders\\SupervisorSeeder->run()
#24 /Users/olasunkanmiarowolo/Documents/OAsis-RS/Archive/oasis-rpm/vendor/laravel/framework/src/Illuminate/Container/Util.php(41): Illuminate\\Container\\BoundMethod::{closure:Illuminate\\Container\\BoundMethod::call():35}()
#25 /Users/olasunkanmiarowolo/Documents/OAsis-RS/Archive/oasis-rpm/vendor/laravel/framework/src/Illuminate/Container/BoundMethod.php(93): Illuminate\\Container\\Util::unwrapIfClosure(Object(Closure))
#26 /Users/olasunkanmiarowolo/Documents/OAsis-RS/Archive/oasis-rpm/vendor/laravel/framework/src/Illuminate/Container/BoundMethod.php(35): Illuminate\\Container\\BoundMethod::callBoundMethod(Object(Illuminate\\Foundation\\Application), Array, Object(Closure))
#27 /Users/olasunkanmiarowolo/Documents/OAsis-RS/Archive/oasis-rpm/vendor/laravel/framework/src/Illuminate/Container/Container.php(662): Illuminate\\Container\\BoundMethod::call(Object(Illuminate\\Foundation\\Application), Array, Array, NULL)
#28 /Users/olasunkanmiarowolo/Documents/OAsis-RS/Archive/oasis-rpm/vendor/laravel/framework/src/Illuminate/Database/Seeder.php(184): Illuminate\\Container\\Container->call(Array, Array)
#29 /Users/olasunkanmiarowolo/Documents/OAsis-RS/Archive/oasis-rpm/vendor/laravel/framework/src/Illuminate/Database/Seeder.php(193): Illuminate\\Database\\Seeder->{closure:Illuminate\\Database\\Seeder::__invoke():183}()
#30 /Users/olasunkanmiarowolo/Documents/OAsis-RS/Archive/oasis-rpm/vendor/laravel/framework/src/Illuminate/Database/Console/Seeds/SeedCommand.php(70): Illuminate\\Database\\Seeder->__invoke()
#31 /Users/olasunkanmiarowolo/Documents/OAsis-RS/Archive/oasis-rpm/vendor/laravel/framework/src/Illuminate/Database/Eloquent/Concerns/GuardsAttributes.php(155): Illuminate\\Database\\Console\\Seeds\\SeedCommand->{closure:Illuminate\\Database\\Console\\Seeds\\SeedCommand::handle():69}()
#32 /Users/olasunkanmiarowolo/Documents/OAsis-RS/Archive/oasis-rpm/vendor/laravel/framework/src/Illuminate/Database/Console/Seeds/SeedCommand.php(69): Illuminate\\Database\\Eloquent\\Model::unguarded(Object(Closure))
#33 /Users/olasunkanmiarowolo/Documents/OAsis-RS/Archive/oasis-rpm/vendor/laravel/framework/src/Illuminate/Container/BoundMethod.php(36): Illuminate\\Database\\Console\\Seeds\\SeedCommand->handle()
#34 /Users/olasunkanmiarowolo/Documents/OAsis-RS/Archive/oasis-rpm/vendor/laravel/framework/src/Illuminate/Container/Util.php(41): Illuminate\\Container\\BoundMethod::{closure:Illuminate\\Container\\BoundMethod::call():35}()
#35 /Users/olasunkanmiarowolo/Documents/OAsis-RS/Archive/oasis-rpm/vendor/laravel/framework/src/Illuminate/Container/BoundMethod.php(93): Illuminate\\Container\\Util::unwrapIfClosure(Object(Closure))
#36 /Users/olasunkanmiarowolo/Documents/OAsis-RS/Archive/oasis-rpm/vendor/laravel/framework/src/Illuminate/Container/BoundMethod.php(35): Illuminate\\Container\\BoundMethod::callBoundMethod(Object(Illuminate\\Foundation\\Application), Array, Object(Closure))
#37 /Users/olasunkanmiarowolo/Documents/OAsis-RS/Archive/oasis-rpm/vendor/laravel/framework/src/Illuminate/Container/Container.php(662): Illuminate\\Container\\BoundMethod::call(Object(Illuminate\\Foundation\\Application), Array, Array, NULL)
#38 /Users/olasunkanmiarowolo/Documents/OAsis-RS/Archive/oasis-rpm/vendor/laravel/framework/src/Illuminate/Console/Command.php(211): Illuminate\\Container\\Container->call(Array)
#39 /Users/olasunkanmiarowolo/Documents/OAsis-RS/Archive/oasis-rpm/vendor/symfony/console/Command/Command.php(326): Illuminate\\Console\\Command->execute(Object(Symfony\\Component\\Console\\Input\\ArgvInput), Object(Illuminate\\Console\\OutputStyle))
#40 /Users/olasunkanmiarowolo/Documents/OAsis-RS/Archive/oasis-rpm/vendor/laravel/framework/src/Illuminate/Console/Command.php(180): Symfony\\Component\\Console\\Command\\Command->run(Object(Symfony\\Component\\Console\\Input\\ArgvInput), Object(Illuminate\\Console\\OutputStyle))
#41 /Users/olasunkanmiarowolo/Documents/OAsis-RS/Archive/oasis-rpm/vendor/symfony/console/Application.php(1121): Illuminate\\Console\\Command->run(Object(Symfony\\Component\\Console\\Input\\ArgvInput), Object(Symfony\\Component\\Console\\Output\\ConsoleOutput))
#42 /Users/olasunkanmiarowolo/Documents/OAsis-RS/Archive/oasis-rpm/vendor/symfony/console/Application.php(324): Symfony\\Component\\Console\\Application->doRunCommand(Object(Illuminate\\Database\\Console\\Seeds\\SeedCommand), Object(Symfony\\Component\\Console\\Input\\ArgvInput), Object(Symfony\\Component\\Console\\Output\\ConsoleOutput))
#43 /Users/olasunkanmiarowolo/Documents/OAsis-RS/Archive/oasis-rpm/vendor/symfony/console/Application.php(175): Symfony\\Component\\Console\\Application->doRun(Object(Symfony\\Component\\Console\\Input\\ArgvInput), Object(Symfony\\Component\\Console\\Output\\ConsoleOutput))
#44 /Users/olasunkanmiarowolo/Documents/OAsis-RS/Archive/oasis-rpm/vendor/laravel/framework/src/Illuminate/Foundation/Console/Kernel.php(201): Symfony\\Component\\Console\\Application->run(Object(Symfony\\Component\\Console\\Input\\ArgvInput), Object(Symfony\\Component\\Console\\Output\\ConsoleOutput))
#45 /Users/olasunkanmiarowolo/Documents/OAsis-RS/Archive/oasis-rpm/artisan(35): Illuminate\\Foundation\\Console\\Kernel->handle(Object(Symfony\\Component\\Console\\Input\\ArgvInput), Object(Symfony\\Component\\Console\\Output\\ConsoleOutput))
#46 {main}
"} 
[2026-09-22 07:29:21] local.ERROR: PHP Parse error: Syntax error, unexpected T_NAME_QUALIFIED on line 1 {"exception":"[object] (Psy\\Exception\\ParseErrorException(code: 0): PHP Parse error: Syntax error, unexpected T_NAME_QUALIFIED on line 1 at /Users/olasunkanmiarowolo/Documents/OAsis-RS/Archive/oasis-rpm/vendor/psy/psysh/src/Exception/ParseErrorException.php:44)
[stacktrace]
#0 /Users/olasunkanmiarowolo/Documents/OAsis-RS/Archive/oasis-rpm/vendor/psy/psysh/src/CodeCleaner.php(657): Psy\\Exception\\ParseErrorException::fromParseError(Object(PhpParser\\Error))
#1 /Users/olasunkanmiarowolo/Documents/OAsis-RS/Archive/oasis-rpm/vendor/psy/psysh/src/CodeCleaner.php(273): Psy\\CodeCleaner->parse('<?php echo '===...', false)
#2 /Users/olasunkanmiarowolo/Documents/OAsis-RS/Archive/oasis-rpm/vendor/psy/psysh/src/Shell.php(1399): Psy\\CodeCleaner->clean(Array, false)
#3 /Users/olasunkanmiarowolo/Documents/OAsis-RS/Archive/oasis-rpm/vendor/psy/psysh/src/Shell.php(1506): Psy\\Shell->appendCode('echo '=== Super...', true, false)
#4 /Users/olasunkanmiarowolo/Documents/OAsis-RS/Archive/oasis-rpm/vendor/psy/psysh/src/Shell.php(2215): Psy\\Shell->setCode('echo '=== Super...', true)
#5 /Users/olasunkanmiarowolo/Documents/OAsis-RS/Archive/oasis-rpm/vendor/laravel/tinker/src/Console/TinkerCommand.php(77): Psy\\Shell->execute('echo '=== Super...')
#6 /Users/olasunkanmiarowolo/Documents/OAsis-RS/Archive/oasis-rpm/vendor/laravel/framework/src/Illuminate/Container/BoundMethod.php(36): Laravel\\Tinker\\Console\\TinkerCommand->handle()
#7 /Users/olasunkanmiarowolo/Documents/OAsis-RS/Archive/oasis-rpm/vendor/laravel/framework/src/Illuminate/Container/Util.php(41): Illuminate\\Container\\BoundMethod::{closure:Illuminate\\Container\\BoundMethod::call():35}()
#8 /Users/olasunkanmiarowolo/Documents/OAsis-RS/Archive/oasis-rpm/vendor/laravel/framework/src/Illuminate/Container/BoundMethod.php(93): Illuminate\\Container\\Util::unwrapIfClosure(Object(Closure))
#9 /Users/olasunkanmiarowolo/Documents/OAsis-RS/Archive/oasis-rpm/vendor/laravel/framework/src/Illuminate/Container/BoundMethod.php(35): Illuminate\\Container\\BoundMethod::callBoundMethod(Object(Illuminate\\Foundation\\Application), Array, Object(Closure))
#10 /Users/olasunkanmiarowolo/Documents/OAsis-RS/Archive/oasis-rpm/vendor/laravel/framework/src/Illuminate/Container/Container.php(662): Illuminate\\Container\\BoundMethod::call(Object(Illuminate\\Foundation\\Application), Array, Array, NULL)
#11 /Users/olasunkanmiarowolo/Documents/OAsis-RS/Archive/oasis-rpm/vendor/laravel/framework/src/Illuminate/Console/Command.php(211): Illuminate\\Container\\Container->call(Array)
#12 /Users/olasunkanmiarowolo/Documents/OAsis-RS/Archive/oasis-rpm/vendor/symfony/console/Command/Command.php(326): Illuminate\\Console\\Command->execute(Object(Symfony\\Component\\Console\\Input\\ArgvInput), Object(Illuminate\\Console\\OutputStyle))
#13 /Users/olasunkanmiarowolo/Documents/OAsis-RS/Archive/oasis-rpm/vendor/laravel/framework/src/Illuminate/Console/Command.php(180): Symfony\\Component\\Console\\Command\\Command->run(Object(Symfony\\Component\\Console\\Input\\ArgvInput), Object(Illuminate\\Console\\OutputStyle))
#14 /Users/olasunkanmiarowolo/Documents/OAsis-RS/Archive/oasis-rpm/vendor/symfony/console/Application.php(1121): Illuminate\\Console\\Command->run(Object(Symfony\\Component\\Console\\Input\\ArgvInput), Object(Symfony\\Component\\Console\\Output\\ConsoleOutput))
#15 /Users/olasunkanmiarowolo/Documents/OAsis-RS/Archive/oasis-rpm/vendor/symfony/console/Application.php(324): Symfony\\Component\\Console\\Application->doRunCommand(Object(Laravel\\Tinker\\Console\\TinkerCommand), Object(Symfony\\Component\\Console\\Input\\ArgvInput), Object(Symfony\\Component\\Console\\Output\\ConsoleOutput))
#16 /Users/olasunkanmiarowolo/Documents/OAsis-RS/Archive/oasis-rpm/vendor/symfony/console/Application.php(175): Symfony\\Component\\Console\\Application->doRun(Object(Symfony\\Component\\Console\\Input\\ArgvInput), Object(Symfony\\Component\\Console\\Output\\ConsoleOutput))
#17 /Users/olasunkanmiarowolo/Documents/OAsis-RS/Archive/oasis-rpm/vendor/laravel/framework/src/Illuminate/Foundation/Console/Kernel.php(201): Symfony\\Component\\Console\\Application->run(Object(Symfony\\Component\\Console\\Input\\ArgvInput), Object(Symfony\\Component\\Console\\Output\\ConsoleOutput))
#18 /Users/olasunkanmiarowolo/Documents/OAsis-RS/Archive/oasis-rpm/artisan(35): Illuminate\\Foundation\\Console\\Kernel->handle(Object(Symfony\\Component\\Console\\Input\\ArgvInput), Object(Symfony\\Component\\Console\\Output\\ConsoleOutput))
#19 {main}
"} 
[2026-09-22 07:29:39] local.ERROR: PHP Parse error: Syntax error, unexpected T_NAME_QUALIFIED on line 5 {"exception":"[object] (Psy\\Exception\\ParseErrorException(code: 0): PHP Parse error: Syntax error, unexpected T_NAME_QUALIFIED on line 5 at /Users/olasunkanmiarowolo/Documents/OAsis-RS/Archive/oasis-rpm/vendor/psy/psysh/src/Exception/ParseErrorException.php:44)
[stacktrace]
#0 /Users/olasunkanmiarowolo/Documents/OAsis-RS/Archive/oasis-rpm/vendor/psy/psysh/src/CodeCleaner.php(657): Psy\\Exception\\ParseErrorException::fromParseError(Object(PhpParser\\Error))
#1 /Users/olasunkanmiarowolo/Documents/OAsis-RS/Archive/oasis-rpm/vendor/psy/psysh/src/CodeCleaner.php(273): Psy\\CodeCleaner->parse('<?php \\n$supervi...', false)
#2 /Users/olasunkanmiarowolo/Documents/OAsis-RS/Archive/oasis-rpm/vendor/psy/psysh/src/Shell.php(1399): Psy\\CodeCleaner->clean(Array, false)
#3 /Users/olasunkanmiarowolo/Documents/OAsis-RS/Archive/oasis-rpm/vendor/psy/psysh/src/Shell.php(1506): Psy\\Shell->appendCode('\\n$supervisor = ...', true, false)
#4 /Users/olasunkanmiarowolo/Documents/OAsis-RS/Archive/oasis-rpm/vendor/psy/psysh/src/Shell.php(2215): Psy\\Shell->setCode('\\n$supervisor = ...', true)
#5 /Users/olasunkanmiarowolo/Documents/OAsis-RS/Archive/oasis-rpm/vendor/laravel/tinker/src/Console/TinkerCommand.php(77): Psy\\Shell->execute('\\n$supervisor = ...')
#6 /Users/olasunkanmiarowolo/Documents/OAsis-RS/Archive/oasis-rpm/vendor/laravel/framework/src/Illuminate/Container/BoundMethod.php(36): Laravel\\Tinker\\Console\\TinkerCommand->handle()
#7 /Users/olasunkanmiarowolo/Documents/OAsis-RS/Archive/oasis-rpm/vendor/laravel/framework/src/Illuminate/Container/Util.php(41): Illuminate\\Container\\BoundMethod::{closure:Illuminate\\Container\\BoundMethod::call():35}()
#8 /Users/olasunkanmiarowolo/Documents/OAsis-RS/Archive/oasis-rpm/vendor/laravel/framework/src/Illuminate/Container/BoundMethod.php(93): Illuminate\\Container\\Util::unwrapIfClosure(Object(Closure))
#9 /Users/olasunkanmiarowolo/Documents/OAsis-RS/Archive/oasis-rpm/vendor/laravel/framework/src/Illuminate/Container/BoundMethod.php(35): Illuminate\\Container\\BoundMethod::callBoundMethod(Object(Illuminate\\Foundation\\Application), Array, Object(Closure))
#10 /Users/olasunkanmiarowolo/Documents/OAsis-RS/Archive/oasis-rpm/vendor/laravel/framework/src/Illuminate/Container/Container.php(662): Illuminate\\Container\\BoundMethod::call(Object(Illuminate\\Foundation\\Application), Array, Array, NULL)
#11 /Users/olasunkanmiarowolo/Documents/OAsis-RS/Archive/oasis-rpm/vendor/laravel/framework/src/Illuminate/Console/Command.php(211): Illuminate\\Container\\Container->call(Array)
#12 /Users/olasunkanmiarowolo/Documents/OAsis-RS/Archive/oasis-rpm/vendor/symfony/console/Command/Command.php(326): Illuminate\\Console\\Command->execute(Object(Symfony\\Component\\Console\\Input\\ArgvInput), Object(Illuminate\\Console\\OutputStyle))
#13 /Users/olasunkanmiarowolo/Documents/OAsis-RS/Archive/oasis-rpm/vendor/laravel/framework/src/Illuminate/Console/Command.php(180): Symfony\\Component\\Console\\Command\\Command->run(Object(Symfony\\Component\\Console\\Input\\ArgvInput), Object(Illuminate\\Console\\OutputStyle))
#14 /Users/olasunkanmiarowolo/Documents/OAsis-RS/Archive/oasis-rpm/vendor/symfony/console/Application.php(1121): Illuminate\\Console\\Command->run(Object(Symfony\\Component\\Console\\Input\\ArgvInput), Object(Symfony\\Component\\Console\\Output\\ConsoleOutput))
#15 /Users/olasunkanmiarowolo/Documents/OAsis-RS/Archive/oasis-rpm/vendor/symfony/console/Application.php(324): Symfony\\Component\\Console\\Application->doRunCommand(Object(Laravel\\Tinker\\Console\\TinkerCommand), Object(Symfony\\Component\\Console\\Input\\ArgvInput), Object(Symfony\\Component\\Console\\Output\\ConsoleOutput))
#16 /Users/olasunkanmiarowolo/Documents/OAsis-RS/Archive/oasis-rpm/vendor/symfony/console/Application.php(175): Symfony\\Component\\Console\\Application->doRun(Object(Symfony\\Component\\Console\\Input\\ArgvInput), Object(Symfony\\Component\\Console\\Output\\ConsoleOutput))
#17 /Users/olasunkanmiarowolo/Documents/OAsis-RS/Archive/oasis-rpm/vendor/laravel/framework/src/Illuminate/Foundation/Console/Kernel.php(201): Symfony\\Component\\Console\\Application->run(Object(Symfony\\Component\\Console\\Input\\ArgvInput), Object(Symfony\\Component\\Console\\Output\\ConsoleOutput))
#18 /Users/olasunkanmiarowolo/Documents/OAsis-RS/Archive/oasis-rpm/artisan(35): Illuminate\\Foundation\\Console\\Kernel->handle(Object(Symfony\\Component\\Console\\Input\\ArgvInput), Object(Symfony\\Component\\Console\\Output\\ConsoleOutput))
#19 {main}
"} 
[2026-09-22 07:30:03] local.ERROR: syntax error, unexpected token "\" {"exception":"[object] (ParseError(code: 0): syntax error, unexpected token \"\\\" at /Users/olasunkanmiarowolo/Documents/OAsis-RS/Archive/oasis-rpm/routes/api.php:31)
[stacktrace]
#0 /Users/olasunkanmiarowolo/Documents/OAsis-RS/Archive/oasis-rpm/vendor/laravel/framework/src/Illuminate/Routing/Router.php(511): Illuminate\\Routing\\RouteFileRegistrar->register('/Users/olasunka...')
#1 /Users/olasunkanmiarowolo/Documents/OAsis-RS/Archive/oasis-rpm/vendor/laravel/framework/src/Illuminate/Routing/Router.php(465): Illuminate\\Routing\\Router->loadRoutes('/Users/olasunka...')
#2 /Users/olasunkanmiarowolo/Documents/OAsis-RS/Archive/oasis-rpm/vendor/laravel/framework/src/Illuminate/Routing/RouteRegistrar.php(194): Illuminate\\Routing\\Router->group(Array, '/Users/olasunka...')
#3 /Users/olasunkanmiarowolo/Documents/OAsis-RS/Archive/oasis-rpm/app/Providers/RouteServiceProvider.php(34): Illuminate\\Routing\\RouteRegistrar->group('/Users/olasunka...')
#4 /Users/olasunkanmiarowolo/Documents/OAsis-RS/Archive/oasis-rpm/vendor/laravel/framework/src/Illuminate/Container/BoundMethod.php(36): App\\Providers\\RouteServiceProvider->{closure:App\\Providers\\RouteServiceProvider::boot():31}()
#5 /Users/olasunkanmiarowolo/Documents/OAsis-RS/Archive/oasis-rpm/vendor/laravel/framework/src/Illuminate/Container/Util.php(41): Illuminate\\Container\\BoundMethod::{closure:Illuminate\\Container\\BoundMethod::call():35}()
#6 /Users/olasunkanmiarowolo/Documents/OAsis-RS/Archive/oasis-rpm/vendor/laravel/framework/src/Illuminate/Container/BoundMethod.php(81): Illuminate\\Container\\Util::unwrapIfClosure(Object(Closure))
#7 /Users/olasunkanmiarowolo/Documents/OAsis-RS/Archive/oasis-rpm/vendor/laravel/framework/src/Illuminate/Container/BoundMethod.php(35): Illuminate\\Container\\BoundMethod::callBoundMethod(Object(Illuminate\\Foundation\\Application), Object(Closure), Object(Closure))
#8 /Users/olasunkanmiarowolo/Documents/OAsis-RS/Archive/oasis-rpm/vendor/laravel/framework/src/Illuminate/Container/Container.php(662): Illuminate\\Container\\BoundMethod::call(Object(Illuminate\\Foundation\\Application), Object(Closure), Array, NULL)
#9 /Users/olasunkanmiarowolo/Documents/OAsis-RS/Archive/oasis-rpm/vendor/laravel/framework/src/Illuminate/Foundation/Support/Providers/RouteServiceProvider.php(120): Illuminate\\Container\\Container->call(Object(Closure))
#10 /Users/olasunkanmiarowolo/Documents/OAsis-RS/Archive/oasis-rpm/vendor/laravel/framework/src/Illuminate/Foundation/Support/Providers/RouteServiceProvider.php(45): Illuminate\\Foundation\\Support\\Providers\\RouteServiceProvider->loadRoutes()
#11 /Users/olasunkanmiarowolo/Documents/OAsis-RS/Archive/oasis-rpm/vendor/laravel/framework/src/Illuminate/Container/BoundMethod.php(36): Illuminate\\Foundation\\Support\\Providers\\RouteServiceProvider->{closure:Illuminate\\Foundation\\Support\\Providers\\RouteServiceProvider::register():39}()
#12 /Users/olasunkanmiarowolo/Documents/OAsis-RS/Archive/oasis-rpm/vendor/laravel/framework/src/Illuminate/Container/Util.php(41): Illuminate\\Container\\BoundMethod::{closure:Illuminate\\Container\\BoundMethod::call():35}()
#13 /Users/olasunkanmiarowolo/Documents/OAsis-RS/Archive/oasis-rpm/vendor/laravel/framework/src/Illuminate/Container/BoundMethod.php(81): Illuminate\\Container\\Util::unwrapIfClosure(Object(Closure))
#14 /Users/olasunkanmiarowolo/Documents/OAsis-RS/Archive/oasis-rpm/vendor/laravel/framework/src/Illuminate/Container/BoundMethod.php(35): Illuminate\\Container\\BoundMethod::callBoundMethod(Object(Illuminate\\Foundation\\Application), Object(Closure), Object(Closure))
#15 /Users/olasunkanmiarowolo/Documents/OAsis-RS/Archive/oasis-rpm/vendor/laravel/framework/src/Illuminate/Container/Container.php(662): Illuminate\\Container\\BoundMethod::call(Object(Illuminate\\Foundation\\Application), Object(Closure), Array, NULL)
#16 /Users/olasunkanmiarowolo/Documents/OAsis-RS/Archive/oasis-rpm/vendor/laravel/framework/src/Illuminate/Support/ServiceProvider.php(119): Illuminate\\Container\\Container->call(Object(Closure))
#17 /Users/olasunkanmiarowolo/Documents/OAsis-RS/Archive/oasis-rpm/vendor/laravel/framework/src/Illuminate/Foundation/Application.php(1062): Illuminate\\Support\\ServiceProvider->callBootedCallbacks()
#18 /Users/olasunkanmiarowolo/Documents/OAsis-RS/Archive/oasis-rpm/vendor/laravel/framework/src/Illuminate/Foundation/Application.php(1040): Illuminate\\Foundation\\Application->bootProvider(Object(App\\Providers\\RouteServiceProvider))
#19 [internal function]: Illuminate\\Foundation\\Application->{closure:Illuminate\\Foundation\\Application::boot():1039}(Object(App\\Providers\\RouteServiceProvider), 25)
#20 /Users/olasunkanmiarowolo/Documents/OAsis-RS/Archive/oasis-rpm/vendor/laravel/framework/src/Illuminate/Foundation/Application.php(1039): array_walk(Array, Object(Closure))
#21 /Users/olasunkanmiarowolo/Documents/OAsis-RS/Archive/oasis-rpm/vendor/laravel/framework/src/Illuminate/Foundation/Bootstrap/BootProviders.php(17): Illuminate\\Foundation\\Application->boot()
#22 /Users/olasunkanmiarowolo/Documents/OAsis-RS/Archive/oasis-rpm/vendor/laravel/framework/src/Illuminate/Foundation/Application.php(286): Illuminate\\Foundation\\Bootstrap\\BootProviders->bootstrap(Object(Illuminate\\Foundation\\Application))
#23 /Users/olasunkanmiarowolo/Documents/OAsis-RS/Archive/oasis-rpm/vendor/laravel/framework/src/Illuminate/Foundation/Console/Kernel.php(447): Illuminate\\Foundation\\Application->bootstrapWith(Array)
#24 /Users/olasunkanmiarowolo/Documents/OAsis-RS/Archive/oasis-rpm/vendor/laravel/framework/src/Illuminate/Foundation/Console/Kernel.php(199): Illuminate\\Foundation\\Console\\Kernel->bootstrap()
#25 /Users/olasunkanmiarowolo/Documents/OAsis-RS/Archive/oasis-rpm/artisan(35): Illuminate\\Foundation\\Console\\Kernel->handle(Object(Symfony\\Component\\Console\\Input\\ArgvInput), Object(Symfony\\Component\\Console\\Output\\ConsoleOutput))
#26 {main}
"} 
[2026-09-22 07:30:09] local.ERROR: syntax error, unexpected token "\" {"exception":"[object] (ParseError(code: 0): syntax error, unexpected token \"\\\" at /Users/olasunkanmiarowolo/Documents/OAsis-RS/Archive/oasis-rpm/routes/api.php:31)
[stacktrace]
#0 /Users/olasunkanmiarowolo/Documents/OAsis-RS/Archive/oasis-rpm/vendor/laravel/framework/src/Illuminate/Routing/Router.php(511): Illuminate\\Routing\\RouteFileRegistrar->register('/Users/olasunka...')
#1 /Users/olasunkanmiarowolo/Documents/OAsis-RS/Archive/oasis-rpm/vendor/laravel/framework/src/Illuminate/Routing/Router.php(465): Illuminate\\Routing\\Router->loadRoutes('/Users/olasunka...')
#2 /Users/olasunkanmiarowolo/Documents/OAsis-RS/Archive/oasis-rpm/vendor/laravel/framework/src/Illuminate/Routing/RouteRegistrar.php(194): Illuminate\\Routing\\Router->group(Array, '/Users/olasunka...')
#3 /Users/olasunkanmiarowolo/Documents/OAsis-RS/Archive/oasis-rpm/app/Providers/RouteServiceProvider.php(34): Illuminate\\Routing\\RouteRegistrar->group('/Users/olasunka...')
#4 /Users/olasunkanmiarowolo/Documents/OAsis-RS/Archive/oasis-rpm/vendor/laravel/framework/src/Illuminate/Container/BoundMethod.php(36): App\\Providers\\RouteServiceProvider->{closure:App\\Providers\\RouteServiceProvider::boot():31}()
#5 /Users/olasunkanmiarowolo/Documents/OAsis-RS/Archive/oasis-rpm/vendor/laravel/framework/src/Illuminate/Container/Util.php(41): Illuminate\\Container\\BoundMethod::{closure:Illuminate\\Container\\BoundMethod::call():35}()
#6 /Users/olasunkanmiarowolo/Documents/OAsis-RS/Archive/oasis-rpm/vendor/laravel/framework/src/Illuminate/Container/BoundMethod.php(81): Illuminate\\Container\\Util::unwrapIfClosure(Object(Closure))
#7 /Users/olasunkanmiarowolo/Documents/OAsis-RS/Archive/oasis-rpm/vendor/laravel/framework/src/Illuminate/Container/BoundMethod.php(35): Illuminate\\Container\\BoundMethod::callBoundMethod(Object(Illuminate\\Foundation\\Application), Object(Closure), Object(Closure))
#8 /Users/olasunkanmiarowolo/Documents/OAsis-RS/Archive/oasis-rpm/vendor/laravel/framework/src/Illuminate/Container/Container.php(662): Illuminate\\Container\\BoundMethod::call(Object(Illuminate\\Foundation\\Application), Object(Closure), Array, NULL)
#9 /Users/olasunkanmiarowolo/Documents/OAsis-RS/Archive/oasis-rpm/vendor/laravel/framework/src/Illuminate/Foundation/Support/Providers/RouteServiceProvider.php(120): Illuminate\\Container\\Container->call(Object(Closure))
#10 /Users/olasunkanmiarowolo/Documents/OAsis-RS/Archive/oasis-rpm/vendor/laravel/framework/src/Illuminate/Foundation/Support/Providers/RouteServiceProvider.php(45): Illuminate\\Foundation\\Support\\Providers\\RouteServiceProvider->loadRoutes()
#11 /Users/olasunkanmiarowolo/Documents/OAsis-RS/Archive/oasis-rpm/vendor/laravel/framework/src/Illuminate/Container/BoundMethod.php(36): Illuminate\\Foundation\\Support\\Providers\\RouteServiceProvider->{closure:Illuminate\\Foundation\\Support\\Providers\\RouteServiceProvider::register():39}()
#12 /Users/olasunkanmiarowolo/Documents/OAsis-RS/Archive/oasis-rpm/vendor/laravel/framework/src/Illuminate/Container/Util.php(41): Illuminate\\Container\\BoundMethod::{closure:Illuminate\\Container\\BoundMethod::call():35}()
#13 /Users/olasunkanmiarowolo/Documents/OAsis-RS/Archive/oasis-rpm/vendor/laravel/framework/src/Illuminate/Container/BoundMethod.php(81): Illuminate\\Container\\Util::unwrapIfClosure(Object(Closure))
#14 /Users/olasunkanmiarowolo/Documents/OAsis-RS/Archive/oasis-rpm/vendor/laravel/framework/src/Illuminate/Container/BoundMethod.php(35): Illuminate\\Container\\BoundMethod::callBoundMethod(Object(Illuminate\\Foundation\\Application), Object(Closure), Object(Closure))
#15 /Users/olasunkanmiarowolo/Documents/OAsis-RS/Archive/oasis-rpm/vendor/laravel/framework/src/Illuminate/Container/Container.php(662): Illuminate\\Container\\BoundMethod::call(Object(Illuminate\\Foundation\\Application), Object(Closure), Array, NULL)
#16 /Users/olasunkanmiarowolo/Documents/OAsis-RS/Archive/oasis-rpm/vendor/laravel/framework/src/Illuminate/Support/ServiceProvider.php(119): Illuminate\\Container\\Container->call(Object(Closure))
#17 /Users/olasunkanmiarowolo/Documents/OAsis-RS/Archive/oasis-rpm/vendor/laravel/framework/src/Illuminate/Foundation/Application.php(1062): Illuminate\\Support\\ServiceProvider->callBootedCallbacks()
#18 /Users/olasunkanmiarowolo/Documents/OAsis-RS/Archive/oasis-rpm/vendor/laravel/framework/src/Illuminate/Foundation/Application.php(1040): Illuminate\\Foundation\\Application->bootProvider(Object(App\\Providers\\RouteServiceProvider))
#19 [internal function]: Illuminate\\Foundation\\Application->{closure:Illuminate\\Foundation\\Application::boot():1039}(Object(App\\Providers\\RouteServiceProvider), 25)
#20 /Users/olasunkanmiarowolo/Documents/OAsis-RS/Archive/oasis-rpm/vendor/laravel/framework/src/Illuminate/Foundation/Application.php(1039): array_walk(Array, Object(Closure))
#21 /Users/olasunkanmiarowolo/Documents/OAsis-RS/Archive/oasis-rpm/vendor/laravel/framework/src/Illuminate/Foundation/Bootstrap/BootProviders.php(17): Illuminate\\Foundation\\Application->boot()
#22 /Users/olasunkanmiarowolo/Documents/OAsis-RS/Archive/oasis-rpm/vendor/laravel/framework/src/Illuminate/Foundation/Application.php(286): Illuminate\\Foundation\\Bootstrap\\BootProviders->bootstrap(Object(Illuminate\\Foundation\\Application))
#23 /Users/olasunkanmiarowolo/Documents/OAsis-RS/Archive/oasis-rpm/vendor/laravel/framework/src/Illuminate/Foundation/Http/Kernel.php(186): Illuminate\\Foundation\\Application->bootstrapWith(Array)
#24 /Users/olasunkanmiarowolo/Documents/OAsis-RS/Archive/oasis-rpm/vendor/laravel/framework/src/Illuminate/Foundation/Http/Kernel.php(170): Illuminate\\Foundation\\Http\\Kernel->bootstrap()
#25 /Users/olasunkanmiarowolo/Documents/OAsis-RS/Archive/oasis-rpm/vendor/laravel/framework/src/Illuminate/Foundation/Http/Kernel.php(144): Illuminate\\Foundation\\Http\\Kernel->sendRequestThroughRouter(Object(Illuminate\\Http\\Request))
#26 /Users/olasunkanmiarowolo/Documents/OAsis-RS/Archive/oasis-rpm/public/index.php(51): Illuminate\\Foundation\\Http\\Kernel->handle(Object(Illuminate\\Http\\Request))
#27 /Users/olasunkanmiarowolo/Documents/OAsis-RS/Archive/oasis-rpm/vendor/laravel/framework/src/Illuminate/Foundation/resources/server.php(16): require_once('/Users/olasunka...')
#28 {main}
"} 
[2026-09-22 07:30:14] local.ERROR: syntax error, unexpected token "\" {"exception":"[object] (ParseError(code: 0): syntax error, unexpected token \"\\\" at /Users/olasunkanmiarowolo/Documents/OAsis-RS/Archive/oasis-rpm/routes/api.php:31)
[stacktrace]
#0 /Users/olasunkanmiarowolo/Documents/OAsis-RS/Archive/oasis-rpm/vendor/laravel/framework/src/Illuminate/Routing/Router.php(511): Illuminate\\Routing\\RouteFileRegistrar->register('/Users/olasunka...')
#1 /Users/olasunkanmiarowolo/Documents/OAsis-RS/Archive/oasis-rpm/vendor/laravel/framework/src/Illuminate/Routing/Router.php(465): Illuminate\\Routing\\Router->loadRoutes('/Users/olasunka...')
#2 /Users/olasunkanmiarowolo/Documents/OAsis-RS/Archive/oasis-rpm/vendor/laravel/framework/src/Illuminate/Routing/RouteRegistrar.php(194): Illuminate\\Routing\\Router->group(Array, '/Users/olasunka...')
#3 /Users/olasunkanmiarowolo/Documents/OAsis-RS/Archive/oasis-rpm/app/Providers/RouteServiceProvider.php(34): Illuminate\\Routing\\RouteRegistrar->group('/Users/olasunka...')
#4 /Users/olasunkanmiarowolo/Documents/OAsis-RS/Archive/oasis-rpm/vendor/laravel/framework/src/Illuminate/Container/BoundMethod.php(36): App\\Providers\\RouteServiceProvider->{closure:App\\Providers\\RouteServiceProvider::boot():31}()
#5 /Users/olasunkanmiarowolo/Documents/OAsis-RS/Archive/oasis-rpm/vendor/laravel/framework/src/Illuminate/Container/Util.php(41): Illuminate\\Container\\BoundMethod::{closure:Illuminate\\Container\\BoundMethod::call():35}()
#6 /Users/olasunkanmiarowolo/Documents/OAsis-RS/Archive/oasis-rpm/vendor/laravel/framework/src/Illuminate/Container/BoundMethod.php(81): Illuminate\\Container\\Util::unwrapIfClosure(Object(Closure))
#7 /Users/olasunkanmiarowolo/Documents/OAsis-RS/Archive/oasis-rpm/vendor/laravel/framework/src/Illuminate/Container/BoundMethod.php(35): Illuminate\\Container\\BoundMethod::callBoundMethod(Object(Illuminate\\Foundation\\Application), Object(Closure), Object(Closure))
#8 /Users/olasunkanmiarowolo/Documents/OAsis-RS/Archive/oasis-rpm/vendor/laravel/framework/src/Illuminate/Container/Container.php(662): Illuminate\\Container\\BoundMethod::call(Object(Illuminate\\Foundation\\Application), Object(Closure), Array, NULL)
#9 /Users/olasunkanmiarowolo/Documents/OAsis-RS/Archive/oasis-rpm/vendor/laravel/framework/src/Illuminate/Foundation/Support/Providers/RouteServiceProvider.php(120): Illuminate\\Container\\Container->call(Object(Closure))
#10 /Users/olasunkanmiarowolo/Documents/OAsis-RS/Archive/oasis-rpm/vendor/laravel/framework/src/Illuminate/Foundation/Support/Providers/RouteServiceProvider.php(45): Illuminate\\Foundation\\Support\\Providers\\RouteServiceProvider->loadRoutes()
#11 /Users/olasunkanmiarowolo/Documents/OAsis-RS/Archive/oasis-rpm/vendor/laravel/framework/src/Illuminate/Container/BoundMethod.php(36): Illuminate\\Foundation\\Support\\Providers\\RouteServiceProvider->{closure:Illuminate\\Foundation\\Support\\Providers\\RouteServiceProvider::register():39}()
#12 /Users/olasunkanmiarowolo/Documents/OAsis-RS/Archive/oasis-rpm/vendor/laravel/framework/src/Illuminate/Container/Util.php(41): Illuminate\\Container\\BoundMethod::{closure:Illuminate\\Container\\BoundMethod::call():35}()
#13 /Users/olasunkanmiarowolo/Documents/OAsis-RS/Archive/oasis-rpm/vendor/laravel/framework/src/Illuminate/Container/BoundMethod.php(81): Illuminate\\Container\\Util::unwrapIfClosure(Object(Closure))
#14 /Users/olasunkanmiarowolo/Documents/OAsis-RS/Archive/oasis-rpm/vendor/laravel/framework/src/Illuminate/Container/BoundMethod.php(35): Illuminate\\Container\\BoundMethod::callBoundMethod(Object(Illuminate\\Foundation\\Application), Object(Closure), Object(Closure))
#15 /Users/olasunkanmiarowolo/Documents/OAsis-RS/Archive/oasis-rpm/vendor/laravel/framework/src/Illuminate/Container/Container.php(662): Illuminate\\Container\\BoundMethod::call(Object(Illuminate\\Foundation\\Application), Object(Closure), Array, NULL)
#16 /Users/olasunkanmiarowolo/Documents/OAsis-RS/Archive/oasis-rpm/vendor/laravel/framework/src/Illuminate/Support/ServiceProvider.php(119): Illuminate\\Container\\Container->call(Object(Closure))
#17 /Users/olasunkanmiarowolo/Documents/OAsis-RS/Archive/oasis-rpm/vendor/laravel/framework/src/Illuminate/Foundation/Application.php(1062): Illuminate\\Support\\ServiceProvider->callBootedCallbacks()
#18 /Users/olasunkanmiarowolo/Documents/OAsis-RS/Archive/oasis-rpm/vendor/laravel/framework/src/Illuminate/Foundation/Application.php(1040): Illuminate\\Foundation\\Application->bootProvider(Object(App\\Providers\\RouteServiceProvider))
#19 [internal function]: Illuminate\\Foundation\\Application->{closure:Illuminate\\Foundation\\Application::boot():1039}(Object(App\\Providers\\RouteServiceProvider), 25)
#20 /Users/olasunkanmiarowolo/Documents/OAsis-RS/Archive/oasis-rpm/vendor/laravel/framework/src/Illuminate/Foundation/Application.php(1039): array_walk(Array, Object(Closure))
#21 /Users/olasunkanmiarowolo/Documents/OAsis-RS/Archive/oasis-rpm/vendor/laravel/framework/src/Illuminate/Foundation/Bootstrap/BootProviders.php(17): Illuminate\\Foundation\\Application->boot()
#22 /Users/olasunkanmiarowolo/Documents/OAsis-RS/Archive/oasis-rpm/vendor/laravel/framework/src/Illuminate/Foundation/Application.php(286): Illuminate\\Foundation\\Bootstrap\\BootProviders->bootstrap(Object(Illuminate\\Foundation\\Application))
#23 /Users/olasunkanmiarowolo/Documents/OAsis-RS/Archive/oasis-rpm/vendor/laravel/framework/src/Illuminate/Foundation/Http/Kernel.php(186): Illuminate\\Foundation\\Application->bootstrapWith(Array)
#24 /Users/olasunkanmiarowolo/Documents/OAsis-RS/Archive/oasis-rpm/vendor/laravel/framework/src/Illuminate/Foundation/Http/Kernel.php(170): Illuminate\\Foundation\\Http\\Kernel->bootstrap()
#25 /Users/olasunkanmiarowolo/Documents/OAsis-RS/Archive/oasis-rpm/vendor/laravel/framework/src/Illuminate/Foundation/Http/Kernel.php(144): Illuminate\\Foundation\\Http\\Kernel->sendRequestThroughRouter(Object(Illuminate\\Http\\Request))
#26 /Users/olasunkanmiarowolo/Documents/OAsis-RS/Archive/oasis-rpm/public/index.php(51): Illuminate\\Foundation\\Http\\Kernel->handle(Object(Illuminate\\Http\\Request))
#27 /Users/olasunkanmiarowolo/Documents/OAsis-RS/Archive/oasis-rpm/vendor/laravel/framework/src/Illuminate/Foundation/resources/server.php(16): require_once('/Users/olasunka...')
#28 {main}
"} 
[2026-09-22 07:50:41] local.ERROR: Class "Illuminate\Routing\App\Models\Supervisor" not found {"exception":"[object] (Error(code: 0): Class \"Illuminate\\Routing\\App\\Models\\Supervisor\" not found at laravel-serializable-closure://function () {
    $supervisor = \\Illuminate\\Routing\\App\\Models\\Supervisor::whereHas('user', function($q) {
        $q->where('email', 'olaarowolo.ng@gmail.com');
    })->with('user')->first();
    
    if(!$supervisor) {
        return response()->json(['error' => 'No supervisor found for olaarowolo.ng@gmail.com']);
    }
    
    return response()->json([
        'supervisor_id' => $supervisor->id,
        'user_email' => $supervisor->user->email,
        'pin_valid' => \\Illuminate\\Routing\\Hash::check('2026', $supervisor->pin_code),
        'passphrase_valid' => \\Illuminate\\Routing\\Hash::check('LASU-Arowolo-2026', $supervisor->passphrase),
        'is_active' => $supervisor->is_active,
    ]);
}:3)
[stacktrace]
#0 /Users/olasunkanmiarowolo/Documents/OAsis-RS/Archive/oasis-rpm/vendor/laravel/framework/src/Illuminate/Routing/CallableDispatcher.php(40): Illuminate\\Routing\\RouteFileRegistrar::{closure:laravel-serializable-closure://function () {
    $supervisor = \\Illuminate\\Routing\\App\\Models\\Supervisor::whereHas('user', function($q) {
        $q->where('email', 'olaarowolo.ng@gmail.com');
    })->with('user')->first();
    
    if(!$supervisor) {
        return response()->json(['error' => 'No supervisor found for olaarowolo.ng@gmail.com']);
    }
    
    return response()->json([
        'supervisor_id' => $supervisor->id,
        'user_email' => $supervisor->user->email,
        'pin_valid' => \\Illuminate\\Routing\\Hash::check('2026', $supervisor->pin_code),
        'passphrase_valid' => \\Illuminate\\Routing\\Hash::check('LASU-Arowolo-2026', $supervisor->passphrase),
        'is_active' => $supervisor->is_active,
    ]);
}:2}()
#1 /Users/olasunkanmiarowolo/Documents/OAsis-RS/Archive/oasis-rpm/vendor/laravel/framework/src/Illuminate/Routing/Route.php(237): Illuminate\\Routing\\CallableDispatcher->dispatch(Object(Illuminate\\Routing\\Route), Object(Closure))
#2 /Users/olasunkanmiarowolo/Documents/OAsis-RS/Archive/oasis-rpm/vendor/laravel/framework/src/Illuminate/Routing/Route.php(208): Illuminate\\Routing\\Route->runCallable()
#3 /Users/olasunkanmiarowolo/Documents/OAsis-RS/Archive/oasis-rpm/vendor/laravel/framework/src/Illuminate/Routing/Router.php(806): Illuminate\\Routing\\Route->run()
#4 /Users/olasunkanmiarowolo/Documents/OAsis-RS/Archive/oasis-rpm/vendor/laravel/framework/src/Illuminate/Pipeline/Pipeline.php(144): Illuminate\\Routing\\Router->{closure:Illuminate\\Routing\\Router::runRouteWithinStack():805}(Object(Illuminate\\Http\\Request))
#5 /Users/olasunkanmiarowolo/Documents/OAsis-RS/Archive/oasis-rpm/vendor/laravel/framework/src/Illuminate/Routing/Middleware/SubstituteBindings.php(50): Illuminate\\Pipeline\\Pipeline->{closure:Illuminate\\Pipeline\\Pipeline::prepareDestination():142}(Object(Illuminate\\Http\\Request))
#6 /Users/olasunkanmiarowolo/Documents/OAsis-RS/Archive/oasis-rpm/vendor/laravel/framework/src/Illuminate/Pipeline/Pipeline.php(183): Illuminate\\Routing\\Middleware\\SubstituteBindings->handle(Object(Illuminate\\Http\\Request), Object(Closure))
#7 /Users/olasunkanmiarowolo/Documents/OAsis-RS/Archive/oasis-rpm/vendor/laravel/framework/src/Illuminate/Routing/Middleware/ThrottleRequests.php(159): Illuminate\\Pipeline\\Pipeline->{closure:{closure:Illuminate\\Pipeline\\Pipeline::carry():158}:159}(Object(Illuminate\\Http\\Request))
#8 /Users/olasunkanmiarowolo/Documents/OAsis-RS/Archive/oasis-rpm/vendor/laravel/framework/src/Illuminate/Routing/Middleware/ThrottleRequests.php(125): Illuminate\\Routing\\Middleware\\ThrottleRequests->handleRequest(Object(Illuminate\\Http\\Request), Object(Closure), Array)
#9 /Users/olasunkanmiarowolo/Documents/OAsis-RS/Archive/oasis-rpm/vendor/laravel/framework/src/Illuminate/Routing/Middleware/ThrottleRequests.php(87): Illuminate\\Routing\\Middleware\\ThrottleRequests->handleRequestUsingNamedLimiter(Object(Illuminate\\Http\\Request), Object(Closure), 'api', Object(Closure))
#10 /Users/olasunkanmiarowolo/Documents/OAsis-RS/Archive/oasis-rpm/vendor/laravel/framework/src/Illuminate/Pipeline/Pipeline.php(183): Illuminate\\Routing\\Middleware\\ThrottleRequests->handle(Object(Illuminate\\Http\\Request), Object(Closure), 'api')
#11 /Users/olasunkanmiarowolo/Documents/OAsis-RS/Archive/oasis-rpm/vendor/laravel/framework/src/Illuminate/Session/Middleware/StartSession.php(121): Illuminate\\Pipeline\\Pipeline->{closure:{closure:Illuminate\\Pipeline\\Pipeline::carry():158}:159}(Object(Illuminate\\Http\\Request))
#12 /Users/olasunkanmiarowolo/Documents/OAsis-RS/Archive/oasis-rpm/vendor/laravel/framework/src/Illuminate/Session/Middleware/StartSession.php(64): Illuminate\\Session\\Middleware\\StartSession->handleStatefulRequest(Object(Illuminate\\Http\\Request), Object(Illuminate\\Session\\Store), Object(Closure))
#13 /Users/olasunkanmiarowolo/Documents/OAsis-RS/Archive/oasis-rpm/vendor/laravel/framework/src/Illuminate/Pipeline/Pipeline.php(183): Illuminate\\Session\\Middleware\\StartSession->handle(Object(Illuminate\\Http\\Request), Object(Closure))
#14 /Users/olasunkanmiarowolo/Documents/OAsis-RS/Archive/oasis-rpm/vendor/laravel/framework/src/Illuminate/Cookie/Middleware/AddQueuedCookiesToResponse.php(37): Illuminate\\Pipeline\\Pipeline->{closure:{closure:Illuminate\\Pipeline\\Pipeline::carry():158}:159}(Object(Illuminate\\Http\\Request))
#15 /Users/olasunkanmiarowolo/Documents/OAsis-RS/Archive/oasis-rpm/vendor/laravel/framework/src/Illuminate/Pipeline/Pipeline.php(183): Illuminate\\Cookie\\Middleware\\AddQueuedCookiesToResponse->handle(Object(Illuminate\\Http\\Request), Object(Closure))
#16 /Users/olasunkanmiarowolo/Documents/OAsis-RS/Archive/oasis-rpm/vendor/laravel/framework/src/Illuminate/Cookie/Middleware/EncryptCookies.php(67): Illuminate\\Pipeline\\Pipeline->{closure:{closure:Illuminate\\Pipeline\\Pipeline::carry():158}:159}(Object(Illuminate\\Http\\Request))
#17 /Users/olasunkanmiarowolo/Documents/OAsis-RS/Archive/oasis-rpm/vendor/laravel/framework/src/Illuminate/Pipeline/Pipeline.php(183): Illuminate\\Cookie\\Middleware\\EncryptCookies->handle(Object(Illuminate\\Http\\Request), Object(Closure))
#18 /Users/olasunkanmiarowolo/Documents/OAsis-RS/Archive/oasis-rpm/vendor/laravel/sanctum/src/Http/Middleware/EnsureFrontendRequestsAreStateful.php(25): Illuminate\\Pipeline\\Pipeline->{closure:{closure:Illuminate\\Pipeline\\Pipeline::carry():158}:159}(Object(Illuminate\\Http\\Request))
#19 /Users/olasunkanmiarowolo/Documents/OAsis-RS/Archive/oasis-rpm/vendor/laravel/framework/src/Illuminate/Pipeline/Pipeline.php(144): Laravel\\Sanctum\\Http\\Middleware\\EnsureFrontendRequestsAreStateful->{closure:Laravel\\Sanctum\\Http\\Middleware\\EnsureFrontendRequestsAreStateful::handle():24}(Object(Illuminate\\Http\\Request))
#20 /Users/olasunkanmiarowolo/Documents/OAsis-RS/Archive/oasis-rpm/vendor/laravel/framework/src/Illuminate/Pipeline/Pipeline.php(119): Illuminate\\Pipeline\\Pipeline->{closure:Illuminate\\Pipeline\\Pipeline::prepareDestination():142}(Object(Illuminate\\Http\\Request))
#21 /Users/olasunkanmiarowolo/Documents/OAsis-RS/Archive/oasis-rpm/vendor/laravel/sanctum/src/Http/Middleware/EnsureFrontendRequestsAreStateful.php(24): Illuminate\\Pipeline\\Pipeline->then(Object(Closure))
#22 /Users/olasunkanmiarowolo/Documents/OAsis-RS/Archive/oasis-rpm/vendor/laravel/framework/src/Illuminate/Pipeline/Pipeline.php(183): Laravel\\Sanctum\\Http\\Middleware\\EnsureFrontendRequestsAreStateful->handle(Object(Illuminate\\Http\\Request), Object(Closure))
#23 /Users/olasunkanmiarowolo/Documents/OAsis-RS/Archive/oasis-rpm/vendor/laravel/framework/src/Illuminate/Pipeline/Pipeline.php(119): Illuminate\\Pipeline\\Pipeline->{closure:{closure:Illuminate\\Pipeline\\Pipeline::carry():158}:159}(Object(Illuminate\\Http\\Request))
#24 /Users/olasunkanmiarowolo/Documents/OAsis-RS/Archive/oasis-rpm/vendor/laravel/framework/src/Illuminate/Routing/Router.php(805): Illuminate\\Pipeline\\Pipeline->then(Object(Closure))
#25 /Users/olasunkanmiarowolo/Documents/OAsis-RS/Archive/oasis-rpm/vendor/laravel/framework/src/Illuminate/Routing/Router.php(784): Illuminate\\Routing\\Router->runRouteWithinStack(Object(Illuminate\\Routing\\Route), Object(Illuminate\\Http\\Request))
#26 /Users/olasunkanmiarowolo/Documents/OAsis-RS/Archive/oasis-rpm/vendor/laravel/framework/src/Illuminate/Routing/Router.php(748): Illuminate\\Routing\\Router->runRoute(Object(Illuminate\\Http\\Request), Object(Illuminate\\Routing\\Route))
#27 /Users/olasunkanmiarowolo/Documents/OAsis-RS/Archive/oasis-rpm/vendor/laravel/framework/src/Illuminate/Routing/Router.php(737): Illuminate\\Routing\\Router->dispatchToRoute(Object(Illuminate\\Http\\Request))
#28 /Users/olasunkanmiarowolo/Documents/OAsis-RS/Archive/oasis-rpm/vendor/laravel/framework/src/Illuminate/Foundation/Http/Kernel.php(200): Illuminate\\Routing\\Router->dispatch(Object(Illuminate\\Http\\Request))
#29 /Users/olasunkanmiarowolo/Documents/OAsis-RS/Archive/oasis-rpm/vendor/laravel/framework/src/Illuminate/Pipeline/Pipeline.php(144): Illuminate\\Foundation\\Http\\Kernel->{closure:Illuminate\\Foundation\\Http\\Kernel::dispatchToRouter():197}(Object(Illuminate\\Http\\Request))
#30 /Users/olasunkanmiarowolo/Documents/OAsis-RS/Archive/oasis-rpm/vendor/laravel/framework/src/Illuminate/Foundation/Http/Middleware/TransformsRequest.php(21): Illuminate\\Pipeline\\Pipeline->{closure:Illuminate\\Pipeline\\Pipeline::prepareDestination():142}(Object(Illuminate\\Http\\Request))
#31 /Users/olasunkanmiarowolo/Documents/OAsis-RS/Archive/oasis-rpm/vendor/laravel/framework/src/Illuminate/Foundation/Http/Middleware/ConvertEmptyStringsToNull.php(31): Illuminate\\Foundation\\Http\\Middleware\\TransformsRequest->handle(Object(Illuminate\\Http\\Request), Object(Closure))
#32 /Users/olasunkanmiarowolo/Documents/OAsis-RS/Archive/oasis-rpm/vendor/laravel/framework/src/Illuminate/Pipeline/Pipeline.php(183): Illuminate\\Foundation\\Http\\Middleware\\ConvertEmptyStringsToNull->handle(Object(Illuminate\\Http\\Request), Object(Closure))
#33 /Users/olasunkanmiarowolo/Documents/OAsis-RS/Archive/oasis-rpm/vendor/laravel/framework/src/Illuminate/Foundation/Http/Middleware/TransformsRequest.php(21): Illuminate\\Pipeline\\Pipeline->{closure:{closure:Illuminate\\Pipeline\\Pipeline::carry():158}:159}(Object(Illuminate\\Http\\Request))
#34 /Users/olasunkanmiarowolo/Documents/OAsis-RS/Archive/oasis-rpm/vendor/laravel/framework/src/Illuminate/Foundation/Http/Middleware/TrimStrings.php(40): Illuminate\\Foundation\\Http\\Middleware\\TransformsRequest->handle(Object(Illuminate\\Http\\Request), Object(Closure))
#35 /Users/olasunkanmiarowolo/Documents/OAsis-RS/Archive/oasis-rpm/vendor/laravel/framework/src/Illuminate/Pipeline/Pipeline.php(183): Illuminate\\Foundation\\Http\\Middleware\\TrimStrings->handle(Object(Illuminate\\Http\\Request), Object(Closure))
#36 /Users/olasunkanmiarowolo/Documents/OAsis-RS/Archive/oasis-rpm/vendor/laravel/framework/src/Illuminate/Foundation/Http/Middleware/ValidatePostSize.php(27): Illuminate\\Pipeline\\Pipeline->{closure:{closure:Illuminate\\Pipeline\\Pipeline::carry():158}:159}(Object(Illuminate\\Http\\Request))
#37 /Users/olasunkanmiarowolo/Documents/OAsis-RS/Archive/oasis-rpm/vendor/laravel/framework/src/Illuminate/Pipeline/Pipeline.php(183): Illuminate\\Foundation\\Http\\Middleware\\ValidatePostSize->handle(Object(Illuminate\\Http\\Request), Object(Closure))
#38 /Users/olasunkanmiarowolo/Documents/OAsis-RS/Archive/oasis-rpm/vendor/laravel/framework/src/Illuminate/Foundation/Http/Middleware/PreventRequestsDuringMaintenance.php(99): Illuminate\\Pipeline\\Pipeline->{closure:{closure:Illuminate\\Pipeline\\Pipeline::carry():158}:159}(Object(Illuminate\\Http\\Request))
#39 /Users/olasunkanmiarowolo/Documents/OAsis-RS/Archive/oasis-rpm/vendor/laravel/framework/src/Illuminate/Pipeline/Pipeline.php(183): Illuminate\\Foundation\\Http\\Middleware\\PreventRequestsDuringMaintenance->handle(Object(Illuminate\\Http\\Request), Object(Closure))
#40 /Users/olasunkanmiarowolo/Documents/OAsis-RS/Archive/oasis-rpm/vendor/laravel/framework/src/Illuminate/Pipeline/Pipeline.php(119): Illuminate\\Pipeline\\Pipeline->{closure:{closure:Illuminate\\Pipeline\\Pipeline::carry():158}:159}(Object(Illuminate\\Http\\Request))
#41 /Users/olasunkanmiarowolo/Documents/OAsis-RS/Archive/oasis-rpm/vendor/laravel/framework/src/Illuminate/Foundation/Http/Kernel.php(175): Illuminate\\Pipeline\\Pipeline->then(Object(Closure))
#42 /Users/olasunkanmiarowolo/Documents/OAsis-RS/Archive/oasis-rpm/vendor/laravel/framework/src/Illuminate/Foundation/Http/Kernel.php(144): Illuminate\\Foundation\\Http\\Kernel->sendRequestThroughRouter(Object(Illuminate\\Http\\Request))
#43 /Users/olasunkanmiarowolo/Documents/OAsis-RS/Archive/oasis-rpm/public/index.php(51): Illuminate\\Foundation\\Http\\Kernel->handle(Object(Illuminate\\Http\\Request))
#44 /Users/olasunkanmiarowolo/Documents/OAsis-RS/Archive/oasis-rpm/vendor/laravel/framework/src/Illuminate/Foundation/resources/server.php(16): require_once('/Users/olasunka...')
#45 {main}
"} 
[2026-09-22 07:51:01] local.ERROR: Class "Illuminate\Routing\App\Models\Supervisor" not found {"exception":"[object] (Error(code: 0): Class \"Illuminate\\Routing\\App\\Models\\Supervisor\" not found at laravel-serializable-closure://function () {
    $supervisor = \\Illuminate\\Routing\\App\\Models\\Supervisor::whereHas('user', function($q) {
        $q->where('email', 'olaarowolo.ng@gmail.com');
    })->with('user')->first();
    
    if(!$supervisor) {
        return response()->json(['error' => 'No supervisor found for olaarowolo.ng@gmail.com']);
    }
    
    return response()->json([
        'supervisor_id' => $supervisor->id,
        'user_email' => $supervisor->user->email,
        'pin_valid' => \\Illuminate\\Routing\\Hash::check('2026', $supervisor->pin_code),
        'passphrase_valid' => \\Illuminate\\Routing\\Hash::check('LASU-Arowolo-2026', $supervisor->passphrase),
        'is_active' => $supervisor->is_active,
    ]);
}:3)
[stacktrace]
#0 /Users/olasunkanmiarowolo/Documents/OAsis-RS/Archive/oasis-rpm/vendor/laravel/framework/src/Illuminate/Routing/CallableDispatcher.php(40): Illuminate\\Routing\\RouteFileRegistrar::{closure:laravel-serializable-closure://function () {
    $supervisor = \\Illuminate\\Routing\\App\\Models\\Supervisor::whereHas('user', function($q) {
        $q->where('email', 'olaarowolo.ng@gmail.com');
    })->with('user')->first();
    
    if(!$supervisor) {
        return response()->json(['error' => 'No supervisor found for olaarowolo.ng@gmail.com']);
    }
    
    return response()->json([
        'supervisor_id' => $supervisor->id,
        'user_email' => $supervisor->user->email,
        'pin_valid' => \\Illuminate\\Routing\\Hash::check('2026', $supervisor->pin_code),
        'passphrase_valid' => \\Illuminate\\Routing\\Hash::check('LASU-Arowolo-2026', $supervisor->passphrase),
        'is_active' => $supervisor->is_active,
    ]);
}:2}()
#1 /Users/olasunkanmiarowolo/Documents/OAsis-RS/Archive/oasis-rpm/vendor/laravel/framework/src/Illuminate/Routing/Route.php(237): Illuminate\\Routing\\CallableDispatcher->dispatch(Object(Illuminate\\Routing\\Route), Object(Closure))
#2 /Users/olasunkanmiarowolo/Documents/OAsis-RS/Archive/oasis-rpm/vendor/laravel/framework/src/Illuminate/Routing/Route.php(208): Illuminate\\Routing\\Route->runCallable()
#3 /Users/olasunkanmiarowolo/Documents/OAsis-RS/Archive/oasis-rpm/vendor/laravel/framework/src/Illuminate/Routing/Router.php(806): Illuminate\\Routing\\Route->run()
#4 /Users/olasunkanmiarowolo/Documents/OAsis-RS/Archive/oasis-rpm/vendor/laravel/framework/src/Illuminate/Pipeline/Pipeline.php(144): Illuminate\\Routing\\Router->{closure:Illuminate\\Routing\\Router::runRouteWithinStack():805}(Object(Illuminate\\Http\\Request))
#5 /Users/olasunkanmiarowolo/Documents/OAsis-RS/Archive/oasis-rpm/vendor/laravel/framework/src/Illuminate/Routing/Middleware/SubstituteBindings.php(50): Illuminate\\Pipeline\\Pipeline->{closure:Illuminate\\Pipeline\\Pipeline::prepareDestination():142}(Object(Illuminate\\Http\\Request))
#6 /Users/olasunkanmiarowolo/Documents/OAsis-RS/Archive/oasis-rpm/vendor/laravel/framework/src/Illuminate/Pipeline/Pipeline.php(183): Illuminate\\Routing\\Middleware\\SubstituteBindings->handle(Object(Illuminate\\Http\\Request), Object(Closure))
#7 /Users/olasunkanmiarowolo/Documents/OAsis-RS/Archive/oasis-rpm/vendor/laravel/framework/src/Illuminate/Routing/Middleware/ThrottleRequests.php(159): Illuminate\\Pipeline\\Pipeline->{closure:{closure:Illuminate\\Pipeline\\Pipeline::carry():158}:159}(Object(Illuminate\\Http\\Request))
#8 /Users/olasunkanmiarowolo/Documents/OAsis-RS/Archive/oasis-rpm/vendor/laravel/framework/src/Illuminate/Routing/Middleware/ThrottleRequests.php(125): Illuminate\\Routing\\Middleware\\ThrottleRequests->handleRequest(Object(Illuminate\\Http\\Request), Object(Closure), Array)
#9 /Users/olasunkanmiarowolo/Documents/OAsis-RS/Archive/oasis-rpm/vendor/laravel/framework/src/Illuminate/Routing/Middleware/ThrottleRequests.php(87): Illuminate\\Routing\\Middleware\\ThrottleRequests->handleRequestUsingNamedLimiter(Object(Illuminate\\Http\\Request), Object(Closure), 'api', Object(Closure))
#10 /Users/olasunkanmiarowolo/Documents/OAsis-RS/Archive/oasis-rpm/vendor/laravel/framework/src/Illuminate/Pipeline/Pipeline.php(183): Illuminate\\Routing\\Middleware\\ThrottleRequests->handle(Object(Illuminate\\Http\\Request), Object(Closure), 'api')
#11 /Users/olasunkanmiarowolo/Documents/OAsis-RS/Archive/oasis-rpm/vendor/laravel/framework/src/Illuminate/Session/Middleware/StartSession.php(121): Illuminate\\Pipeline\\Pipeline->{closure:{closure:Illuminate\\Pipeline\\Pipeline::carry():158}:159}(Object(Illuminate\\Http\\Request))
#12 /Users/olasunkanmiarowolo/Documents/OAsis-RS/Archive/oasis-rpm/vendor/laravel/framework/src/Illuminate/Session/Middleware/StartSession.php(64): Illuminate\\Session\\Middleware\\StartSession->handleStatefulRequest(Object(Illuminate\\Http\\Request), Object(Illuminate\\Session\\Store), Object(Closure))
#13 /Users/olasunkanmiarowolo/Documents/OAsis-RS/Archive/oasis-rpm/vendor/laravel/framework/src/Illuminate/Pipeline/Pipeline.php(183): Illuminate\\Session\\Middleware\\StartSession->handle(Object(Illuminate\\Http\\Request), Object(Closure))
#14 /Users/olasunkanmiarowolo/Documents/OAsis-RS/Archive/oasis-rpm/vendor/laravel/framework/src/Illuminate/Cookie/Middleware/AddQueuedCookiesToResponse.php(37): Illuminate\\Pipeline\\Pipeline->{closure:{closure:Illuminate\\Pipeline\\Pipeline::carry():158}:159}(Object(Illuminate\\Http\\Request))
#15 /Users/olasunkanmiarowolo/Documents/OAsis-RS/Archive/oasis-rpm/vendor/laravel/framework/src/Illuminate/Pipeline/Pipeline.php(183): Illuminate\\Cookie\\Middleware\\AddQueuedCookiesToResponse->handle(Object(Illuminate\\Http\\Request), Object(Closure))
#16 /Users/olasunkanmiarowolo/Documents/OAsis-RS/Archive/oasis-rpm/vendor/laravel/framework/src/Illuminate/Cookie/Middleware/EncryptCookies.php(67): Illuminate\\Pipeline\\Pipeline->{closure:{closure:Illuminate\\Pipeline\\Pipeline::carry():158}:159}(Object(Illuminate\\Http\\Request))
#17 /Users/olasunkanmiarowolo/Documents/OAsis-RS/Archive/oasis-rpm/vendor/laravel/framework/src/Illuminate/Pipeline/Pipeline.php(183): Illuminate\\Cookie\\Middleware\\EncryptCookies->handle(Object(Illuminate\\Http\\Request), Object(Closure))
#18 /Users/olasunkanmiarowolo/Documents/OAsis-RS/Archive/oasis-rpm/vendor/laravel/sanctum/src/Http/Middleware/EnsureFrontendRequestsAreStateful.php(25): Illuminate\\Pipeline\\Pipeline->{closure:{closure:Illuminate\\Pipeline\\Pipeline::carry():158}:159}(Object(Illuminate\\Http\\Request))
#19 /Users/olasunkanmiarowolo/Documents/OAsis-RS/Archive/oasis-rpm/vendor/laravel/framework/src/Illuminate/Pipeline/Pipeline.php(144): Laravel\\Sanctum\\Http\\Middleware\\EnsureFrontendRequestsAreStateful->{closure:Laravel\\Sanctum\\Http\\Middleware\\EnsureFrontendRequestsAreStateful::handle():24}(Object(Illuminate\\Http\\Request))
#20 /Users/olasunkanmiarowolo/Documents/OAsis-RS/Archive/oasis-rpm/vendor/laravel/framework/src/Illuminate/Pipeline/Pipeline.php(119): Illuminate\\Pipeline\\Pipeline->{closure:Illuminate\\Pipeline\\Pipeline::prepareDestination():142}(Object(Illuminate\\Http\\Request))
#21 /Users/olasunkanmiarowolo/Documents/OAsis-RS/Archive/oasis-rpm/vendor/laravel/sanctum/src/Http/Middleware/EnsureFrontendRequestsAreStateful.php(24): Illuminate\\Pipeline\\Pipeline->then(Object(Closure))
#22 /Users/olasunkanmiarowolo/Documents/OAsis-RS/Archive/oasis-rpm/vendor/laravel/framework/src/Illuminate/Pipeline/Pipeline.php(183): Laravel\\Sanctum\\Http\\Middleware\\EnsureFrontendRequestsAreStateful->handle(Object(Illuminate\\Http\\Request), Object(Closure))
#23 /Users/olasunkanmiarowolo/Documents/OAsis-RS/Archive/oasis-rpm/vendor/laravel/framework/src/Illuminate/Pipeline/Pipeline.php(119): Illuminate\\Pipeline\\Pipeline->{closure:{closure:Illuminate\\Pipeline\\Pipeline::carry():158}:159}(Object(Illuminate\\Http\\Request))
#24 /Users/olasunkanmiarowolo/Documents/OAsis-RS/Archive/oasis-rpm/vendor/laravel/framework/src/Illuminate/Routing/Router.php(805): Illuminate\\Pipeline\\Pipeline->then(Object(Closure))
#25 /Users/olasunkanmiarowolo/Documents/OAsis-RS/Archive/oasis-rpm/vendor/laravel/framework/src/Illuminate/Routing/Router.php(784): Illuminate\\Routing\\Router->runRouteWithinStack(Object(Illuminate\\Routing\\Route), Object(Illuminate\\Http\\Request))
#26 /Users/olasunkanmiarowolo/Documents/OAsis-RS/Archive/oasis-rpm/vendor/laravel/framework/src/Illuminate/Routing/Router.php(748): Illuminate\\Routing\\Router->runRoute(Object(Illuminate\\Http\\Request), Object(Illuminate\\Routing\\Route))
#27 /Users/olasunkanmiarowolo/Documents/OAsis-RS/Archive/oasis-rpm/vendor/laravel/framework/src/Illuminate/Routing/Router.php(737): Illuminate\\Routing\\Router->dispatchToRoute(Object(Illuminate\\Http\\Request))
#28 /Users/olasunkanmiarowolo/Documents/OAsis-RS/Archive/oasis-rpm/vendor/laravel/framework/src/Illuminate/Foundation/Http/Kernel.php(200): Illuminate\\Routing\\Router->dispatch(Object(Illuminate\\Http\\Request))
#29 /Users/olasunkanmiarowolo/Documents/OAsis-RS/Archive/oasis-rpm/vendor/laravel/framework/src/Illuminate/Pipeline/Pipeline.php(144): Illuminate\\Foundation\\Http\\Kernel->{closure:Illuminate\\Foundation\\Http\\Kernel::dispatchToRouter():197}(Object(Illuminate\\Http\\Request))
#30 /Users/olasunkanmiarowolo/Documents/OAsis-RS/Archive/oasis-rpm/vendor/laravel/framework/src/Illuminate/Foundation/Http/Middleware/TransformsRequest.php(21): Illuminate\\Pipeline\\Pipeline->{closure:Illuminate\\Pipeline\\Pipeline::prepareDestination():142}(Object(Illuminate\\Http\\Request))
#31 /Users/olasunkanmiarowolo/Documents/OAsis-RS/Archive/oasis-rpm/vendor/laravel/framework/src/Illuminate/Foundation/Http/Middleware/ConvertEmptyStringsToNull.php(31): Illuminate\\Foundation\\Http\\Middleware\\TransformsRequest->handle(Object(Illuminate\\Http\\Request), Object(Closure))
#32 /Users/olasunkanmiarowolo/Documents/OAsis-RS/Archive/oasis-rpm/vendor/laravel/framework/src/Illuminate/Pipeline/Pipeline.php(183): Illuminate\\Foundation\\Http\\Middleware\\ConvertEmptyStringsToNull->handle(Object(Illuminate\\Http\\Request), Object(Closure))
#33 /Users/olasunkanmiarowolo/Documents/OAsis-RS/Archive/oasis-rpm/vendor/laravel/framework/src/Illuminate/Foundation/Http/Middleware/TransformsRequest.php(21): Illuminate\\Pipeline\\Pipeline->{closure:{closure:Illuminate\\Pipeline\\Pipeline::carry():158}:159}(Object(Illuminate\\Http\\Request))
#34 /Users/olasunkanmiarowolo/Documents/OAsis-RS/Archive/oasis-rpm/vendor/laravel/framework/src/Illuminate/Foundation/Http/Middleware/TrimStrings.php(40): Illuminate\\Foundation\\Http\\Middleware\\TransformsRequest->handle(Object(Illuminate\\Http\\Request), Object(Closure))
#35 /Users/olasunkanmiarowolo/Documents/OAsis-RS/Archive/oasis-rpm/vendor/laravel/framework/src/Illuminate/Pipeline/Pipeline.php(183): Illuminate\\Foundation\\Http\\Middleware\\TrimStrings->handle(Object(Illuminate\\Http\\Request), Object(Closure))
#36 /Users/olasunkanmiarowolo/Documents/OAsis-RS/Archive/oasis-rpm/vendor/laravel/framework/src/Illuminate/Foundation/Http/Middleware/ValidatePostSize.php(27): Illuminate\\Pipeline\\Pipeline->{closure:{closure:Illuminate\\Pipeline\\Pipeline::carry():158}:159}(Object(Illuminate\\Http\\Request))
#37 /Users/olasunkanmiarowolo/Documents/OAsis-RS/Archive/oasis-rpm/vendor/laravel/framework/src/Illuminate/Pipeline/Pipeline.php(183): Illuminate\\Foundation\\Http\\Middleware\\ValidatePostSize->handle(Object(Illuminate\\Http\\Request), Object(Closure))
#38 /Users/olasunkanmiarowolo/Documents/OAsis-RS/Archive/oasis-rpm/vendor/laravel/framework/src/Illuminate/Foundation/Http/Middleware/PreventRequestsDuringMaintenance.php(99): Illuminate\\Pipeline\\Pipeline->{closure:{closure:Illuminate\\Pipeline\\Pipeline::carry():158}:159}(Object(Illuminate\\Http\\Request))
#39 /Users/olasunkanmiarowolo/Documents/OAsis-RS/Archive/oasis-rpm/vendor/laravel/framework/src/Illuminate/Pipeline/Pipeline.php(183): Illuminate\\Foundation\\Http\\Middleware\\PreventRequestsDuringMaintenance->handle(Object(Illuminate\\Http\\Request), Object(Closure))
#40 /Users/olasunkanmiarowolo/Documents/OAsis-RS/Archive/oasis-rpm/vendor/laravel/framework/src/Illuminate/Pipeline/Pipeline.php(119): Illuminate\\Pipeline\\Pipeline->{closure:{closure:Illuminate\\Pipeline\\Pipeline::carry():158}:159}(Object(Illuminate\\Http\\Request))
#41 /Users/olasunkanmiarowolo/Documents/OAsis-RS/Archive/oasis-rpm/vendor/laravel/framework/src/Illuminate/Foundation/Http/Kernel.php(175): Illuminate\\Pipeline\\Pipeline->then(Object(Closure))
#42 /Users/olasunkanmiarowolo/Documents/OAsis-RS/Archive/oasis-rpm/vendor/laravel/framework/src/Illuminate/Foundation/Http/Kernel.php(144): Illuminate\\Foundation\\Http\\Kernel->sendRequestThroughRouter(Object(Illuminate\\Http\\Request))
#43 /Users/olasunkanmiarowolo/Documents/OAsis-RS/Archive/oasis-rpm/public/index.php(51): Illuminate\\Foundation\\Http\\Kernel->handle(Object(Illuminate\\Http\\Request))
#44 /Users/olasunkanmiarowolo/Documents/OAsis-RS/Archive/oasis-rpm/vendor/laravel/framework/src/Illuminate/Foundation/resources/server.php(16): require_once('/Users/olasunka...')
#45 {main}
"} 
[2026-09-22 07:51:05] local.ERROR: PHP Parse error: Syntax error, unexpected T_NAME_QUALIFIED on line 17 {"exception":"[object] (Psy\\Exception\\ParseErrorException(code: 0): PHP Parse error: Syntax error, unexpected T_NAME_QUALIFIED on line 17 at /Users/olasunkanmiarowolo/Documents/OAsis-RS/Archive/oasis-rpm/vendor/psy/psysh/src/Exception/ParseErrorException.php:44)
[stacktrace]
#0 /Users/olasunkanmiarowolo/Documents/OAsis-RS/Archive/oasis-rpm/vendor/psy/psysh/src/CodeCleaner.php(657): Psy\\Exception\\ParseErrorException::fromParseError(Object(PhpParser\\Error))
#1 /Users/olasunkanmiarowolo/Documents/OAsis-RS/Archive/oasis-rpm/vendor/psy/psysh/src/CodeCleaner.php(273): Psy\\CodeCleaner->parse('<?php \\necho '==...', false)
#2 /Users/olasunkanmiarowolo/Documents/OAsis-RS/Archive/oasis-rpm/vendor/psy/psysh/src/Shell.php(1399): Psy\\CodeCleaner->clean(Array, false)
#3 /Users/olasunkanmiarowolo/Documents/OAsis-RS/Archive/oasis-rpm/vendor/psy/psysh/src/Shell.php(1506): Psy\\Shell->appendCode('\\necho '=== Find...', true, false)
#4 /Users/olasunkanmiarowolo/Documents/OAsis-RS/Archive/oasis-rpm/vendor/psy/psysh/src/Shell.php(2215): Psy\\Shell->setCode('\\necho '=== Find...', true)
#5 /Users/olasunkanmiarowolo/Documents/OAsis-RS/Archive/oasis-rpm/vendor/laravel/tinker/src/Console/TinkerCommand.php(77): Psy\\Shell->execute('\\necho '=== Find...')
#6 /Users/olasunkanmiarowolo/Documents/OAsis-RS/Archive/oasis-rpm/vendor/laravel/framework/src/Illuminate/Container/BoundMethod.php(36): Laravel\\Tinker\\Console\\TinkerCommand->handle()
#7 /Users/olasunkanmiarowolo/Documents/OAsis-RS/Archive/oasis-rpm/vendor/laravel/framework/src/Illuminate/Container/Util.php(41): Illuminate\\Container\\BoundMethod::{closure:Illuminate\\Container\\BoundMethod::call():35}()
#8 /Users/olasunkanmiarowolo/Documents/OAsis-RS/Archive/oasis-rpm/vendor/laravel/framework/src/Illuminate/Container/BoundMethod.php(93): Illuminate\\Container\\Util::unwrapIfClosure(Object(Closure))
#9 /Users/olasunkanmiarowolo/Documents/OAsis-RS/Archive/oasis-rpm/vendor/laravel/framework/src/Illuminate/Container/BoundMethod.php(35): Illuminate\\Container\\BoundMethod::callBoundMethod(Object(Illuminate\\Foundation\\Application), Array, Object(Closure))
#10 /Users/olasunkanmiarowolo/Documents/OAsis-RS/Archive/oasis-rpm/vendor/laravel/framework/src/Illuminate/Container/Container.php(662): Illuminate\\Container\\BoundMethod::call(Object(Illuminate\\Foundation\\Application), Array, Array, NULL)
#11 /Users/olasunkanmiarowolo/Documents/OAsis-RS/Archive/oasis-rpm/vendor/laravel/framework/src/Illuminate/Console/Command.php(211): Illuminate\\Container\\Container->call(Array)
#12 /Users/olasunkanmiarowolo/Documents/OAsis-RS/Archive/oasis-rpm/vendor/symfony/console/Command/Command.php(326): Illuminate\\Console\\Command->execute(Object(Symfony\\Component\\Console\\Input\\ArgvInput), Object(Illuminate\\Console\\OutputStyle))
#13 /Users/olasunkanmiarowolo/Documents/OAsis-RS/Archive/oasis-rpm/vendor/laravel/framework/src/Illuminate/Console/Command.php(180): Symfony\\Component\\Console\\Command\\Command->run(Object(Symfony\\Component\\Console\\Input\\ArgvInput), Object(Illuminate\\Console\\OutputStyle))
#14 /Users/olasunkanmiarowolo/Documents/OAsis-RS/Archive/oasis-rpm/vendor/symfony/console/Application.php(1121): Illuminate\\Console\\Command->run(Object(Symfony\\Component\\Console\\Input\\ArgvInput), Object(Symfony\\Component\\Console\\Output\\ConsoleOutput))
#15 /Users/olasunkanmiarowolo/Documents/OAsis-RS/Archive/oasis-rpm/vendor/symfony/console/Application.php(324): Symfony\\Component\\Console\\Application->doRunCommand(Object(Laravel\\Tinker\\Console\\TinkerCommand), Object(Symfony\\Component\\Console\\Input\\ArgvInput), Object(Symfony\\Component\\Console\\Output\\ConsoleOutput))
#16 /Users/olasunkanmiarowolo/Documents/OAsis-RS/Archive/oasis-rpm/vendor/symfony/console/Application.php(175): Symfony\\Component\\Console\\Application->doRun(Object(Symfony\\Component\\Console\\Input\\ArgvInput), Object(Symfony\\Component\\Console\\Output\\ConsoleOutput))
#17 /Users/olasunkanmiarowolo/Documents/OAsis-RS/Archive/oasis-rpm/vendor/laravel/framework/src/Illuminate/Foundation/Console/Kernel.php(201): Symfony\\Component\\Console\\Application->run(Object(Symfony\\Component\\Console\\Input\\ArgvInput), Object(Symfony\\Component\\Console\\Output\\ConsoleOutput))
#18 /Users/olasunkanmiarowolo/Documents/OAsis-RS/Archive/oasis-rpm/artisan(35): Illuminate\\Foundation\\Console\\Kernel->handle(Object(Symfony\\Component\\Console\\Input\\ArgvInput), Object(Symfony\\Component\\Console\\Output\\ConsoleOutput))
#19 {main}
"} 
[2026-09-22 07:51:14] local.ERROR: PHP Parse error: Syntax error, unexpected T_NAME_QUALIFIED on line 10 {"exception":"[object] (Psy\\Exception\\ParseErrorException(code: 0): PHP Parse error: Syntax error, unexpected T_NAME_QUALIFIED on line 10 at /Users/olasunkanmiarowolo/Documents/OAsis-RS/Archive/oasis-rpm/vendor/psy/psysh/src/Exception/ParseErrorException.php:44)
[stacktrace]
#0 /Users/olasunkanmiarowolo/Documents/OAsis-RS/Archive/oasis-rpm/vendor/psy/psysh/src/CodeCleaner.php(657): Psy\\Exception\\ParseErrorException::fromParseError(Object(PhpParser\\Error))
#1 /Users/olasunkanmiarowolo/Documents/OAsis-RS/Archive/oasis-rpm/vendor/psy/psysh/src/CodeCleaner.php(273): Psy\\CodeCleaner->parse('<?php \\n$submiss...', false)
#2 /Users/olasunkanmiarowolo/Documents/OAsis-RS/Archive/oasis-rpm/vendor/psy/psysh/src/Shell.php(1399): Psy\\CodeCleaner->clean(Array, false)
#3 /Users/olasunkanmiarowolo/Documents/OAsis-RS/Archive/oasis-rpm/vendor/psy/psysh/src/Shell.php(1506): Psy\\Shell->appendCode('\\n$submissions =...', true, false)
#4 /Users/olasunkanmiarowolo/Documents/OAsis-RS/Archive/oasis-rpm/vendor/psy/psysh/src/Shell.php(2215): Psy\\Shell->setCode('\\n$submissions =...', true)
#5 /Users/olasunkanmiarowolo/Documents/OAsis-RS/Archive/oasis-rpm/vendor/laravel/tinker/src/Console/TinkerCommand.php(77): Psy\\Shell->execute('\\n$submissions =...')
#6 /Users/olasunkanmiarowolo/Documents/OAsis-RS/Archive/oasis-rpm/vendor/laravel/framework/src/Illuminate/Container/BoundMethod.php(36): Laravel\\Tinker\\Console\\TinkerCommand->handle()
#7 /Users/olasunkanmiarowolo/Documents/OAsis-RS/Archive/oasis-rpm/vendor/laravel/framework/src/Illuminate/Container/Util.php(41): Illuminate\\Container\\BoundMethod::{closure:Illuminate\\Container\\BoundMethod::call():35}()
#8 /Users/olasunkanmiarowolo/Documents/OAsis-RS/Archive/oasis-rpm/vendor/laravel/framework/src/Illuminate/Container/BoundMethod.php(93): Illuminate\\Container\\Util::unwrapIfClosure(Object(Closure))
#9 /Users/olasunkanmiarowolo/Documents/OAsis-RS/Archive/oasis-rpm/vendor/laravel/framework/src/Illuminate/Container/BoundMethod.php(35): Illuminate\\Container\\BoundMethod::callBoundMethod(Object(Illuminate\\Foundation\\Application), Array, Object(Closure))
#10 /Users/olasunkanmiarowolo/Documents/OAsis-RS/Archive/oasis-rpm/vendor/laravel/framework/src/Illuminate/Container/Container.php(662): Illuminate\\Container\\BoundMethod::call(Object(Illuminate\\Foundation\\Application), Array, Array, NULL)
#11 /Users/olasunkanmiarowolo/Documents/OAsis-RS/Archive/oasis-rpm/vendor/laravel/framework/src/Illuminate/Console/Command.php(211): Illuminate\\Container\\Container->call(Array)
#12 /Users/olasunkanmiarowolo/Documents/OAsis-RS/Archive/oasis-rpm/vendor/symfony/console/Command/Command.php(326): Illuminate\\Console\\Command->execute(Object(Symfony\\Component\\Console\\Input\\ArgvInput), Object(Illuminate\\Console\\OutputStyle))
#13 /Users/olasunkanmiarowolo/Documents/OAsis-RS/Archive/oasis-rpm/vendor/laravel/framework/src/Illuminate/Console/Command.php(180): Symfony\\Component\\Console\\Command\\Command->run(Object(Symfony\\Component\\Console\\Input\\ArgvInput), Object(Illuminate\\Console\\OutputStyle))
#14 /Users/olasunkanmiarowolo/Documents/OAsis-RS/Archive/oasis-rpm/vendor/symfony/console/Application.php(1121): Illuminate\\Console\\Command->run(Object(Symfony\\Component\\Console\\Input\\ArgvInput), Object(Symfony\\Component\\Console\\Output\\ConsoleOutput))
#15 /Users/olasunkanmiarowolo/Documents/OAsis-RS/Archive/oasis-rpm/vendor/symfony/console/Application.php(324): Symfony\\Component\\Console\\Application->doRunCommand(Object(Laravel\\Tinker\\Console\\TinkerCommand), Object(Symfony\\Component\\Console\\Input\\ArgvInput), Object(Symfony\\Component\\Console\\Output\\ConsoleOutput))
#16 /Users/olasunkanmiarowolo/Documents/OAsis-RS/Archive/oasis-rpm/vendor/symfony/console/Application.php(175): Symfony\\Component\\Console\\Application->doRun(Object(Symfony\\Component\\Console\\Input\\ArgvInput), Object(Symfony\\Component\\Console\\Output\\ConsoleOutput))
#17 /Users/olasunkanmiarowolo/Documents/OAsis-RS/Archive/oasis-rpm/vendor/laravel/framework/src/Illuminate/Foundation/Console/Kernel.php(201): Symfony\\Component\\Console\\Application->run(Object(Symfony\\Component\\Console\\Input\\ArgvInput), Object(Symfony\\Component\\Console\\Output\\ConsoleOutput))
#18 /Users/olasunkanmiarowolo/Documents/OAsis-RS/Archive/oasis-rpm/artisan(35): Illuminate\\Foundation\\Console\\Kernel->handle(Object(Symfony\\Component\\Console\\Input\\ArgvInput), Object(Symfony\\Component\\Console\\Output\\ConsoleOutput))
#19 {main}
"} 
[2026-09-22 07:51:24] local.ERROR: Class "Illuminate\Routing\App\Models\Supervisor" not found {"exception":"[object] (Error(code: 0): Class \"Illuminate\\Routing\\App\\Models\\Supervisor\" not found at laravel-serializable-closure://function () {
    $supervisor = \\Illuminate\\Routing\\App\\Models\\Supervisor::whereHas('user', function($q) {
        $q->where('email', 'olaarowolo.ng@gmail.com');
    })->with('user')->first();
    
    if(!$supervisor) {
        return response()->json(['error' => 'No supervisor found for olaarowolo.ng@gmail.com']);
    }
    
    return response()->json([
        'supervisor_id' => $supervisor->id,
        'user_email' => $supervisor->user->email,
        'pin_valid' => \\Illuminate\\Routing\\Hash::check('2026', $supervisor->pin_code),
        'passphrase_valid' => \\Illuminate\\Routing\\Hash::check('LASU-Arowolo-2026', $supervisor->passphrase),
        'is_active' => $supervisor->is_active,
    ]);
}:3)
[stacktrace]
#0 /Users/olasunkanmiarowolo/Documents/OAsis-RS/Archive/oasis-rpm/vendor/laravel/framework/src/Illuminate/Routing/CallableDispatcher.php(40): Illuminate\\Routing\\RouteFileRegistrar::{closure:laravel-serializable-closure://function () {
    $supervisor = \\Illuminate\\Routing\\App\\Models\\Supervisor::whereHas('user', function($q) {
        $q->where('email', 'olaarowolo.ng@gmail.com');
    })->with('user')->first();
    
    if(!$supervisor) {
        return response()->json(['error' => 'No supervisor found for olaarowolo.ng@gmail.com']);
    }
    
    return response()->json([
        'supervisor_id' => $supervisor->id,
        'user_email' => $supervisor->user->email,
        'pin_valid' => \\Illuminate\\Routing\\Hash::check('2026', $supervisor->pin_code),
        'passphrase_valid' => \\Illuminate\\Routing\\Hash::check('LASU-Arowolo-2026', $supervisor->passphrase),
        'is_active' => $supervisor->is_active,
    ]);
}:2}()
#1 /Users/olasunkanmiarowolo/Documents/OAsis-RS/Archive/oasis-rpm/vendor/laravel/framework/src/Illuminate/Routing/Route.php(237): Illuminate\\Routing\\CallableDispatcher->dispatch(Object(Illuminate\\Routing\\Route), Object(Closure))
#2 /Users/olasunkanmiarowolo/Documents/OAsis-RS/Archive/oasis-rpm/vendor/laravel/framework/src/Illuminate/Routing/Route.php(208): Illuminate\\Routing\\Route->runCallable()
#3 /Users/olasunkanmiarowolo/Documents/OAsis-RS/Archive/oasis-rpm/vendor/laravel/framework/src/Illuminate/Routing/Router.php(806): Illuminate\\Routing\\Route->run()
#4 /Users/olasunkanmiarowolo/Documents/OAsis-RS/Archive/oasis-rpm/vendor/laravel/framework/src/Illuminate/Pipeline/Pipeline.php(144): Illuminate\\Routing\\Router->{closure:Illuminate\\Routing\\Router::runRouteWithinStack():805}(Object(Illuminate\\Http\\Request))
#5 /Users/olasunkanmiarowolo/Documents/OAsis-RS/Archive/oasis-rpm/vendor/laravel/framework/src/Illuminate/Routing/Middleware/SubstituteBindings.php(50): Illuminate\\Pipeline\\Pipeline->{closure:Illuminate\\Pipeline\\Pipeline::prepareDestination():142}(Object(Illuminate\\Http\\Request))
#6 /Users/olasunkanmiarowolo/Documents/OAsis-RS/Archive/oasis-rpm/vendor/laravel/framework/src/Illuminate/Pipeline/Pipeline.php(183): Illuminate\\Routing\\Middleware\\SubstituteBindings->handle(Object(Illuminate\\Http\\Request), Object(Closure))
#7 /Users/olasunkanmiarowolo/Documents/OAsis-RS/Archive/oasis-rpm/vendor/laravel/framework/src/Illuminate/Routing/Middleware/ThrottleRequests.php(159): Illuminate\\Pipeline\\Pipeline->{closure:{closure:Illuminate\\Pipeline\\Pipeline::carry():158}:159}(Object(Illuminate\\Http\\Request))
#8 /Users/olasunkanmiarowolo/Documents/OAsis-RS/Archive/oasis-rpm/vendor/laravel/framework/src/Illuminate/Routing/Middleware/ThrottleRequests.php(125): Illuminate\\Routing\\Middleware\\ThrottleRequests->handleRequest(Object(Illuminate\\Http\\Request), Object(Closure), Array)
#9 /Users/olasunkanmiarowolo/Documents/OAsis-RS/Archive/oasis-rpm/vendor/laravel/framework/src/Illuminate/Routing/Middleware/ThrottleRequests.php(87): Illuminate\\Routing\\Middleware\\ThrottleRequests->handleRequestUsingNamedLimiter(Object(Illuminate\\Http\\Request), Object(Closure), 'api', Object(Closure))
#10 /Users/olasunkanmiarowolo/Documents/OAsis-RS/Archive/oasis-rpm/vendor/laravel/framework/src/Illuminate/Pipeline/Pipeline.php(183): Illuminate\\Routing\\Middleware\\ThrottleRequests->handle(Object(Illuminate\\Http\\Request), Object(Closure), 'api')
#11 /Users/olasunkanmiarowolo/Documents/OAsis-RS/Archive/oasis-rpm/vendor/laravel/framework/src/Illuminate/Session/Middleware/StartSession.php(121): Illuminate\\Pipeline\\Pipeline->{closure:{closure:Illuminate\\Pipeline\\Pipeline::carry():158}:159}(Object(Illuminate\\Http\\Request))
#12 /Users/olasunkanmiarowolo/Documents/OAsis-RS/Archive/oasis-rpm/vendor/laravel/framework/src/Illuminate/Session/Middleware/StartSession.php(64): Illuminate\\Session\\Middleware\\StartSession->handleStatefulRequest(Object(Illuminate\\Http\\Request), Object(Illuminate\\Session\\Store), Object(Closure))
#13 /Users/olasunkanmiarowolo/Documents/OAsis-RS/Archive/oasis-rpm/vendor/laravel/framework/src/Illuminate/Pipeline/Pipeline.php(183): Illuminate\\Session\\Middleware\\StartSession->handle(Object(Illuminate\\Http\\Request), Object(Closure))
#14 /Users/olasunkanmiarowolo/Documents/OAsis-RS/Archive/oasis-rpm/vendor/laravel/framework/src/Illuminate/Cookie/Middleware/AddQueuedCookiesToResponse.php(37): Illuminate\\Pipeline\\Pipeline->{closure:{closure:Illuminate\\Pipeline\\Pipeline::carry():158}:159}(Object(Illuminate\\Http\\Request))
#15 /Users/olasunkanmiarowolo/Documents/OAsis-RS/Archive/oasis-rpm/vendor/laravel/framework/src/Illuminate/Pipeline/Pipeline.php(183): Illuminate\\Cookie\\Middleware\\AddQueuedCookiesToResponse->handle(Object(Illuminate\\Http\\Request), Object(Closure))
#16 /Users/olasunkanmiarowolo/Documents/OAsis-RS/Archive/oasis-rpm/vendor/laravel/framework/src/Illuminate/Cookie/Middleware/EncryptCookies.php(67): Illuminate\\Pipeline\\Pipeline->{closure:{closure:Illuminate\\Pipeline\\Pipeline::carry():158}:159}(Object(Illuminate\\Http\\Request))
#17 /Users/olasunkanmiarowolo/Documents/OAsis-RS/Archive/oasis-rpm/vendor/laravel/framework/src/Illuminate/Pipeline/Pipeline.php(183): Illuminate\\Cookie\\Middleware\\EncryptCookies->handle(Object(Illuminate\\Http\\Request), Object(Closure))
#18 /Users/olasunkanmiarowolo/Documents/OAsis-RS/Archive/oasis-rpm/vendor/laravel/sanctum/src/Http/Middleware/EnsureFrontendRequestsAreStateful.php(25): Illuminate\\Pipeline\\Pipeline->{closure:{closure:Illuminate\\Pipeline\\Pipeline::carry():158}:159}(Object(Illuminate\\Http\\Request))
#19 /Users/olasunkanmiarowolo/Documents/OAsis-RS/Archive/oasis-rpm/vendor/laravel/framework/src/Illuminate/Pipeline/Pipeline.php(144): Laravel\\Sanctum\\Http\\Middleware\\EnsureFrontendRequestsAreStateful->{closure:Laravel\\Sanctum\\Http\\Middleware\\EnsureFrontendRequestsAreStateful::handle():24}(Object(Illuminate\\Http\\Request))
#20 /Users/olasunkanmiarowolo/Documents/OAsis-RS/Archive/oasis-rpm/vendor/laravel/framework/src/Illuminate/Pipeline/Pipeline.php(119): Illuminate\\Pipeline\\Pipeline->{closure:Illuminate\\Pipeline\\Pipeline::prepareDestination():142}(Object(Illuminate\\Http\\Request))
#21 /Users/olasunkanmiarowolo/Documents/OAsis-RS/Archive/oasis-rpm/vendor/laravel/sanctum/src/Http/Middleware/EnsureFrontendRequestsAreStateful.php(24): Illuminate\\Pipeline\\Pipeline->then(Object(Closure))
#22 /Users/olasunkanmiarowolo/Documents/OAsis-RS/Archive/oasis-rpm/vendor/laravel/framework/src/Illuminate/Pipeline/Pipeline.php(183): Laravel\\Sanctum\\Http\\Middleware\\EnsureFrontendRequestsAreStateful->handle(Object(Illuminate\\Http\\Request), Object(Closure))
#23 /Users/olasunkanmiarowolo/Documents/OAsis-RS/Archive/oasis-rpm/vendor/laravel/framework/src/Illuminate/Pipeline/Pipeline.php(119): Illuminate\\Pipeline\\Pipeline->{closure:{closure:Illuminate\\Pipeline\\Pipeline::carry():158}:159}(Object(Illuminate\\Http\\Request))
#24 /Users/olasunkanmiarowolo/Documents/OAsis-RS/Archive/oasis-rpm/vendor/laravel/framework/src/Illuminate/Routing/Router.php(805): Illuminate\\Pipeline\\Pipeline->then(Object(Closure))
#25 /Users/olasunkanmiarowolo/Documents/OAsis-RS/Archive/oasis-rpm/vendor/laravel/framework/src/Illuminate/Routing/Router.php(784): Illuminate\\Routing\\Router->runRouteWithinStack(Object(Illuminate\\Routing\\Route), Object(Illuminate\\Http\\Request))
#26 /Users/olasunkanmiarowolo/Documents/OAsis-RS/Archive/oasis-rpm/vendor/laravel/framework/src/Illuminate/Routing/Router.php(748): Illuminate\\Routing\\Router->runRoute(Object(Illuminate\\Http\\Request), Object(Illuminate\\Routing\\Route))
#27 /Users/olasunkanmiarowolo/Documents/OAsis-RS/Archive/oasis-rpm/vendor/laravel/framework/src/Illuminate/Routing/Router.php(737): Illuminate\\Routing\\Router->dispatchToRoute(Object(Illuminate\\Http\\Request))
#28 /Users/olasunkanmiarowolo/Documents/OAsis-RS/Archive/oasis-rpm/vendor/laravel/framework/src/Illuminate/Foundation/Http/Kernel.php(200): Illuminate\\Routing\\Router->dispatch(Object(Illuminate\\Http\\Request))
#29 /Users/olasunkanmiarowolo/Documents/OAsis-RS/Archive/oasis-rpm/vendor/laravel/framework/src/Illuminate/Pipeline/Pipeline.php(144): Illuminate\\Foundation\\Http\\Kernel->{closure:Illuminate\\Foundation\\Http\\Kernel::dispatchToRouter():197}(Object(Illuminate\\Http\\Request))
#30 /Users/olasunkanmiarowolo/Documents/OAsis-RS/Archive/oasis-rpm/vendor/laravel/framework/src/Illuminate/Foundation/Http/Middleware/TransformsRequest.php(21): Illuminate\\Pipeline\\Pipeline->{closure:Illuminate\\Pipeline\\Pipeline::prepareDestination():142}(Object(Illuminate\\Http\\Request))
#31 /Users/olasunkanmiarowolo/Documents/OAsis-RS/Archive/oasis-rpm/vendor/laravel/framework/src/Illuminate/Foundation/Http/Middleware/ConvertEmptyStringsToNull.php(31): Illuminate\\Foundation\\Http\\Middleware\\TransformsRequest->handle(Object(Illuminate\\Http\\Request), Object(Closure))
#32 /Users/olasunkanmiarowolo/Documents/OAsis-RS/Archive/oasis-rpm/vendor/laravel/framework/src/Illuminate/Pipeline/Pipeline.php(183): Illuminate\\Foundation\\Http\\Middleware\\ConvertEmptyStringsToNull->handle(Object(Illuminate\\Http\\Request), Object(Closure))
#33 /Users/olasunkanmiarowolo/Documents/OAsis-RS/Archive/oasis-rpm/vendor/laravel/framework/src/Illuminate/Foundation/Http/Middleware/TransformsRequest.php(21): Illuminate\\Pipeline\\Pipeline->{closure:{closure:Illuminate\\Pipeline\\Pipeline::carry():158}:159}(Object(Illuminate\\Http\\Request))
#34 /Users/olasunkanmiarowolo/Documents/OAsis-RS/Archive/oasis-rpm/vendor/laravel/framework/src/Illuminate/Foundation/Http/Middleware/TrimStrings.php(40): Illuminate\\Foundation\\Http\\Middleware\\TransformsRequest->handle(Object(Illuminate\\Http\\Request), Object(Closure))
#35 /Users/olasunkanmiarowolo/Documents/OAsis-RS/Archive/oasis-rpm/vendor/laravel/framework/src/Illuminate/Pipeline/Pipeline.php(183): Illuminate\\Foundation\\Http\\Middleware\\TrimStrings->handle(Object(Illuminate\\Http\\Request), Object(Closure))
#36 /Users/olasunkanmiarowolo/Documents/OAsis-RS/Archive/oasis-rpm/vendor/laravel/framework/src/Illuminate/Foundation/Http/Middleware/ValidatePostSize.php(27): Illuminate\\Pipeline\\Pipeline->{closure:{closure:Illuminate\\Pipeline\\Pipeline::carry():158}:159}(Object(Illuminate\\Http\\Request))
#37 /Users/olasunkanmiarowolo/Documents/OAsis-RS/Archive/oasis-rpm/vendor/laravel/framework/src/Illuminate/Pipeline/Pipeline.php(183): Illuminate\\Foundation\\Http\\Middleware\\ValidatePostSize->handle(Object(Illuminate\\Http\\Request), Object(Closure))
#38 /Users/olasunkanmiarowolo/Documents/OAsis-RS/Archive/oasis-rpm/vendor/laravel/framework/src/Illuminate/Foundation/Http/Middleware/PreventRequestsDuringMaintenance.php(99): Illuminate\\Pipeline\\Pipeline->{closure:{closure:Illuminate\\Pipeline\\Pipeline::carry():158}:159}(Object(Illuminate\\Http\\Request))
#39 /Users/olasunkanmiarowolo/Documents/OAsis-RS/Archive/oasis-rpm/vendor/laravel/framework/src/Illuminate/Pipeline/Pipeline.php(183): Illuminate\\Foundation\\Http\\Middleware\\PreventRequestsDuringMaintenance->handle(Object(Illuminate\\Http\\Request), Object(Closure))
#40 /Users/olasunkanmiarowolo/Documents/OAsis-RS/Archive/oasis-rpm/vendor/laravel/framework/src/Illuminate/Pipeline/Pipeline.php(119): Illuminate\\Pipeline\\Pipeline->{closure:{closure:Illuminate\\Pipeline\\Pipeline::carry():158}:159}(Object(Illuminate\\Http\\Request))
#41 /Users/olasunkanmiarowolo/Documents/OAsis-RS/Archive/oasis-rpm/vendor/laravel/framework/src/Illuminate/Foundation/Http/Kernel.php(175): Illuminate\\Pipeline\\Pipeline->then(Object(Closure))
#42 /Users/olasunkanmiarowolo/Documents/OAsis-RS/Archive/oasis-rpm/vendor/laravel/framework/src/Illuminate/Foundation/Http/Kernel.php(144): Illuminate\\Foundation\\Http\\Kernel->sendRequestThroughRouter(Object(Illuminate\\Http\\Request))
#43 /Users/olasunkanmiarowolo/Documents/OAsis-RS/Archive/oasis-rpm/public/index.php(51): Illuminate\\Foundation\\Http\\Kernel->handle(Object(Illuminate\\Http\\Request))
#44 /Users/olasunkanmiarowolo/Documents/OAsis-RS/Archive/oasis-rpm/vendor/laravel/framework/src/Illuminate/Foundation/resources/server.php(16): require_once('/Users/olasunka...')
#45 {main}
"} 
[2026-09-22 07:51:55] local.ERROR: There are no commands defined in the "app" namespace. {"exception":"[object] (Symfony\\Component\\Console\\Exception\\NamespaceNotFoundException(code: 0): There are no commands defined in the \"app\" namespace. at /Users/olasunkanmiarowolo/Documents/OAsis-RS/Archive/oasis-rpm/vendor/symfony/console/Application.php:678)
[stacktrace]
#0 /Users/olasunkanmiarowolo/Documents/OAsis-RS/Archive/oasis-rpm/vendor/symfony/console/Application.php(729): Symfony\\Component\\Console\\Application->findNamespace('app')
#1 /Users/olasunkanmiarowolo/Documents/OAsis-RS/Archive/oasis-rpm/vendor/symfony/console/Application.php(266): Symfony\\Component\\Console\\Application->find('app:send-unsent...')
#2 /Users/olasunkanmiarowolo/Documents/OAsis-RS/Archive/oasis-rpm/vendor/symfony/console/Application.php(175): Symfony\\Component\\Console\\Application->doRun(Object(Symfony\\Component\\Console\\Input\\ArgvInput), Object(Symfony\\Component\\Console\\Output\\ConsoleOutput))
#3 /Users/olasunkanmiarowolo/Documents/OAsis-RS/Archive/oasis-rpm/vendor/laravel/framework/src/Illuminate/Foundation/Console/Kernel.php(201): Symfony\\Component\\Console\\Application->run(Object(Symfony\\Component\\Console\\Input\\ArgvInput), Object(Symfony\\Component\\Console\\Output\\ConsoleOutput))
#4 /Users/olasunkanmiarowolo/Documents/OAsis-RS/Archive/oasis-rpm/artisan(35): Illuminate\\Foundation\\Console\\Kernel->handle(Object(Symfony\\Component\\Console\\Input\\ArgvInput), Object(Symfony\\Component\\Console\\Output\\ConsoleOutput))
#5 {main}
"} 
[2026-09-22 07:52:43] local.ERROR: There are no commands defined in the "app" namespace. {"exception":"[object] (Symfony\\Component\\Console\\Exception\\NamespaceNotFoundException(code: 0): There are no commands defined in the \"app\" namespace. at /Users/olasunkanmiarowolo/Documents/OAsis-RS/Archive/oasis-rpm/vendor/symfony/console/Application.php:678)
[stacktrace]
#0 /Users/olasunkanmiarowolo/Documents/OAsis-RS/Archive/oasis-rpm/vendor/symfony/console/Application.php(729): Symfony\\Component\\Console\\Application->findNamespace('app')
#1 /Users/olasunkanmiarowolo/Documents/OAsis-RS/Archive/oasis-rpm/vendor/symfony/console/Application.php(266): Symfony\\Component\\Console\\Application->find('app:send-unsent...')
#2 /Users/olasunkanmiarowolo/Documents/OAsis-RS/Archive/oasis-rpm/vendor/symfony/console/Application.php(175): Symfony\\Component\\Console\\Application->doRun(Object(Symfony\\Component\\Console\\Input\\ArgvInput), Object(Symfony\\Component\\Console\\Output\\ConsoleOutput))
#3 /Users/olasunkanmiarowolo/Documents/OAsis-RS/Archive/oasis-rpm/vendor/laravel/framework/src/Illuminate/Foundation/Console/Kernel.php(201): Symfony\\Component\\Console\\Application->run(Object(Symfony\\Component\\Console\\Input\\ArgvInput), Object(Symfony\\Component\\Console\\Output\\ConsoleOutput))
#4 /Users/olasunkanmiarowolo/Documents/OAsis-RS/Archive/oasis-rpm/artisan(35): Illuminate\\Foundation\\Console\\Kernel->handle(Object(Symfony\\Component\\Console\\Input\\ArgvInput), Object(Symfony\\Component\\Console\\Output\\ConsoleOutput))
#5 {main}
"} 
[2026-09-22 07:53:49] local.ERROR: Command "dump-autoload" is not defined. {"exception":"[object] (Symfony\\Component\\Console\\Exception\\CommandNotFoundException(code: 0): Command \"dump-autoload\" is not defined. at /Users/olasunkanmiarowolo/Documents/OAsis-RS/Archive/oasis-rpm/vendor/symfony/console/Application.php:745)
[stacktrace]
#0 /Users/olasunkanmiarowolo/Documents/OAsis-RS/Archive/oasis-rpm/vendor/symfony/console/Application.php(266): Symfony\\Component\\Console\\Application->find('dump-autoload')
#1 /Users/olasunkanmiarowolo/Documents/OAsis-RS/Archive/oasis-rpm/vendor/symfony/console/Application.php(175): Symfony\\Component\\Console\\Application->doRun(Object(Symfony\\Component\\Console\\Input\\ArgvInput), Object(Symfony\\Component\\Console\\Output\\ConsoleOutput))
#2 /Users/olasunkanmiarowolo/Documents/OAsis-RS/Archive/oasis-rpm/vendor/laravel/framework/src/Illuminate/Foundation/Console/Kernel.php(201): Symfony\\Component\\Console\\Application->run(Object(Symfony\\Component\\Console\\Input\\ArgvInput), Object(Symfony\\Component\\Console\\Output\\ConsoleOutput))
#3 /Users/olasunkanmiarowolo/Documents/OAsis-RS/Archive/oasis-rpm/artisan(35): Illuminate\\Foundation\\Console\\Kernel->handle(Object(Symfony\\Component\\Console\\Input\\ArgvInput), Object(Symfony\\Component\\Console\\Output\\ConsoleOutput))
#4 {main}
"} 
[2026-09-22 08:14:45] local.ERROR: Demo request email failed: htmlspecialchars(): Argument #1 ($string) must be of type string, Illuminate\Mail\Message given (View: /Users/olasunkanmiarowolo/Documents/OAsis-RS/Archive/oasis-rpm/resources/views/emails/portal/test.blade.php) {"request":{"name":"Olasunkanmi Sunday Arowolo","email":"olasunkanmiarowolo@gmail.com","university_code":"LASU","department":"sss","notes":"sss"}} 
[2026-09-22 08:21:22] local.ERROR: SQLSTATE[23000]: Integrity constraint violation: 19 UNIQUE constraint failed: universities.code (Connection: sqlite, SQL: insert into "universities" ("name", "code", "email", "department", "phone", "logo_url", "branding_color", "ai_model_config", "email_config", "google_chat_webhook_url", "features_enabled", "updated_at", "created_at") values (Lagos State University, LASU, research@lasu.edu.ng, Journalism and Media Studies, +234 (0)1 123-4567, ?, #003366, {"primary":"gemini-pro","fallback":"gpt-4-turbo","timeout":30}, {"from_address":"research@lasu.edu.ng","from_name":"LASU Research Portal","reply_to":"support@lasu.edu.ng"}, ?, {"ai_assistant":true,"google_chat":true,"analytics":true,"resource_tracking":true}, 2026-09-22 08:21:22, 2026-09-22 08:21:22)) {"exception":"[object] (Illuminate\\Database\\UniqueConstraintViolationException(code: 23000): SQLSTATE[23000]: Integrity constraint violation: 19 UNIQUE constraint failed: universities.code (Connection: sqlite, SQL: insert into \"universities\" (\"name\", \"code\", \"email\", \"department\", \"phone\", \"logo_url\", \"branding_color\", \"ai_model_config\", \"email_config\", \"google_chat_webhook_url\", \"features_enabled\", \"updated_at\", \"created_at\") values (Lagos State University, LASU, research@lasu.edu.ng, Journalism and Media Studies, +234 (0)1 123-4567, ?, #003366, {\"primary\":\"gemini-pro\",\"fallback\":\"gpt-4-turbo\",\"timeout\":30}, {\"from_address\":\"research@lasu.edu.ng\",\"from_name\":\"LASU Research Portal\",\"reply_to\":\"support@lasu.edu.ng\"}, ?, {\"ai_assistant\":true,\"google_chat\":true,\"analytics\":true,\"resource_tracking\":true}, 2026-09-22 08:21:22, 2026-09-22 08:21:22)) at /Users/olasunkanmiarowolo/Documents/OAsis-RS/Archive/oasis-rpm/vendor/laravel/framework/src/Illuminate/Database/Connection.php:824)
[stacktrace]
#0 /Users/olasunkanmiarowolo/Documents/OAsis-RS/Archive/oasis-rpm/vendor/laravel/framework/src/Illuminate/Database/Connection.php(783): Illuminate\\Database\\Connection->runQueryCallback('insert into \"un...', Array, Object(Closure))
#1 /Users/olasunkanmiarowolo/Documents/OAsis-RS/Archive/oasis-rpm/vendor/laravel/framework/src/Illuminate/Database/Connection.php(576): Illuminate\\Database\\Connection->run('insert into \"un...', Array, Object(Closure))
#2 /Users/olasunkanmiarowolo/Documents/OAsis-RS/Archive/oasis-rpm/vendor/laravel/framework/src/Illuminate/Database/Connection.php(540): Illuminate\\Database\\Connection->statement('insert into \"un...', Array)
#3 /Users/olasunkanmiarowolo/Documents/OAsis-RS/Archive/oasis-rpm/vendor/laravel/framework/src/Illuminate/Database/Query/Processors/Processor.php(32): Illuminate\\Database\\Connection->insert('insert into \"un...', Array)
#4 /Users/olasunkanmiarowolo/Documents/OAsis-RS/Archive/oasis-rpm/vendor/laravel/framework/src/Illuminate/Database/Query/Builder.php(3549): Illuminate\\Database\\Query\\Processors\\Processor->processInsertGetId(Object(Illuminate\\Database\\Query\\Builder), 'insert into \"un...', Array, 'id')
#5 /Users/olasunkanmiarowolo/Documents/OAsis-RS/Archive/oasis-rpm/vendor/laravel/framework/src/Illuminate/Database/Eloquent/Builder.php(1982): Illuminate\\Database\\Query\\Builder->insertGetId(Array, 'id')
#6 /Users/olasunkanmiarowolo/Documents/OAsis-RS/Archive/oasis-rpm/vendor/laravel/framework/src/Illuminate/Database/Eloquent/Model.php(1334): Illuminate\\Database\\Eloquent\\Builder->__call('insertGetId', Array)
#7 /Users/olasunkanmiarowolo/Documents/OAsis-RS/Archive/oasis-rpm/vendor/laravel/framework/src/Illuminate/Database/Eloquent/Model.php(1299): Illuminate\\Database\\Eloquent\\Model->insertAndSetId(Object(Illuminate\\Database\\Eloquent\\Builder), Array)
#8 /Users/olasunkanmiarowolo/Documents/OAsis-RS/Archive/oasis-rpm/vendor/laravel/framework/src/Illuminate/Database/Eloquent/Model.php(1138): Illuminate\\Database\\Eloquent\\Model->performInsert(Object(Illuminate\\Database\\Eloquent\\Builder))
#9 /Users/olasunkanmiarowolo/Documents/OAsis-RS/Archive/oasis-rpm/vendor/laravel/framework/src/Illuminate/Database/Eloquent/Builder.php(1025): Illuminate\\Database\\Eloquent\\Model->save()
#10 /Users/olasunkanmiarowolo/Documents/OAsis-RS/Archive/oasis-rpm/vendor/laravel/framework/src/Illuminate/Support/helpers.php(320): Illuminate\\Database\\Eloquent\\Builder->{closure:Illuminate\\Database\\Eloquent\\Builder::create():1024}(Object(App\\Models\\University))
#11 /Users/olasunkanmiarowolo/Documents/OAsis-RS/Archive/oasis-rpm/vendor/laravel/framework/src/Illuminate/Database/Eloquent/Builder.php(1024): tap(Object(App\\Models\\University), Object(Closure))
#12 /Users/olasunkanmiarowolo/Documents/OAsis-RS/Archive/oasis-rpm/vendor/laravel/framework/src/Illuminate/Support/Traits/ForwardsCalls.php(23): Illuminate\\Database\\Eloquent\\Builder->create(Array)
#13 /Users/olasunkanmiarowolo/Documents/OAsis-RS/Archive/oasis-rpm/vendor/laravel/framework/src/Illuminate/Database/Eloquent/Model.php(2335): Illuminate\\Database\\Eloquent\\Model->forwardCallTo(Object(Illuminate\\Database\\Eloquent\\Builder), 'create', Array)
#14 /Users/olasunkanmiarowolo/Documents/OAsis-RS/Archive/oasis-rpm/vendor/laravel/framework/src/Illuminate/Database/Eloquent/Model.php(2347): Illuminate\\Database\\Eloquent\\Model->__call('create', Array)
#15 /Users/olasunkanmiarowolo/Documents/OAsis-RS/Archive/oasis-rpm/database/seeders/UniversitySeeder.php(12): Illuminate\\Database\\Eloquent\\Model::__callStatic('create', Array)
#16 /Users/olasunkanmiarowolo/Documents/OAsis-RS/Archive/oasis-rpm/vendor/laravel/framework/src/Illuminate/Container/BoundMethod.php(36): Database\\Seeders\\UniversitySeeder->run()
#17 /Users/olasunkanmiarowolo/Documents/OAsis-RS/Archive/oasis-rpm/vendor/laravel/framework/src/Illuminate/Container/Util.php(41): Illuminate\\Container\\BoundMethod::{closure:Illuminate\\Container\\BoundMethod::call():35}()
#18 /Users/olasunkanmiarowolo/Documents/OAsis-RS/Archive/oasis-rpm/vendor/laravel/framework/src/Illuminate/Container/BoundMethod.php(93): Illuminate\\Container\\Util::unwrapIfClosure(Object(Closure))
#19 /Users/olasunkanmiarowolo/Documents/OAsis-RS/Archive/oasis-rpm/vendor/laravel/framework/src/Illuminate/Container/BoundMethod.php(35): Illuminate\\Container\\BoundMethod::callBoundMethod(Object(Illuminate\\Foundation\\Application), Array, Object(Closure))
#20 /Users/olasunkanmiarowolo/Documents/OAsis-RS/Archive/oasis-rpm/vendor/laravel/framework/src/Illuminate/Container/Container.php(662): Illuminate\\Container\\BoundMethod::call(Object(Illuminate\\Foundation\\Application), Array, Array, NULL)
#21 /Users/olasunkanmiarowolo/Documents/OAsis-RS/Archive/oasis-rpm/vendor/laravel/framework/src/Illuminate/Database/Seeder.php(184): Illuminate\\Container\\Container->call(Array, Array)
#22 /Users/olasunkanmiarowolo/Documents/OAsis-RS/Archive/oasis-rpm/vendor/laravel/framework/src/Illuminate/Database/Seeder.php(193): Illuminate\\Database\\Seeder->{closure:Illuminate\\Database\\Seeder::__invoke():183}()
#23 /Users/olasunkanmiarowolo/Documents/OAsis-RS/Archive/oasis-rpm/vendor/laravel/framework/src/Illuminate/Database/Console/Seeds/SeedCommand.php(70): Illuminate\\Database\\Seeder->__invoke()
#24 /Users/olasunkanmiarowolo/Documents/OAsis-RS/Archive/oasis-rpm/vendor/laravel/framework/src/Illuminate/Database/Eloquent/Concerns/GuardsAttributes.php(155): Illuminate\\Database\\Console\\Seeds\\SeedCommand->{closure:Illuminate\\Database\\Console\\Seeds\\SeedCommand::handle():69}()
#25 /Users/olasunkanmiarowolo/Documents/OAsis-RS/Archive/oasis-rpm/vendor/laravel/framework/src/Illuminate/Database/Console/Seeds/SeedCommand.php(69): Illuminate\\Database\\Eloquent\\Model::unguarded(Object(Closure))
#26 /Users/olasunkanmiarowolo/Documents/OAsis-RS/Archive/oasis-rpm/vendor/laravel/framework/src/Illuminate/Container/BoundMethod.php(36): Illuminate\\Database\\Console\\Seeds\\SeedCommand->handle()
#27 /Users/olasunkanmiarowolo/Documents/OAsis-RS/Archive/oasis-rpm/vendor/laravel/framework/src/Illuminate/Container/Util.php(41): Illuminate\\Container\\BoundMethod::{closure:Illuminate\\Container\\BoundMethod::call():35}()
#28 /Users/olasunkanmiarowolo/Documents/OAsis-RS/Archive/oasis-rpm/vendor/laravel/framework/src/Illuminate/Container/BoundMethod.php(93): Illuminate\\Container\\Util::unwrapIfClosure(Object(Closure))
#29 /Users/olasunkanmiarowolo/Documents/OAsis-RS/Archive/oasis-rpm/vendor/laravel/framework/src/Illuminate/Container/BoundMethod.php(35): Illuminate\\Container\\BoundMethod::callBoundMethod(Object(Illuminate\\Foundation\\Application), Array, Object(Closure))
#30 /Users/olasunkanmiarowolo/Documents/OAsis-RS/Archive/oasis-rpm/vendor/laravel/framework/src/Illuminate/Container/Container.php(662): Illuminate\\Container\\BoundMethod::call(Object(Illuminate\\Foundation\\Application), Array, Array, NULL)
#31 /Users/olasunkanmiarowolo/Documents/OAsis-RS/Archive/oasis-rpm/vendor/laravel/framework/src/Illuminate/Console/Command.php(211): Illuminate\\Container\\Container->call(Array)
#32 /Users/olasunkanmiarowolo/Documents/OAsis-RS/Archive/oasis-rpm/vendor/symfony/console/Command/Command.php(326): Illuminate\\Console\\Command->execute(Object(Symfony\\Component\\Console\\Input\\ArgvInput), Object(Illuminate\\Console\\OutputStyle))
#33 /Users/olasunkanmiarowolo/Documents/OAsis-RS/Archive/oasis-rpm/vendor/laravel/framework/src/Illuminate/Console/Command.php(180): Symfony\\Component\\Console\\Command\\Command->run(Object(Symfony\\Component\\Console\\Input\\ArgvInput), Object(Illuminate\\Console\\OutputStyle))
#34 /Users/olasunkanmiarowolo/Documents/OAsis-RS/Archive/oasis-rpm/vendor/symfony/console/Application.php(1121): Illuminate\\Console\\Command->run(Object(Symfony\\Component\\Console\\Input\\ArgvInput), Object(Symfony\\Component\\Console\\Output\\ConsoleOutput))
#35 /Users/olasunkanmiarowolo/Documents/OAsis-RS/Archive/oasis-rpm/vendor/symfony/console/Application.php(324): Symfony\\Component\\Console\\Application->doRunCommand(Object(Illuminate\\Database\\Console\\Seeds\\SeedCommand), Object(Symfony\\Component\\Console\\Input\\ArgvInput), Object(Symfony\\Component\\Console\\Output\\ConsoleOutput))
#36 /Users/olasunkanmiarowolo/Documents/OAsis-RS/Archive/oasis-rpm/vendor/symfony/console/Application.php(175): Symfony\\Component\\Console\\Application->doRun(Object(Symfony\\Component\\Console\\Input\\ArgvInput), Object(Symfony\\Component\\Console\\Output\\ConsoleOutput))
#37 /Users/olasunkanmiarowolo/Documents/OAsis-RS/Archive/oasis-rpm/vendor/laravel/framework/src/Illuminate/Foundation/Console/Kernel.php(201): Symfony\\Component\\Console\\Application->run(Object(Symfony\\Component\\Console\\Input\\ArgvInput), Object(Symfony\\Component\\Console\\Output\\ConsoleOutput))
#38 /Users/olasunkanmiarowolo/Documents/OAsis-RS/Archive/oasis-rpm/artisan(35): Illuminate\\Foundation\\Console\\Kernel->handle(Object(Symfony\\Component\\Console\\Input\\ArgvInput), Object(Symfony\\Component\\Console\\Output\\ConsoleOutput))
#39 {main}

[previous exception] [object] (PDOException(code: 23000): SQLSTATE[23000]: Integrity constraint violation: 19 UNIQUE constraint failed: universities.code at /Users/olasunkanmiarowolo/Documents/OAsis-RS/Archive/oasis-rpm/vendor/laravel/framework/src/Illuminate/Database/Connection.php:587)
[stacktrace]
#0 /Users/olasunkanmiarowolo/Documents/OAsis-RS/Archive/oasis-rpm/vendor/laravel/framework/src/Illuminate/Database/Connection.php(587): PDOStatement->execute()
#1 /Users/olasunkanmiarowolo/Documents/OAsis-RS/Archive/oasis-rpm/vendor/laravel/framework/src/Illuminate/Database/Connection.php(816): Illuminate\\Database\\Connection->{closure:Illuminate\\Database\\Connection::statement():576}('insert into \"un...', Array)
#2 /Users/olasunkanmiarowolo/Documents/OAsis-RS/Archive/oasis-rpm/vendor/laravel/framework/src/Illuminate/Database/Connection.php(783): Illuminate\\Database\\Connection->runQueryCallback('insert into \"un...', Array, Object(Closure))
#3 /Users/olasunkanmiarowolo/Documents/OAsis-RS/Archive/oasis-rpm/vendor/laravel/framework/src/Illuminate/Database/Connection.php(576): Illuminate\\Database\\Connection->run('insert into \"un...', Array, Object(Closure))
#4 /Users/olasunkanmiarowolo/Documents/OAsis-RS/Archive/oasis-rpm/vendor/laravel/framework/src/Illuminate/Database/Connection.php(540): Illuminate\\Database\\Connection->statement('insert into \"un...', Array)
#5 /Users/olasunkanmiarowolo/Documents/OAsis-RS/Archive/oasis-rpm/vendor/laravel/framework/src/Illuminate/Database/Query/Processors/Processor.php(32): Illuminate\\Database\\Connection->insert('insert into \"un...', Array)
#6 /Users/olasunkanmiarowolo/Documents/OAsis-RS/Archive/oasis-rpm/vendor/laravel/framework/src/Illuminate/Database/Query/Builder.php(3549): Illuminate\\Database\\Query\\Processors\\Processor->processInsertGetId(Object(Illuminate\\Database\\Query\\Builder), 'insert into \"un...', Array, 'id')
#7 /Users/olasunkanmiarowolo/Documents/OAsis-RS/Archive/oasis-rpm/vendor/laravel/framework/src/Illuminate/Database/Eloquent/Builder.php(1982): Illuminate\\Database\\Query\\Builder->insertGetId(Array, 'id')
#8 /Users/olasunkanmiarowolo/Documents/OAsis-RS/Archive/oasis-rpm/vendor/laravel/framework/src/Illuminate/Database/Eloquent/Model.php(1334): Illuminate\\Database\\Eloquent\\Builder->__call('insertGetId', Array)
#9 /Users/olasunkanmiarowolo/Documents/OAsis-RS/Archive/oasis-rpm/vendor/laravel/framework/src/Illuminate/Database/Eloquent/Model.php(1299): Illuminate\\Database\\Eloquent\\Model->insertAndSetId(Object(Illuminate\\Database\\Eloquent\\Builder), Array)
#10 /Users/olasunkanmiarowolo/Documents/OAsis-RS/Archive/oasis-rpm/vendor/laravel/framework/src/Illuminate/Database/Eloquent/Model.php(1138): Illuminate\\Database\\Eloquent\\Model->performInsert(Object(Illuminate\\Database\\Eloquent\\Builder))
#11 /Users/olasunkanmiarowolo/Documents/OAsis-RS/Archive/oasis-rpm/vendor/laravel/framework/src/Illuminate/Database/Eloquent/Builder.php(1025): Illuminate\\Database\\Eloquent\\Model->save()
#12 /Users/olasunkanmiarowolo/Documents/OAsis-RS/Archive/oasis-rpm/vendor/laravel/framework/src/Illuminate/Support/helpers.php(320): Illuminate\\Database\\Eloquent\\Builder->{closure:Illuminate\\Database\\Eloquent\\Builder::create():1024}(Object(App\\Models\\University))
#13 /Users/olasunkanmiarowolo/Documents/OAsis-RS/Archive/oasis-rpm/vendor/laravel/framework/src/Illuminate/Database/Eloquent/Builder.php(1024): tap(Object(App\\Models\\University), Object(Closure))
#14 /Users/olasunkanmiarowolo/Documents/OAsis-RS/Archive/oasis-rpm/vendor/laravel/framework/src/Illuminate/Support/Traits/ForwardsCalls.php(23): Illuminate\\Database\\Eloquent\\Builder->create(Array)
#15 /Users/olasunkanmiarowolo/Documents/OAsis-RS/Archive/oasis-rpm/vendor/laravel/framework/src/Illuminate/Database/Eloquent/Model.php(2335): Illuminate\\Database\\Eloquent\\Model->forwardCallTo(Object(Illuminate\\Database\\Eloquent\\Builder), 'create', Array)
#16 /Users/olasunkanmiarowolo/Documents/OAsis-RS/Archive/oasis-rpm/vendor/laravel/framework/src/Illuminate/Database/Eloquent/Model.php(2347): Illuminate\\Database\\Eloquent\\Model->__call('create', Array)
#17 /Users/olasunkanmiarowolo/Documents/OAsis-RS/Archive/oasis-rpm/database/seeders/UniversitySeeder.php(12): Illuminate\\Database\\Eloquent\\Model::__callStatic('create', Array)
#18 /Users/olasunkanmiarowolo/Documents/OAsis-RS/Archive/oasis-rpm/vendor/laravel/framework/src/Illuminate/Container/BoundMethod.php(36): Database\\Seeders\\UniversitySeeder->run()
#19 /Users/olasunkanmiarowolo/Documents/OAsis-RS/Archive/oasis-rpm/vendor/laravel/framework/src/Illuminate/Container/Util.php(41): Illuminate\\Container\\BoundMethod::{closure:Illuminate\\Container\\BoundMethod::call():35}()
#20 /Users/olasunkanmiarowolo/Documents/OAsis-RS/Archive/oasis-rpm/vendor/laravel/framework/src/Illuminate/Container/BoundMethod.php(93): Illuminate\\Container\\Util::unwrapIfClosure(Object(Closure))
#21 /Users/olasunkanmiarowolo/Documents/OAsis-RS/Archive/oasis-rpm/vendor/laravel/framework/src/Illuminate/Container/BoundMethod.php(35): Illuminate\\Container\\BoundMethod::callBoundMethod(Object(Illuminate\\Foundation\\Application), Array, Object(Closure))
#22 /Users/olasunkanmiarowolo/Documents/OAsis-RS/Archive/oasis-rpm/vendor/laravel/framework/src/Illuminate/Container/Container.php(662): Illuminate\\Container\\BoundMethod::call(Object(Illuminate\\Foundation\\Application), Array, Array, NULL)
#23 /Users/olasunkanmiarowolo/Documents/OAsis-RS/Archive/oasis-rpm/vendor/laravel/framework/src/Illuminate/Database/Seeder.php(184): Illuminate\\Container\\Container->call(Array, Array)
#24 /Users/olasunkanmiarowolo/Documents/OAsis-RS/Archive/oasis-rpm/vendor/laravel/framework/src/Illuminate/Database/Seeder.php(193): Illuminate\\Database\\Seeder->{closure:Illuminate\\Database\\Seeder::__invoke():183}()
#25 /Users/olasunkanmiarowolo/Documents/OAsis-RS/Archive/oasis-rpm/vendor/laravel/framework/src/Illuminate/Database/Console/Seeds/SeedCommand.php(70): Illuminate\\Database\\Seeder->__invoke()
#26 /Users/olasunkanmiarowolo/Documents/OAsis-RS/Archive/oasis-rpm/vendor/laravel/framework/src/Illuminate/Database/Eloquent/Concerns/GuardsAttributes.php(155): Illuminate\\Database\\Console\\Seeds\\SeedCommand->{closure:Illuminate\\Database\\Console\\Seeds\\SeedCommand::handle():69}()
#27 /Users/olasunkanmiarowolo/Documents/OAsis-RS/Archive/oasis-rpm/vendor/laravel/framework/src/Illuminate/Database/Console/Seeds/SeedCommand.php(69): Illuminate\\Database\\Eloquent\\Model::unguarded(Object(Closure))
#28 /Users/olasunkanmiarowolo/Documents/OAsis-RS/Archive/oasis-rpm/vendor/laravel/framework/src/Illuminate/Container/BoundMethod.php(36): Illuminate\\Database\\Console\\Seeds\\SeedCommand->handle()
#29 /Users/olasunkanmiarowolo/Documents/OAsis-RS/Archive/oasis-rpm/vendor/laravel/framework/src/Illuminate/Container/Util.php(41): Illuminate\\Container\\BoundMethod::{closure:Illuminate\\Container\\BoundMethod::call():35}()
#30 /Users/olasunkanmiarowolo/Documents/OAsis-RS/Archive/oasis-rpm/vendor/laravel/framework/src/Illuminate/Container/BoundMethod.php(93): Illuminate\\Container\\Util::unwrapIfClosure(Object(Closure))
#31 /Users/olasunkanmiarowolo/Documents/OAsis-RS/Archive/oasis-rpm/vendor/laravel/framework/src/Illuminate/Container/BoundMethod.php(35): Illuminate\\Container\\BoundMethod::callBoundMethod(Object(Illuminate\\Foundation\\Application), Array, Object(Closure))
#32 /Users/olasunkanmiarowolo/Documents/OAsis-RS/Archive/oasis-rpm/vendor/laravel/framework/src/Illuminate/Container/Container.php(662): Illuminate\\Container\\BoundMethod::call(Object(Illuminate\\Foundation\\Application), Array, Array, NULL)
#33 /Users/olasunkanmiarowolo/Documents/OAsis-RS/Archive/oasis-rpm/vendor/laravel/framework/src/Illuminate/Console/Command.php(211): Illuminate\\Container\\Container->call(Array)
#34 /Users/olasunkanmiarowolo/Documents/OAsis-RS/Archive/oasis-rpm/vendor/symfony/console/Command/Command.php(326): Illuminate\\Console\\Command->execute(Object(Symfony\\Component\\Console\\Input\\ArgvInput), Object(Illuminate\\Console\\OutputStyle))
#35 /Users/olasunkanmiarowolo/Documents/OAsis-RS/Archive/oasis-rpm/vendor/laravel/framework/src/Illuminate/Console/Command.php(180): Symfony\\Component\\Console\\Command\\Command->run(Object(Symfony\\Component\\Console\\Input\\ArgvInput), Object(Illuminate\\Console\\OutputStyle))
#36 /Users/olasunkanmiarowolo/Documents/OAsis-RS/Archive/oasis-rpm/vendor/symfony/console/Application.php(1121): Illuminate\\Console\\Command->run(Object(Symfony\\Component\\Console\\Input\\ArgvInput), Object(Symfony\\Component\\Console\\Output\\ConsoleOutput))
#37 /Users/olasunkanmiarowolo/Documents/OAsis-RS/Archive/oasis-rpm/vendor/symfony/console/Application.php(324): Symfony\\Component\\Console\\Application->doRunCommand(Object(Illuminate\\Database\\Console\\Seeds\\SeedCommand), Object(Symfony\\Component\\Console\\Input\\ArgvInput), Object(Symfony\\Component\\Console\\Output\\ConsoleOutput))
#38 /Users/olasunkanmiarowolo/Documents/OAsis-RS/Archive/oasis-rpm/vendor/symfony/console/Application.php(175): Symfony\\Component\\Console\\Application->doRun(Object(Symfony\\Component\\Console\\Input\\ArgvInput), Object(Symfony\\Component\\Console\\Output\\ConsoleOutput))
#39 /Users/olasunkanmiarowolo/Documents/OAsis-RS/Archive/oasis-rpm/vendor/laravel/framework/src/Illuminate/Foundation/Console/Kernel.php(201): Symfony\\Component\\Console\\Application->run(Object(Symfony\\Component\\Console\\Input\\ArgvInput), Object(Symfony\\Component\\Console\\Output\\ConsoleOutput))
#40 /Users/olasunkanmiarowolo/Documents/OAsis-RS/Archive/oasis-rpm/artisan(35): Illuminate\\Foundation\\Console\\Kernel->handle(Object(Symfony\\Component\\Console\\Input\\ArgvInput), Object(Symfony\\Component\\Console\\Output\\ConsoleOutput))
#41 {main}
"} 
[2026-09-22 08:22:07] local.ERROR: PHP Parse error: Syntax error, unexpected '=' on line 1 {"exception":"[object] (Psy\\Exception\\ParseErrorException(code: 0): PHP Parse error: Syntax error, unexpected '=' on line 1 at /Users/olasunkanmiarowolo/Documents/OAsis-RS/Archive/oasis-rpm/vendor/psy/psysh/src/Exception/ParseErrorException.php:44)
[stacktrace]
#0 /Users/olasunkanmiarowolo/Documents/OAsis-RS/Archive/oasis-rpm/vendor/psy/psysh/src/CodeCleaner.php(657): Psy\\Exception\\ParseErrorException::fromParseError(Object(PhpParser\\Error))
#1 /Users/olasunkanmiarowolo/Documents/OAsis-RS/Archive/oasis-rpm/vendor/psy/psysh/src/CodeCleaner.php(273): Psy\\CodeCleaner->parse('<?php  = \\\\App\\\\M...', false)
#2 /Users/olasunkanmiarowolo/Documents/OAsis-RS/Archive/oasis-rpm/vendor/psy/psysh/src/Shell.php(1399): Psy\\CodeCleaner->clean(Array, false)
#3 /Users/olasunkanmiarowolo/Documents/OAsis-RS/Archive/oasis-rpm/vendor/psy/psysh/src/Shell.php(1506): Psy\\Shell->appendCode(' = \\\\App\\\\Models\\\\...', true, false)
#4 /Users/olasunkanmiarowolo/Documents/OAsis-RS/Archive/oasis-rpm/vendor/psy/psysh/src/Shell.php(2215): Psy\\Shell->setCode(' = \\\\App\\\\Models\\\\...', true)
#5 /Users/olasunkanmiarowolo/Documents/OAsis-RS/Archive/oasis-rpm/vendor/laravel/tinker/src/Console/TinkerCommand.php(77): Psy\\Shell->execute(' = \\\\App\\\\Models\\\\...')
#6 /Users/olasunkanmiarowolo/Documents/OAsis-RS/Archive/oasis-rpm/vendor/laravel/framework/src/Illuminate/Container/BoundMethod.php(36): Laravel\\Tinker\\Console\\TinkerCommand->handle()
#7 /Users/olasunkanmiarowolo/Documents/OAsis-RS/Archive/oasis-rpm/vendor/laravel/framework/src/Illuminate/Container/Util.php(41): Illuminate\\Container\\BoundMethod::{closure:Illuminate\\Container\\BoundMethod::call():35}()
#8 /Users/olasunkanmiarowolo/Documents/OAsis-RS/Archive/oasis-rpm/vendor/laravel/framework/src/Illuminate/Container/BoundMethod.php(93): Illuminate\\Container\\Util::unwrapIfClosure(Object(Closure))
#9 /Users/olasunkanmiarowolo/Documents/OAsis-RS/Archive/oasis-rpm/vendor/laravel/framework/src/Illuminate/Container/BoundMethod.php(35): Illuminate\\Container\\BoundMethod::callBoundMethod(Object(Illuminate\\Foundation\\Application), Array, Object(Closure))
#10 /Users/olasunkanmiarowolo/Documents/OAsis-RS/Archive/oasis-rpm/vendor/laravel/framework/src/Illuminate/Container/Container.php(662): Illuminate\\Container\\BoundMethod::call(Object(Illuminate\\Foundation\\Application), Array, Array, NULL)
#11 /Users/olasunkanmiarowolo/Documents/OAsis-RS/Archive/oasis-rpm/vendor/laravel/framework/src/Illuminate/Console/Command.php(211): Illuminate\\Container\\Container->call(Array)
#12 /Users/olasunkanmiarowolo/Documents/OAsis-RS/Archive/oasis-rpm/vendor/symfony/console/Command/Command.php(326): Illuminate\\Console\\Command->execute(Object(Symfony\\Component\\Console\\Input\\ArgvInput), Object(Illuminate\\Console\\OutputStyle))
#13 /Users/olasunkanmiarowolo/Documents/OAsis-RS/Archive/oasis-rpm/vendor/laravel/framework/src/Illuminate/Console/Command.php(180): Symfony\\Component\\Console\\Command\\Command->run(Object(Symfony\\Component\\Console\\Input\\ArgvInput), Object(Illuminate\\Console\\OutputStyle))
#14 /Users/olasunkanmiarowolo/Documents/OAsis-RS/Archive/oasis-rpm/vendor/symfony/console/Application.php(1121): Illuminate\\Console\\Command->run(Object(Symfony\\Component\\Console\\Input\\ArgvInput), Object(Symfony\\Component\\Console\\Output\\ConsoleOutput))
#15 /Users/olasunkanmiarowolo/Documents/OAsis-RS/Archive/oasis-rpm/vendor/symfony/console/Application.php(324): Symfony\\Component\\Console\\Application->doRunCommand(Object(Laravel\\Tinker\\Console\\TinkerCommand), Object(Symfony\\Component\\Console\\Input\\ArgvInput), Object(Symfony\\Component\\Console\\Output\\ConsoleOutput))
#16 /Users/olasunkanmiarowolo/Documents/OAsis-RS/Archive/oasis-rpm/vendor/symfony/console/Application.php(175): Symfony\\Component\\Console\\Application->doRun(Object(Symfony\\Component\\Console\\Input\\ArgvInput), Object(Symfony\\Component\\Console\\Output\\ConsoleOutput))
#17 /Users/olasunkanmiarowolo/Documents/OAsis-RS/Archive/oasis-rpm/vendor/laravel/framework/src/Illuminate/Foundation/Console/Kernel.php(201): Symfony\\Component\\Console\\Application->run(Object(Symfony\\Component\\Console\\Input\\ArgvInput), Object(Symfony\\Component\\Console\\Output\\ConsoleOutput))
#18 /Users/olasunkanmiarowolo/Documents/OAsis-RS/Archive/oasis-rpm/artisan(35): Illuminate\\Foundation\\Console\\Kernel->handle(Object(Symfony\\Component\\Console\\Input\\ArgvInput), Object(Symfony\\Component\\Console\\Output\\ConsoleOutput))
#19 {main}
"} 
[2026-09-22 08:23:08] local.ERROR: Class "SupervisorController" does not exist {"exception":"[object] (ReflectionException(code: -1): Class \"SupervisorController\" does not exist at /Users/olasunkanmiarowolo/Documents/OAsis-RS/Archive/oasis-rpm/vendor/laravel/framework/src/Illuminate/Foundation/Console/RouteListCommand.php:225)
[stacktrace]
#0 /Users/olasunkanmiarowolo/Documents/OAsis-RS/Archive/oasis-rpm/vendor/laravel/framework/src/Illuminate/Foundation/Console/RouteListCommand.php(225): ReflectionClass->__construct('SupervisorContr...')
#1 /Users/olasunkanmiarowolo/Documents/OAsis-RS/Archive/oasis-rpm/vendor/laravel/framework/src/Illuminate/Foundation/Console/RouteListCommand.php(147): Illuminate\\Foundation\\Console\\RouteListCommand->isVendorRoute(Object(Illuminate\\Routing\\Route))
#2 /Users/olasunkanmiarowolo/Documents/OAsis-RS/Archive/oasis-rpm/vendor/laravel/framework/src/Illuminate/Foundation/Console/RouteListCommand.php(116): Illuminate\\Foundation\\Console\\RouteListCommand->getRouteInformation(Object(Illuminate\\Routing\\Route))
#3 [internal function]: Illuminate\\Foundation\\Console\\RouteListCommand->{closure:Illuminate\\Foundation\\Console\\RouteListCommand::getRoutes():115}(Object(Illuminate\\Routing\\Route), 139)
#4 /Users/olasunkanmiarowolo/Documents/OAsis-RS/Archive/oasis-rpm/vendor/laravel/framework/src/Illuminate/Collections/Arr.php(600): array_map(Object(Closure), Array, Array)
#5 /Users/olasunkanmiarowolo/Documents/OAsis-RS/Archive/oasis-rpm/vendor/laravel/framework/src/Illuminate/Collections/Collection.php(778): Illuminate\\Support\\Arr::map(Array, Object(Closure))
#6 /Users/olasunkanmiarowolo/Documents/OAsis-RS/Archive/oasis-rpm/vendor/laravel/framework/src/Illuminate/Foundation/Console/RouteListCommand.php(115): Illuminate\\Support\\Collection->map(Object(Closure))
#7 /Users/olasunkanmiarowolo/Documents/OAsis-RS/Archive/oasis-rpm/vendor/laravel/framework/src/Illuminate/Foundation/Console/RouteListCommand.php(101): Illuminate\\Foundation\\Console\\RouteListCommand->getRoutes()
#8 /Users/olasunkanmiarowolo/Documents/OAsis-RS/Archive/oasis-rpm/vendor/laravel/framework/src/Illuminate/Container/BoundMethod.php(36): Illuminate\\Foundation\\Console\\RouteListCommand->handle()
#9 /Users/olasunkanmiarowolo/Documents/OAsis-RS/Archive/oasis-rpm/vendor/laravel/framework/src/Illuminate/Container/Util.php(41): Illuminate\\Container\\BoundMethod::{closure:Illuminate\\Container\\BoundMethod::call():35}()
#10 /Users/olasunkanmiarowolo/Documents/OAsis-RS/Archive/oasis-rpm/vendor/laravel/framework/src/Illuminate/Container/BoundMethod.php(93): Illuminate\\Container\\Util::unwrapIfClosure(Object(Closure))
#11 /Users/olasunkanmiarowolo/Documents/OAsis-RS/Archive/oasis-rpm/vendor/laravel/framework/src/Illuminate/Container/BoundMethod.php(35): Illuminate\\Container\\BoundMethod::callBoundMethod(Object(Illuminate\\Foundation\\Application), Array, Object(Closure))
#12 /Users/olasunkanmiarowolo/Documents/OAsis-RS/Archive/oasis-rpm/vendor/laravel/framework/src/Illuminate/Container/Container.php(662): Illuminate\\Container\\BoundMethod::call(Object(Illuminate\\Foundation\\Application), Array, Array, NULL)
#13 /Users/olasunkanmiarowolo/Documents/OAsis-RS/Archive/oasis-rpm/vendor/laravel/framework/src/Illuminate/Console/Command.php(211): Illuminate\\Container\\Container->call(Array)
#14 /Users/olasunkanmiarowolo/Documents/OAsis-RS/Archive/oasis-rpm/vendor/symfony/console/Command/Command.php(326): Illuminate\\Console\\Command->execute(Object(Symfony\\Component\\Console\\Input\\ArgvInput), Object(Illuminate\\Console\\OutputStyle))
#15 /Users/olasunkanmiarowolo/Documents/OAsis-RS/Archive/oasis-rpm/vendor/laravel/framework/src/Illuminate/Console/Command.php(180): Symfony\\Component\\Console\\Command\\Command->run(Object(Symfony\\Component\\Console\\Input\\ArgvInput), Object(Illuminate\\Console\\OutputStyle))
#16 /Users/olasunkanmiarowolo/Documents/OAsis-RS/Archive/oasis-rpm/vendor/symfony/console/Application.php(1121): Illuminate\\Console\\Command->run(Object(Symfony\\Component\\Console\\Input\\ArgvInput), Object(Symfony\\Component\\Console\\Output\\ConsoleOutput))
#17 /Users/olasunkanmiarowolo/Documents/OAsis-RS/Archive/oasis-rpm/vendor/symfony/console/Application.php(324): Symfony\\Component\\Console\\Application->doRunCommand(Object(Illuminate\\Foundation\\Console\\RouteListCommand), Object(Symfony\\Component\\Console\\Input\\ArgvInput), Object(Symfony\\Component\\Console\\Output\\ConsoleOutput))
#18 /Users/olasunkanmiarowolo/Documents/OAsis-RS/Archive/oasis-rpm/vendor/symfony/console/Application.php(175): Symfony\\Component\\Console\\Application->doRun(Object(Symfony\\Component\\Console\\Input\\ArgvInput), Object(Symfony\\Component\\Console\\Output\\ConsoleOutput))
#19 /Users/olasunkanmiarowolo/Documents/OAsis-RS/Archive/oasis-rpm/vendor/laravel/framework/src/Illuminate/Foundation/Console/Kernel.php(201): Symfony\\Component\\Console\\Application->run(Object(Symfony\\Component\\Console\\Input\\ArgvInput), Object(Symfony\\Component\\Console\\Output\\ConsoleOutput))
#20 /Users/olasunkanmiarowolo/Documents/OAsis-RS/Archive/oasis-rpm/artisan(35): Illuminate\\Foundation\\Console\\Kernel->handle(Object(Symfony\\Component\\Console\\Input\\ArgvInput), Object(Symfony\\Component\\Console\\Output\\ConsoleOutput))
#21 {main}
"} 
[2026-09-22 08:23:19] local.ERROR: Class "SupervisorController" does not exist {"exception":"[object] (ReflectionException(code: -1): Class \"SupervisorController\" does not exist at /Users/olasunkanmiarowolo/Documents/OAsis-RS/Archive/oasis-rpm/vendor/laravel/framework/src/Illuminate/Foundation/Console/RouteListCommand.php:225)
[stacktrace]
#0 /Users/olasunkanmiarowolo/Documents/OAsis-RS/Archive/oasis-rpm/vendor/laravel/framework/src/Illuminate/Foundation/Console/RouteListCommand.php(225): ReflectionClass->__construct('SupervisorContr...')
#1 /Users/olasunkanmiarowolo/Documents/OAsis-RS/Archive/oasis-rpm/vendor/laravel/framework/src/Illuminate/Foundation/Console/RouteListCommand.php(147): Illuminate\\Foundation\\Console\\RouteListCommand->isVendorRoute(Object(Illuminate\\Routing\\Route))
#2 /Users/olasunkanmiarowolo/Documents/OAsis-RS/Archive/oasis-rpm/vendor/laravel/framework/src/Illuminate/Foundation/Console/RouteListCommand.php(116): Illuminate\\Foundation\\Console\\RouteListCommand->getRouteInformation(Object(Illuminate\\Routing\\Route))
#3 [internal function]: Illuminate\\Foundation\\Console\\RouteListCommand->{closure:Illuminate\\Foundation\\Console\\RouteListCommand::getRoutes():115}(Object(Illuminate\\Routing\\Route), 138)
#4 /Users/olasunkanmiarowolo/Documents/OAsis-RS/Archive/oasis-rpm/vendor/laravel/framework/src/Illuminate/Collections/Arr.php(600): array_map(Object(Closure), Array, Array)
#5 /Users/olasunkanmiarowolo/Documents/OAsis-RS/Archive/oasis-rpm/vendor/laravel/framework/src/Illuminate/Collections/Collection.php(778): Illuminate\\Support\\Arr::map(Array, Object(Closure))
#6 /Users/olasunkanmiarowolo/Documents/OAsis-RS/Archive/oasis-rpm/vendor/laravel/framework/src/Illuminate/Foundation/Console/RouteListCommand.php(115): Illuminate\\Support\\Collection->map(Object(Closure))
#7 /Users/olasunkanmiarowolo/Documents/OAsis-RS/Archive/oasis-rpm/vendor/laravel/framework/src/Illuminate/Foundation/Console/RouteListCommand.php(101): Illuminate\\Foundation\\Console\\RouteListCommand->getRoutes()
#8 /Users/olasunkanmiarowolo/Documents/OAsis-RS/Archive/oasis-rpm/vendor/laravel/framework/src/Illuminate/Container/BoundMethod.php(36): Illuminate\\Foundation\\Console\\RouteListCommand->handle()
#9 /Users/olasunkanmiarowolo/Documents/OAsis-RS/Archive/oasis-rpm/vendor/laravel/framework/src/Illuminate/Container/Util.php(41): Illuminate\\Container\\BoundMethod::{closure:Illuminate\\Container\\BoundMethod::call():35}()
#10 /Users/olasunkanmiarowolo/Documents/OAsis-RS/Archive/oasis-rpm/vendor/laravel/framework/src/Illuminate/Container/BoundMethod.php(93): Illuminate\\Container\\Util::unwrapIfClosure(Object(Closure))
#11 /Users/olasunkanmiarowolo/Documents/OAsis-RS/Archive/oasis-rpm/vendor/laravel/framework/src/Illuminate/Container/BoundMethod.php(35): Illuminate\\Container\\BoundMethod::callBoundMethod(Object(Illuminate\\Foundation\\Application), Array, Object(Closure))
#12 /Users/olasunkanmiarowolo/Documents/OAsis-RS/Archive/oasis-rpm/vendor/laravel/framework/src/Illuminate/Container/Container.php(662): Illuminate\\Container\\BoundMethod::call(Object(Illuminate\\Foundation\\Application), Array, Array, NULL)
#13 /Users/olasunkanmiarowolo/Documents/OAsis-RS/Archive/oasis-rpm/vendor/laravel/framework/src/Illuminate/Console/Command.php(211): Illuminate\\Container\\Container->call(Array)
#14 /Users/olasunkanmiarowolo/Documents/OAsis-RS/Archive/oasis-rpm/vendor/symfony/console/Command/Command.php(326): Illuminate\\Console\\Command->execute(Object(Symfony\\Component\\Console\\Input\\ArgvInput), Object(Illuminate\\Console\\OutputStyle))
#15 /Users/olasunkanmiarowolo/Documents/OAsis-RS/Archive/oasis-rpm/vendor/laravel/framework/src/Illuminate/Console/Command.php(180): Symfony\\Component\\Console\\Command\\Command->run(Object(Symfony\\Component\\Console\\Input\\ArgvInput), Object(Illuminate\\Console\\OutputStyle))
#16 /Users/olasunkanmiarowolo/Documents/OAsis-RS/Archive/oasis-rpm/vendor/symfony/console/Application.php(1121): Illuminate\\Console\\Command->run(Object(Symfony\\Component\\Console\\Input\\ArgvInput), Object(Symfony\\Component\\Console\\Output\\ConsoleOutput))
#17 /Users/olasunkanmiarowolo/Documents/OAsis-RS/Archive/oasis-rpm/vendor/symfony/console/Application.php(324): Symfony\\Component\\Console\\Application->doRunCommand(Object(Illuminate\\Foundation\\Console\\RouteListCommand), Object(Symfony\\Component\\Console\\Input\\ArgvInput), Object(Symfony\\Component\\Console\\Output\\ConsoleOutput))
#18 /Users/olasunkanmiarowolo/Documents/OAsis-RS/Archive/oasis-rpm/vendor/symfony/console/Application.php(175): Symfony\\Component\\Console\\Application->doRun(Object(Symfony\\Component\\Console\\Input\\ArgvInput), Object(Symfony\\Component\\Console\\Output\\ConsoleOutput))
#19 /Users/olasunkanmiarowolo/Documents/OAsis-RS/Archive/oasis-rpm/vendor/laravel/framework/src/Illuminate/Foundation/Console/Kernel.php(201): Symfony\\Component\\Console\\Application->run(Object(Symfony\\Component\\Console\\Input\\ArgvInput), Object(Symfony\\Component\\Console\\Output\\ConsoleOutput))
#20 /Users/olasunkanmiarowolo/Documents/OAsis-RS/Archive/oasis-rpm/artisan(35): Illuminate\\Foundation\\Console\\Kernel->handle(Object(Symfony\\Component\\Console\\Input\\ArgvInput), Object(Symfony\\Component\\Console\\Output\\ConsoleOutput))
#21 {main}
"} 
[2026-09-22 08:25:21] local.WARNING: Email notification failed: Connection could not be established with host "ssl://mail.afriscribe.org:465": stream_socket_client(): SSL operation failed with code 1. OpenSSL Error messages:
error:0A00010B:SSL routines::wrong version number  
[2026-09-22 08:29:05] local.ERROR: Class "SupervisorController" does not exist {"exception":"[object] (ReflectionException(code: -1): Class \"SupervisorController\" does not exist at /Users/olasunkanmiarowolo/Documents/OAsis-RS/Archive/oasis-rpm/vendor/laravel/framework/src/Illuminate/Foundation/Console/RouteListCommand.php:225)
[stacktrace]
#0 /Users/olasunkanmiarowolo/Documents/OAsis-RS/Archive/oasis-rpm/vendor/laravel/framework/src/Illuminate/Foundation/Console/RouteListCommand.php(225): ReflectionClass->__construct('SupervisorContr...')
#1 /Users/olasunkanmiarowolo/Documents/OAsis-RS/Archive/oasis-rpm/vendor/laravel/framework/src/Illuminate/Foundation/Console/RouteListCommand.php(147): Illuminate\\Foundation\\Console\\RouteListCommand->isVendorRoute(Object(Illuminate\\Routing\\Route))
#2 /Users/olasunkanmiarowolo/Documents/OAsis-RS/Archive/oasis-rpm/vendor/laravel/framework/src/Illuminate/Foundation/Console/RouteListCommand.php(116): Illuminate\\Foundation\\Console\\RouteListCommand->getRouteInformation(Object(Illuminate\\Routing\\Route))
#3 [internal function]: Illuminate\\Foundation\\Console\\RouteListCommand->{closure:Illuminate\\Foundation\\Console\\RouteListCommand::getRoutes():115}(Object(Illuminate\\Routing\\Route), 138)
#4 /Users/olasunkanmiarowolo/Documents/OAsis-RS/Archive/oasis-rpm/vendor/laravel/framework/src/Illuminate/Collections/Arr.php(600): array_map(Object(Closure), Array, Array)
#5 /Users/olasunkanmiarowolo/Documents/OAsis-RS/Archive/oasis-rpm/vendor/laravel/framework/src/Illuminate/Collections/Collection.php(778): Illuminate\\Support\\Arr::map(Array, Object(Closure))
#6 /Users/olasunkanmiarowolo/Documents/OAsis-RS/Archive/oasis-rpm/vendor/laravel/framework/src/Illuminate/Foundation/Console/RouteListCommand.php(115): Illuminate\\Support\\Collection->map(Object(Closure))
#7 /Users/olasunkanmiarowolo/Documents/OAsis-RS/Archive/oasis-rpm/vendor/laravel/framework/src/Illuminate/Foundation/Console/RouteListCommand.php(101): Illuminate\\Foundation\\Console\\RouteListCommand->getRoutes()
#8 /Users/olasunkanmiarowolo/Documents/OAsis-RS/Archive/oasis-rpm/vendor/laravel/framework/src/Illuminate/Container/BoundMethod.php(36): Illuminate\\Foundation\\Console\\RouteListCommand->handle()
#9 /Users/olasunkanmiarowolo/Documents/OAsis-RS/Archive/oasis-rpm/vendor/laravel/framework/src/Illuminate/Container/Util.php(41): Illuminate\\Container\\BoundMethod::{closure:Illuminate\\Container\\BoundMethod::call():35}()
#10 /Users/olasunkanmiarowolo/Documents/OAsis-RS/Archive/oasis-rpm/vendor/laravel/framework/src/Illuminate/Container/BoundMethod.php(93): Illuminate\\Container\\Util::unwrapIfClosure(Object(Closure))
#11 /Users/olasunkanmiarowolo/Documents/OAsis-RS/Archive/oasis-rpm/vendor/laravel/framework/src/Illuminate/Container/BoundMethod.php(35): Illuminate\\Container\\BoundMethod::callBoundMethod(Object(Illuminate\\Foundation\\Application), Array, Object(Closure))
#12 /Users/olasunkanmiarowolo/Documents/OAsis-RS/Archive/oasis-rpm/vendor/laravel/framework/src/Illuminate/Container/Container.php(662): Illuminate\\Container\\BoundMethod::call(Object(Illuminate\\Foundation\\Application), Array, Array, NULL)
#13 /Users/olasunkanmiarowolo/Documents/OAsis-RS/Archive/oasis-rpm/vendor/laravel/framework/src/Illuminate/Console/Command.php(211): Illuminate\\Container\\Container->call(Array)
#14 /Users/olasunkanmiarowolo/Documents/OAsis-RS/Archive/oasis-rpm/vendor/symfony/console/Command/Command.php(326): Illuminate\\Console\\Command->execute(Object(Symfony\\Component\\Console\\Input\\ArgvInput), Object(Illuminate\\Console\\OutputStyle))
#15 /Users/olasunkanmiarowolo/Documents/OAsis-RS/Archive/oasis-rpm/vendor/laravel/framework/src/Illuminate/Console/Command.php(180): Symfony\\Component\\Console\\Command\\Command->run(Object(Symfony\\Component\\Console\\Input\\ArgvInput), Object(Illuminate\\Console\\OutputStyle))
#16 /Users/olasunkanmiarowolo/Documents/OAsis-RS/Archive/oasis-rpm/vendor/symfony/console/Application.php(1121): Illuminate\\Console\\Command->run(Object(Symfony\\Component\\Console\\Input\\ArgvInput), Object(Symfony\\Component\\Console\\Output\\ConsoleOutput))
#17 /Users/olasunkanmiarowolo/Documents/OAsis-RS/Archive/oasis-rpm/vendor/symfony/console/Application.php(324): Symfony\\Component\\Console\\Application->doRunCommand(Object(Illuminate\\Foundation\\Console\\RouteListCommand), Object(Symfony\\Component\\Console\\Input\\ArgvInput), Object(Symfony\\Component\\Console\\Output\\ConsoleOutput))
#18 /Users/olasunkanmiarowolo/Documents/OAsis-RS/Archive/oasis-rpm/vendor/symfony/console/Application.php(175): Symfony\\Component\\Console\\Application->doRun(Object(Symfony\\Component\\Console\\Input\\ArgvInput), Object(Symfony\\Component\\Console\\Output\\ConsoleOutput))
#19 /Users/olasunkanmiarowolo/Documents/OAsis-RS/Archive/oasis-rpm/vendor/laravel/framework/src/Illuminate/Foundation/Console/Kernel.php(201): Symfony\\Component\\Console\\Application->run(Object(Symfony\\Component\\Console\\Input\\ArgvInput), Object(Symfony\\Component\\Console\\Output\\ConsoleOutput))
#20 /Users/olasunkanmiarowolo/Documents/OAsis-RS/Archive/oasis-rpm/artisan(35): Illuminate\\Foundation\\Console\\Kernel->handle(Object(Symfony\\Component\\Console\\Input\\ArgvInput), Object(Symfony\\Component\\Console\\Output\\ConsoleOutput))
#21 {main}
"} 
[2026-09-22 08:31:52] local.ERROR: Demo request email failed: htmlspecialchars(): Argument #1 ($string) must be of type string, Illuminate\Mail\Message given (View: /Users/olasunkanmiarowolo/Documents/OAsis-RS/Archive/oasis-rpm/resources/views/emails/portal/demo-request.blade.php) {"request":{"name":"Olasunkanmi Sunday Arowolo","email":"olasunkanmiarowolo@gmail.com","university_code":"LASU","department":"sss","notes":"Test demo request"},"error":"htmlspecialchars(): Argument #1 ($string) must be of type string, Illuminate\\Mail\\Message given (View: /Users/olasunkanmiarowolo/Documents/OAsis-RS/Archive/oasis-rpm/resources/views/emails/portal/demo-request.blade.php)"} 
[2026-09-22 08:40:37] local.ERROR: Class "SupervisorController" does not exist {"exception":"[object] (ReflectionException(code: -1): Class \"SupervisorController\" does not exist at /Users/olasunkanmiarowolo/Documents/OAsis-RS/Archive/oasis-rpm/vendor/laravel/framework/src/Illuminate/Foundation/Console/RouteListCommand.php:225)
[stacktrace]
#0 /Users/olasunkanmiarowolo/Documents/OAsis-RS/Archive/oasis-rpm/vendor/laravel/framework/src/Illuminate/Foundation/Console/RouteListCommand.php(225): ReflectionClass->__construct('SupervisorContr...')
#1 /Users/olasunkanmiarowolo/Documents/OAsis-RS/Archive/oasis-rpm/vendor/laravel/framework/src/Illuminate/Foundation/Console/RouteListCommand.php(147): Illuminate\\Foundation\\Console\\RouteListCommand->isVendorRoute(Object(Illuminate\\Routing\\Route))
#2 /Users/olasunkanmiarowolo/Documents/OAsis-RS/Archive/oasis-rpm/vendor/laravel/framework/src/Illuminate/Foundation/Console/RouteListCommand.php(116): Illuminate\\Foundation\\Console\\RouteListCommand->getRouteInformation(Object(Illuminate\\Routing\\Route))
#3 [internal function]: Illuminate\\Foundation\\Console\\RouteListCommand->{closure:Illuminate\\Foundation\\Console\\RouteListCommand::getRoutes():115}(Object(Illuminate\\Routing\\Route), 138)
#4 /Users/olasunkanmiarowolo/Documents/OAsis-RS/Archive/oasis-rpm/vendor/laravel/framework/src/Illuminate/Collections/Arr.php(600): array_map(Object(Closure), Array, Array)
#5 /Users/olasunkanmiarowolo/Documents/OAsis-RS/Archive/oasis-rpm/vendor/laravel/framework/src/Illuminate/Collections/Collection.php(778): Illuminate\\Support\\Arr::map(Array, Object(Closure))
#6 /Users/olasunkanmiarowolo/Documents/OAsis-RS/Archive/oasis-rpm/vendor/laravel/framework/src/Illuminate/Foundation/Console/RouteListCommand.php(115): Illuminate\\Support\\Collection->map(Object(Closure))
#7 /Users/olasunkanmiarowolo/Documents/OAsis-RS/Archive/oasis-rpm/vendor/laravel/framework/src/Illuminate/Foundation/Console/RouteListCommand.php(101): Illuminate\\Foundation\\Console\\RouteListCommand->getRoutes()
#8 /Users/olasunkanmiarowolo/Documents/OAsis-RS/Archive/oasis-rpm/vendor/laravel/framework/src/Illuminate/Container/BoundMethod.php(36): Illuminate\\Foundation\\Console\\RouteListCommand->handle()
#9 /Users/olasunkanmiarowolo/Documents/OAsis-RS/Archive/oasis-rpm/vendor/laravel/framework/src/Illuminate/Container/Util.php(41): Illuminate\\Container\\BoundMethod::{closure:Illuminate\\Container\\BoundMethod::call():35}()
#10 /Users/olasunkanmiarowolo/Documents/OAsis-RS/Archive/oasis-rpm/vendor/laravel/framework/src/Illuminate/Container/BoundMethod.php(93): Illuminate\\Container\\Util::unwrapIfClosure(Object(Closure))
#11 /Users/olasunkanmiarowolo/Documents/OAsis-RS/Archive/oasis-rpm/vendor/laravel/framework/src/Illuminate/Container/BoundMethod.php(35): Illuminate\\Container\\BoundMethod::callBoundMethod(Object(Illuminate\\Foundation\\Application), Array, Object(Closure))
#12 /Users/olasunkanmiarowolo/Documents/OAsis-RS/Archive/oasis-rpm/vendor/laravel/framework/src/Illuminate/Container/Container.php(662): Illuminate\\Container\\BoundMethod::call(Object(Illuminate\\Foundation\\Application), Array, Array, NULL)
#13 /Users/olasunkanmiarowolo/Documents/OAsis-RS/Archive/oasis-rpm/vendor/laravel/framework/src/Illuminate/Console/Command.php(211): Illuminate\\Container\\Container->call(Array)
#14 /Users/olasunkanmiarowolo/Documents/OAsis-RS/Archive/oasis-rpm/vendor/symfony/console/Command/Command.php(326): Illuminate\\Console\\Command->execute(Object(Symfony\\Component\\Console\\Input\\ArgvInput), Object(Illuminate\\Console\\OutputStyle))
#15 /Users/olasunkanmiarowolo/Documents/OAsis-RS/Archive/oasis-rpm/vendor/laravel/framework/src/Illuminate/Console/Command.php(180): Symfony\\Component\\Console\\Command\\Command->run(Object(Symfony\\Component\\Console\\Input\\ArgvInput), Object(Illuminate\\Console\\OutputStyle))
#16 /Users/olasunkanmiarowolo/Documents/OAsis-RS/Archive/oasis-rpm/vendor/symfony/console/Application.php(1121): Illuminate\\Console\\Command->run(Object(Symfony\\Component\\Console\\Input\\ArgvInput), Object(Symfony\\Component\\Console\\Output\\ConsoleOutput))
#17 /Users/olasunkanmiarowolo/Documents/OAsis-RS/Archive/oasis-rpm/vendor/symfony/console/Application.php(324): Symfony\\Component\\Console\\Application->doRunCommand(Object(Illuminate\\Foundation\\Console\\RouteListCommand), Object(Symfony\\Component\\Console\\Input\\ArgvInput), Object(Symfony\\Component\\Console\\Output\\ConsoleOutput))
#18 /Users/olasunkanmiarowolo/Documents/OAsis-RS/Archive/oasis-rpm/vendor/symfony/console/Application.php(175): Symfony\\Component\\Console\\Application->doRun(Object(Symfony\\Component\\Console\\Input\\ArgvInput), Object(Symfony\\Component\\Console\\Output\\ConsoleOutput))
#19 /Users/olasunkanmiarowolo/Documents/OAsis-RS/Archive/oasis-rpm/vendor/laravel/framework/src/Illuminate/Foundation/Console/Kernel.php(201): Symfony\\Component\\Console\\Application->run(Object(Symfony\\Component\\Console\\Input\\ArgvInput), Object(Symfony\\Component\\Console\\Output\\ConsoleOutput))
#20 /Users/olasunkanmiarowolo/Documents/OAsis-RS/Archive/oasis-rpm/artisan(35): Illuminate\\Foundation\\Console\\Kernel->handle(Object(Symfony\\Component\\Console\\Input\\ArgvInput), Object(Symfony\\Component\\Console\\Output\\ConsoleOutput))
#21 {main}
"} 
[2026-09-22 08:40:42] local.ERROR: Class "SupervisorController" does not exist {"exception":"[object] (ReflectionException(code: -1): Class \"SupervisorController\" does not exist at /Users/olasunkanmiarowolo/Documents/OAsis-RS/Archive/oasis-rpm/vendor/laravel/framework/src/Illuminate/Foundation/Console/RouteListCommand.php:225)
[stacktrace]
#0 /Users/olasunkanmiarowolo/Documents/OAsis-RS/Archive/oasis-rpm/vendor/laravel/framework/src/Illuminate/Foundation/Console/RouteListCommand.php(225): ReflectionClass->__construct('SupervisorContr...')
#1 /Users/olasunkanmiarowolo/Documents/OAsis-RS/Archive/oasis-rpm/vendor/laravel/framework/src/Illuminate/Foundation/Console/RouteListCommand.php(147): Illuminate\\Foundation\\Console\\RouteListCommand->isVendorRoute(Object(Illuminate\\Routing\\Route))
#2 /Users/olasunkanmiarowolo/Documents/OAsis-RS/Archive/oasis-rpm/vendor/laravel/framework/src/Illuminate/Foundation/Console/RouteListCommand.php(116): Illuminate\\Foundation\\Console\\RouteListCommand->getRouteInformation(Object(Illuminate\\Routing\\Route))
#3 [internal function]: Illuminate\\Foundation\\Console\\RouteListCommand->{closure:Illuminate\\Foundation\\Console\\RouteListCommand::getRoutes():115}(Object(Illuminate\\Routing\\Route), 138)
#4 /Users/olasunkanmiarowolo/Documents/OAsis-RS/Archive/oasis-rpm/vendor/laravel/framework/src/Illuminate/Collections/Arr.php(600): array_map(Object(Closure), Array, Array)
#5 /Users/olasunkanmiarowolo/Documents/OAsis-RS/Archive/oasis-rpm/vendor/laravel/framework/src/Illuminate/Collections/Collection.php(778): Illuminate\\Support\\Arr::map(Array, Object(Closure))
#6 /Users/olasunkanmiarowolo/Documents/OAsis-RS/Archive/oasis-rpm/vendor/laravel/framework/src/Illuminate/Foundation/Console/RouteListCommand.php(115): Illuminate\\Support\\Collection->map(Object(Closure))
#7 /Users/olasunkanmiarowolo/Documents/OAsis-RS/Archive/oasis-rpm/vendor/laravel/framework/src/Illuminate/Foundation/Console/RouteListCommand.php(101): Illuminate\\Foundation\\Console\\RouteListCommand->getRoutes()
#8 /Users/olasunkanmiarowolo/Documents/OAsis-RS/Archive/oasis-rpm/vendor/laravel/framework/src/Illuminate/Container/BoundMethod.php(36): Illuminate\\Foundation\\Console\\RouteListCommand->handle()
#9 /Users/olasunkanmiarowolo/Documents/OAsis-RS/Archive/oasis-rpm/vendor/laravel/framework/src/Illuminate/Container/Util.php(41): Illuminate\\Container\\BoundMethod::{closure:Illuminate\\Container\\BoundMethod::call():35}()
#10 /Users/olasunkanmiarowolo/Documents/OAsis-RS/Archive/oasis-rpm/vendor/laravel/framework/src/Illuminate/Container/BoundMethod.php(93): Illuminate\\Container\\Util::unwrapIfClosure(Object(Closure))
#11 /Users/olasunkanmiarowolo/Documents/OAsis-RS/Archive/oasis-rpm/vendor/laravel/framework/src/Illuminate/Container/BoundMethod.php(35): Illuminate\\Container\\BoundMethod::callBoundMethod(Object(Illuminate\\Foundation\\Application), Array, Object(Closure))
#12 /Users/olasunkanmiarowolo/Documents/OAsis-RS/Archive/oasis-rpm/vendor/laravel/framework/src/Illuminate/Container/Container.php(662): Illuminate\\Container\\BoundMethod::call(Object(Illuminate\\Foundation\\Application), Array, Array, NULL)
#13 /Users/olasunkanmiarowolo/Documents/OAsis-RS/Archive/oasis-rpm/vendor/laravel/framework/src/Illuminate/Console/Command.php(211): Illuminate\\Container\\Container->call(Array)
#14 /Users/olasunkanmiarowolo/Documents/OAsis-RS/Archive/oasis-rpm/vendor/symfony/console/Command/Command.php(326): Illuminate\\Console\\Command->execute(Object(Symfony\\Component\\Console\\Input\\ArgvInput), Object(Illuminate\\Console\\OutputStyle))
#15 /Users/olasunkanmiarowolo/Documents/OAsis-RS/Archive/oasis-rpm/vendor/laravel/framework/src/Illuminate/Console/Command.php(180): Symfony\\Component\\Console\\Command\\Command->run(Object(Symfony\\Component\\Console\\Input\\ArgvInput), Object(Illuminate\\Console\\OutputStyle))
#16 /Users/olasunkanmiarowolo/Documents/OAsis-RS/Archive/oasis-rpm/vendor/symfony/console/Application.php(1121): Illuminate\\Console\\Command->run(Object(Symfony\\Component\\Console\\Input\\ArgvInput), Object(Symfony\\Component\\Console\\Output\\ConsoleOutput))
#17 /Users/olasunkanmiarowolo/Documents/OAsis-RS/Archive/oasis-rpm/vendor/symfony/console/Application.php(324): Symfony\\Component\\Console\\Application->doRunCommand(Object(Illuminate\\Foundation\\Console\\RouteListCommand), Object(Symfony\\Component\\Console\\Input\\ArgvInput), Object(Symfony\\Component\\Console\\Output\\ConsoleOutput))
#18 /Users/olasunkanmiarowolo/Documents/OAsis-RS/Archive/oasis-rpm/vendor/symfony/console/Application.php(175): Symfony\\Component\\Console\\Application->doRun(Object(Symfony\\Component\\Console\\Input\\ArgvInput), Object(Symfony\\Component\\Console\\Output\\ConsoleOutput))
#19 /Users/olasunkanmiarowolo/Documents/OAsis-RS/Archive/oasis-rpm/vendor/laravel/framework/src/Illuminate/Foundation/Console/Kernel.php(201): Symfony\\Component\\Console\\Application->run(Object(Symfony\\Component\\Console\\Input\\ArgvInput), Object(Symfony\\Component\\Console\\Output\\ConsoleOutput))
#20 /Users/olasunkanmiarowolo/Documents/OAsis-RS/Archive/oasis-rpm/artisan(35): Illuminate\\Foundation\\Console\\Kernel->handle(Object(Symfony\\Component\\Console\\Input\\ArgvInput), Object(Symfony\\Component\\Console\\Output\\ConsoleOutput))
#21 {main}
"} 
